customerID,Gender_Label,SeniorCitizen,Partner,Dependents,tenure,Contract,PaymentMethod,MonthlyCharges,TotalCharges,CLV,Churn,Churn_Rate,RF_Churn_Prob,Log_Churn_Prob,XGB_Churn_Prob
7590-VHVEG,Female,0,1,0,1,Month-to-month,2,29.85,2505,29.85,0,0.2654,0.26,0.58038375,70%
5575-GNVDE,Male,0,0,0,34,One year,3,56.95,1466,1936.3,0,0.2654,0.005,0.0476715,2%
3668-QPYBK,Male,0,0,0,2,Month-to-month,3,53.85,157,107.7,1,0.2654,0.825,0.272675006,59%
7795-CFOCW,Male,0,0,0,45,One year,0,42.3,1400,1903.5,0,0.2654,0.01,0.031232236,1%
9237-HQITU,Female,0,0,0,2,Month-to-month,2,70.7,925,141.4,1,0.2654,0.805,0.637255908,68%
9305-CDSKC,Female,0,0,0,8,Month-to-month,2,99.65,6104,797.2,1,0.2654,0.94,0.787174024,88%
1452-KIOVK,Male,0,0,1,22,Month-to-month,1,89.1,1550,1960.2,0,0.2654,0.195,0.480656517,25%
6713-OKOMC,Female,0,0,0,10,Month-to-month,3,29.75,2609,297.5,0,0.2654,0.065,0.343104858,14%
7892-POOKP,Female,0,1,0,28,Month-to-month,2,104.8,2646,2934.4,1,0.2654,0.665,0.574250797,70%
6388-TABGU,Male,0,0,1,62,One year,0,56.15,3022,3481.3,0,0.2654,0.02,0.011141327,1%
9763-GRSKD,Male,0,1,1,13,Month-to-month,3,49.95,4823,649.35,0,0.2654,0.035,0.247278527,11%
7469-LKBCI,Male,0,0,0,16,Two year,1,18.95,2836,303.2,0,0.2654,0.025,0.024666229,1%
8091-TTVAX,Male,0,1,0,58,One year,1,100.35,4693,5820.3,0,0.2654,0.12,0.221245303,31%
0280-XJGEX,Male,0,0,0,49,Month-to-month,0,103.7,4265,5081.3,1,0.2654,0.86,0.448094693,57%
5129-JLPIS,Male,0,0,0,25,Month-to-month,2,105.5,2337,2637.5,0,0.2654,0.335,0.396351684,56%
3655-SNQYZ,Female,0,1,1,69,Two year,1,113.25,5959,7814.25,0,0.2654,0.045,0.03702735,3%
8191-XWSZG,Female,0,0,0,52,One year,3,20.65,46,1073.8,0,0.2654,0.025,0.010612696,1%
9959-WOFKT,Male,0,0,1,71,Two year,0,106.7,5704,7575.7,0,0.2654,0.13,0.051254313,24%
4190-MFLUW,Female,0,1,1,10,Month-to-month,1,55.2,4416,552,1,0.2654,0.7,0.212910121,28%
4183-MYFRB,Female,0,0,0,21,Month-to-month,2,90.05,1433,1891.05,0,0.2654,0.46,0.516178838,49%
8779-QRDMV,Male,1,0,0,1,Month-to-month,2,39.65,3340,39.65,1,0.2654,0.975,0.709021674,94%
1680-VDCWW,Male,0,1,0,12,One year,0,19.8,1651,237.6,0,0.2654,0.01,0.05911951,3%
1066-JKSGK,Male,0,0,0,1,Month-to-month,3,20.15,1609,20.15,1,0.2654,0.938321429,0.204644169,49%
3638-WEABW,Female,0,1,0,58,Two year,1,59.9,3041,3474.2,0,0.2654,0.045,0.016421152,2%
6322-HRPFA,Male,0,1,1,49,Month-to-month,1,59.6,2567,2920.4,0,0.2654,0.03,0.02880691,15%
6865-JZNKO,Female,0,0,0,30,Month-to-month,0,55.3,959,1659,0,0.2654,0.065,0.111606298,14%
6467-CHFZW,Male,0,1,1,47,Month-to-month,2,99.35,4019,4669.45,1,0.2654,0.44,0.445594407,59%
8665-UTDHZ,Male,0,1,1,1,Month-to-month,2,30.2,2592,30.2,1,0.2654,0.805,0.447047028,73%
5248-YGIJN,Male,0,1,0,72,Two year,1,90.25,5135,6498,0,0.2654,0,0.016776808,0%
8773-HHUOZ,Female,0,0,1,17,Month-to-month,3,64.7,184,1099.9,1,0.2654,0.68,0.372138391,33%
3841-NFECX,Female,1,1,0,71,Two year,1,96.35,5354,6840.85,0,0.2654,0.01,0.0344361,1%
4929-XIHVW,Male,1,1,0,2,Month-to-month,1,95.5,1360,191,0,0.2654,0.83,0.749616268,81%
6827-IEAUQ,Female,0,1,1,27,One year,3,66.15,1449,1786.05,0,0.2654,0.05,0.033803622,2%
7310-EGVHZ,Male,0,0,0,1,Month-to-month,0,20.2,1610,20.2,0,0.2654,0.59035119,0.182500761,48%
3413-BMNZE,Male,1,0,0,1,Month-to-month,0,45.25,3815,45.25,0,0.2654,0.215,0.408050608,53%
6234-RAAPL,Female,0,1,1,72,Two year,0,99.9,5644,7192.8,0,0.2654,0.015,0.021165522,1%
6047-YHPVI,Male,0,0,0,5,Month-to-month,2,69.7,2742,348.5,1,0.2654,0.825,0.618097002,51%
6572-ADKRS,Female,0,0,0,46,Month-to-month,1,74.8,3073,3440.8,0,0.2654,0.315,0.28873295,27%
5380-WJKOV,Male,0,0,0,34,Month-to-month,2,106.35,3074,3615.9,1,0.2654,0.805,0.575125124,63%
8168-UQWWF,Female,0,0,0,11,Month-to-month,0,97.85,202,1076.35,1,0.2654,0.975,0.688803579,93%
8865-TNMNX,Male,0,1,1,10,One year,3,49.55,4024,495.5,0,0.2654,0.045,0.132886393,3%
9489-DEDVP,Female,0,1,1,70,Two year,1,69.2,4118,4844,0,0.2654,0.015,0.011429398,3%
9867-JCZSP,Female,0,1,1,17,One year,3,20.75,3572,352.75,0,0.2654,0.015,0.053513166,2%
4671-VJLCL,Female,0,0,0,63,Two year,1,79.85,4105,5030.55,0,0.2654,0.015,0.013499294,1%
4080-IIARD,Female,0,1,0,13,Month-to-month,2,76.2,6503,990.6,0,0.2654,0.265,0.292730161,13%
3714-NTNFO,Female,0,0,0,49,Month-to-month,2,84.5,3348,4140.5,0,0.2654,0.525,0.437416883,62%
5948-UJZLF,Male,0,0,0,2,Month-to-month,3,49.25,6481,98.5,0,0.2654,0.18,0.372704032,25%
7760-OYPDY,Female,0,0,0,2,Month-to-month,2,80.65,809,161.3,1,0.2654,0.93,0.673073922,77%
7639-LIAYI,Male,0,0,0,52,Two year,1,79.75,3599,4147,0,0.2654,0.025,0.029409082,2%
2954-PIBKO,Female,0,1,1,69,Two year,1,64.15,3625,4426.35,0,0.2654,0.03,0.007375695,2%
8012-SOUDQ,Female,1,0,0,43,Month-to-month,2,90.25,3285,3880.75,0,0.2654,0.265,0.464323991,38%
9420-LOJKX,Female,0,0,0,15,Month-to-month,1,99.1,789,1486.5,1,0.2654,0.515,0.476924938,78%
6575-SUVOI,Female,1,1,0,25,Month-to-month,1,69.5,1275,1737.5,0,0.2654,0.06,0.214043662,12%
7495-OOKFY,Female,1,1,0,8,Month-to-month,1,80.65,5113,645.2,1,0.2654,0.88,0.688447639,71%
4667-QONEA,Female,1,1,1,60,One year,1,74.85,3782,4491,0,0.2654,0.01,0.025706877,6%
1658-BYGOY,Male,1,0,0,18,Month-to-month,2,95.45,1274,1718.1,1,0.2654,0.815,0.722154498,62%
8769-KKTPH,Female,0,1,1,63,One year,1,99.65,5104,6277.95,0,0.2654,0.06,0.162858385,13%
5067-XJQFU,Male,1,1,1,66,One year,2,108.45,5555,7157.7,0,0.2654,0.085,0.175640644,15%
3957-SQXML,Female,0,1,1,34,Two year,1,24.95,6314,848.3,0,0.2654,0.01,0.015916381,1%
5954-BDFSG,Female,0,0,0,72,Two year,1,107.5,5937,7740,0,0.2654,0.255,0.09969759,5%
0434-CSFON,Female,0,1,0,47,Month-to-month,2,100.5,3985,4723.5,0,0.2654,0.21,0.550377363,55%
1215-FIGMP,Male,0,0,0,60,Month-to-month,0,89.9,4530,5394,0,0.2654,0.365,0.288736273,14%
0526-SXDJP,Male,0,1,0,72,Two year,0,42.1,2558,3031.2,0,0.2654,0.005,0.006178093,1%
0557-ASKVU,Female,0,1,1,18,One year,1,54.4,6459,979.2,0,0.2654,0.16,0.120871573,9%
5698-BQJOH,Female,0,0,0,9,Month-to-month,2,94.4,6234,849.6,1,0.2654,0.97,0.727860563,87%
5122-CYFXA,Female,0,0,0,3,Month-to-month,2,75.3,2086,225.9,0,0.2654,0.485,0.416731931,39%
8627-ZYGSZ,Male,0,1,0,47,One year,2,78.9,3157,3708.3,0,0.2654,0.065,0.175908786,12%
3410-YOQBQ,Female,0,0,0,31,Two year,3,79.2,2143,2455.2,0,0.2654,0.03,0.042091842,1%
3170-NMYVV,Female,0,1,1,50,Two year,0,20.15,6399,1007.5,0,0.2654,0.005,0.005416862,1%
7410-OIEDU,Male,0,0,0,10,Month-to-month,3,79.85,6290,798.5,0,0.2654,0.14,0.513643379,18%
2273-QCKXA,Male,0,0,0,1,Month-to-month,3,49.05,4137,49.05,0,0.2654,0.145,0.31705175,35%
0731-EBJQB,Female,0,1,1,52,One year,2,20.4,181,1060.8,0,0.2654,0.015,0.012025156,3%
1891-QRQSA,Male,1,1,1,64,Two year,0,111.6,5563,7142.4,0,0.2654,0.035,0.07478167,1%
8028-PNXHQ,Male,0,1,1,62,Two year,0,24.25,785,1503.5,0,0.2654,0,0.004197222,1%
5630-AHZIL,Female,0,0,1,3,Month-to-month,0,64.5,1295,193.5,0,0.2654,0.13,0.248740481,34%
2673-CXQEU,Female,1,0,0,56,One year,2,110.5,5009,6188,0,0.2654,0.425,0.185038495,55%
6416-JNVRK,Female,0,0,0,46,One year,1,55.65,2339,2559.9,0,0.2654,0.055,0.062146052,10%
5590-ZSKRV,Female,0,1,1,8,Month-to-month,3,54.65,4071,437.2,0,0.2654,0.065,0.193442169,7%
0191-ZHSKZ,Male,1,0,0,30,Month-to-month,2,74.75,1742,2242.5,0,0.2654,0.095,0.222837147,28%
3887-PBQAO,Female,0,1,1,45,One year,1,25.9,397,1165.5,0,0.2654,0.025,0.02218099,3%
5919-TMRGD,Female,0,0,1,1,Month-to-month,2,79.35,5966,79.35,1,0.2654,0.93,0.689932705,88%
8108-UXRQN,Female,0,1,1,11,Month-to-month,2,50.55,4676,556.05,0,0.2654,0.115,0.431913177,18%
9191-MYQKX,Female,0,1,0,7,Month-to-month,0,75.15,4199,526.05,1,0.2654,0.86,0.609536391,53%
9919-YLNNG,Female,0,0,0,42,Month-to-month,0,103.8,3682,4359.6,0,0.2654,0.155,0.347664255,37%
0318-ZOPWS,Female,0,1,0,49,Two year,0,20.15,6491,987.35,0,0.2654,0,0.009402492,1%
4445-ZJNMU,Male,0,0,0,9,Month-to-month,1,99.3,6364,893.7,0,0.2654,0.35,0.737552236,73%
4808-YNLEU,Female,0,1,0,35,One year,0,62.15,1852,2175.25,0,0.2654,0.03,0.075353681,6%
1862-QRWPE,Female,0,1,1,48,Two year,0,20.65,108,991.2,0,0.2654,0.035,0.004440468,2%
2796-NNUFI,Female,0,1,1,46,Two year,3,19.95,6382,917.7,0,0.2654,0.015,0.01030087,1%
3016-KSVCP,Male,0,1,0,29,Month-to-month,3,33.75,19,978.75,0,0.2654,0.115,0.268408051,9%
4767-HZZHQ,Male,0,1,1,30,Month-to-month,0,82.05,2229,2461.5,0,0.2654,0.09,0.255460677,25%
2424-WVHPL,Male,1,0,0,1,Month-to-month,2,74.7,5723,74.7,0,0.2654,0.665,0.560776872,62%
7233-PAHHL,Male,0,1,1,66,Two year,3,84,4717,5544,0,0.2654,0.04,0.019259044,2%
6067-NGCEU,Female,0,0,0,65,Month-to-month,1,111.05,5575,7218.25,0,0.2654,0.155,0.317287285,12%
9848-JQJTX,Male,0,0,0,72,Two year,0,100.9,5751,7264.8,0,0.2654,0.035,0.083081633,4%
8637-XJIVR,Female,0,0,0,12,Month-to-month,2,78.95,6384,947.4,1,0.2654,0.61,0.56669639,41%
9803-FTJCG,Male,0,1,1,71,One year,1,66.85,4018,4746.35,0,0.2654,0.035,0.013715493,1%
0278-YXOOG,Male,0,0,0,5,Month-to-month,3,21.05,252,105.25,1,0.2654,0.725,0.169313694,23%
3212-KXOCR,Male,0,0,0,52,Two year,0,21,203,1092,0,0.2654,0.01,0.004157126,1%
4598-XLKNJ,Female,1,1,0,25,Month-to-month,2,98.5,2175,2462.5,1,0.2654,0.875,0.588208585,67%
6380-ARCEH,Male,0,0,0,1,Month-to-month,3,20.2,1610,20.2,0,0.2654,0.303529762,0.204836263,48%
3679-XASPY,Female,0,1,1,1,Month-to-month,2,19.45,1483,19.45,0,0.2654,0.575,0.177875004,36%
7123-WQUHX,Male,0,0,0,38,One year,0,95,3122,3610,0,0.2654,0.165,0.17152408,7%
5386-THSLQ,Female,1,1,0,66,One year,0,45.55,2630,3006.3,0,0.2654,0.04,0.039366629,5%
3192-NQECA,Male,0,1,0,68,Two year,0,110,5833,7480,1,0.2654,0.585,0.084844709,49%
6180-YBIQI,Male,0,0,0,5,Month-to-month,3,24.3,1,121.5,0,0.2654,0.135,0.462245748,15%
6728-DKUCO,Female,0,1,1,72,One year,2,104.15,5672,7498.8,0,0.2654,0.05,0.126195047,1%
9750-BOOHV,Female,0,0,0,32,One year,3,30.15,6385,964.8,0,0.2654,0.01,0.099356006,3%
8597-CWYHH,Male,0,0,0,43,One year,3,94.35,3358,4057.05,0,0.2654,0.13,0.288733268,20%
2848-YXSMW,Male,0,1,1,72,Two year,1,19.4,658,1396.8,0,0.2654,0,0.001423209,0%
0486-HECZI,Male,0,1,0,55,Month-to-month,2,96.75,4391,5321.25,1,0.2654,0.705,0.27560446,43%
4549-ZDQYY,Female,0,0,0,52,One year,1,57.95,2642,3013.4,0,0.2654,0.105,0.016198041,9%
5712-AHQNN,Female,0,0,0,43,Month-to-month,2,91.65,3380,3940.95,0,0.2654,0.135,0.364565054,24%
4846-WHAFZ,Female,1,1,0,37,Month-to-month,2,76.5,2475,2830.5,1,0.2654,0.82,0.491103898,72%
5256-SKJGO,Female,0,1,1,64,Two year,2,54.6,2967,3494.4,0,0.2654,0.005,0.023648292,1%
3071-VBYPO,Male,0,1,1,3,Month-to-month,2,89.85,2128,269.55,0,0.2654,0.09,0.392148403,15%
9560-BBZXK,Female,0,0,0,36,Two year,0,31.05,240,1117.8,0,0.2654,0.01,0.027234075,1%
5299-RULOA,Female,0,1,1,10,Month-to-month,2,100.25,124,1002.5,1,0.2654,0.905,0.597952641,93%
8402-OOOHJ,Female,0,0,0,41,Two year,3,20.65,6160,846.65,0,0.2654,0,0.011037916,1%
9445-ZUEQE,Male,0,1,1,27,Month-to-month,1,85.2,1769,2300.4,0,0.2654,0.08,0.329464796,24%
1091-SOZGA,Female,0,1,1,56,One year,1,99.8,4581,5588.8,0,0.2654,0.1,0.261293608,18%
2928-HLDBA,Female,0,0,0,6,Month-to-month,3,20.7,230,124.2,0,0.2654,0.075,0.167775404,9%
0404-SWRVG,Male,0,0,0,3,Month-to-month,2,74.4,1931,223.2,1,0.2654,0.7,0.682987993,73%
6497-TILVL,Female,0,1,1,7,Month-to-month,3,50.7,3039,354.9,0,0.2654,0.075,0.226855366,10%
7219-TLZHO,Female,0,1,1,4,Month-to-month,3,20.85,5043,83.4,0,0.2654,0.345,0.195341186,28%
4622-YNKIJ,Male,0,0,0,33,Two year,2,88.95,2632,2935.35,0,0.2654,0.045,0.070872573,2%
4412-YLTKF,Female,1,0,0,27,Month-to-month,2,78.05,1755,2107.35,1,0.2654,0.77,0.530404449,57%
6734-PSBAW,Male,0,1,0,72,Two year,0,23.55,1228,1695.6,0,0.2654,0,0.003159912,0%
3930-ZGWVE,Male,0,0,0,1,Month-to-month,3,19.75,1489,19.75,0,0.2654,0.465708333,0.202219072,41%
2639-UGMAZ,Male,1,0,0,71,One year,2,56.45,3403,4007.95,0,0.2654,0.095,0.049626217,4%
2876-GZYZC,Female,0,0,0,13,Month-to-month,2,85.95,394,1117.35,0,0.2654,0.33,0.679917897,64%
6207-WIOLX,Female,0,1,1,25,Month-to-month,1,58.6,912,1465,1,0.2654,0.71,0.276212386,40%
8587-XYZSF,Male,0,0,0,67,Two year,0,50.55,2837,3386.85,0,0.2654,0.01,0.006141114,1%
3091-FYHKI,Male,0,0,0,1,Month-to-month,2,35.45,3032,35.45,1,0.2654,0.985,0.682707105,91%
2372-HWUHI,Male,0,0,0,2,Month-to-month,2,44.35,6058,88.7,1,0.2654,0.79,0.403284767,54%
7799-LGRDP,Female,0,0,0,43,Two year,1,25.7,348,1105.1,0,0.2654,0.075,0.01297934,1%
7850-VWJUU,Female,0,0,0,23,Month-to-month,0,75,1304,1725,0,0.2654,0.11,0.33354469,28%
3774-VBNXY,Female,0,1,1,64,Two year,3,20.2,510,1292.8,0,0.2654,0,0.002438966,0%
6217-KDYWC,Male,0,0,1,57,Two year,3,19.6,319,1117.2,0,0.2654,0.015,0.004200283,2%
0390-DCFDQ,Female,1,1,0,1,Month-to-month,3,70.45,5510,70.45,1,0.2654,0.88,0.742996919,79%
3146-MSEGF,Female,1,1,1,72,Two year,1,88.05,5173,6339.6,0,0.2654,0,0.015878298,0%
4080-OGPJL,Female,0,0,0,8,Month-to-month,2,71.15,4664,569.2,1,0.2654,0.745,0.297687336,29%
1095-WGNGG,Female,0,1,0,61,Two year,0,101.05,4894,6164.05,0,0.2654,0.055,0.128328961,5%
2636-SJDOU,Male,0,0,0,64,One year,1,84.3,4419,5395.2,0,0.2654,0.025,0.077114478,3%
1131-QQZEB,Male,1,1,0,71,Two year,0,23.95,1278,1700.45,0,0.2654,0,0.002872339,0%
5716-EZXZN,Female,0,1,1,65,Two year,1,99.05,5168,6438.25,0,0.2654,0.01,0.034635694,5%
6837-BJYDQ,Male,0,0,0,3,One year,3,19.6,4983,58.8,0,0.2654,0.05,0.111755665,5%
2135-RXIHG,Male,0,0,0,1,Month-to-month,2,45.65,3821,45.65,1,0.2654,0.97,0.473237285,76%
6440-DKQGE,Male,0,0,1,30,One year,1,64.5,1528,1935,0,0.2654,0.005,0.063877599,2%
3466-BYAVD,Male,0,1,1,15,Month-to-month,3,69.5,141,1042.5,0,0.2654,0.29,0.228788032,18%
3780-YVMFA,Female,0,1,1,8,Month-to-month,2,68.55,4669,548.4,0,0.2654,0.125,0.406565132,23%
3874-EQOEP,Male,0,0,0,7,Month-to-month,3,95,5236,665,1,0.2654,0.94,0.732758379,87%
1679-JRFBR,Female,0,1,1,70,One year,1,108.15,5988,7570.5,0,0.2654,0.04,0.129327262,9%
9073-ZZIAY,Male,0,1,1,62,Two year,2,86.1,4370,5338.2,0,0.2654,0.005,0.010207183,1%
3077-RSNTJ,Female,0,1,1,6,Month-to-month,3,19.7,250,118.2,0,0.2654,0.07,0.145181356,20%
6551-GNYDG,Female,0,1,1,14,Month-to-month,0,80.9,290,1132.6,0,0.2654,0.24,0.548589753,50%
9167-APMXZ,Female,0,0,0,22,Month-to-month,0,84.15,1378,1851.3,0,0.2654,0.385,0.565276027,39%
2749-CTKAJ,Male,0,1,1,22,One year,3,20.15,3583,443.3,0,0.2654,0,0.040414019,1%
6371-NZYEG,Male,0,1,1,16,Two year,3,64.25,51,1028,0,0.2654,0.035,0.039912097,1%
7554-NEWDD,Male,0,0,0,10,Two year,0,25.7,2166,257,0,0.2654,0.025,0.040716287,1%
8992-VONJD,Female,0,0,1,13,Month-to-month,2,56,5845,728,0,0.2654,0.095,0.222546284,15%
0867-MKZVY,Female,0,1,0,20,Month-to-month,2,82.4,1047,1648,1,0.2654,0.685,0.388564357,35%
4482-EWFMI,Female,0,0,0,2,Month-to-month,2,69.7,639,139.4,0,0.2654,0.265,0.628667387,54%
4648-YPBTM,Male,0,0,0,53,Two year,0,73.9,3383,3916.7,0,0.2654,0.01,0.026264024,2%
2907-ILJBN,Female,0,1,1,11,One year,3,20.6,1966,226.6,0,0.2654,0.01,0.064412807,2%
6345-FZOQH,Male,0,1,0,69,Two year,3,19.9,659,1373.1,0,0.2654,0,0.002198166,0%
3376-BMGFE,Female,0,0,0,4,Month-to-month,0,70.9,2373,283.6,1,0.2654,0.93,0.61668001,77%
5997-OPVFA,Male,0,1,0,72,Two year,0,89.05,5071,6411.6,0,0.2654,0,0.01521914,0%
3445-HXXGF,Male,1,1,0,58,Month-to-month,2,45.3,2300,2627.4,1,0.2654,0.335,0.164339634,39%
1159-WFSGR,Female,0,1,1,16,Month-to-month,2,20.4,2790,326.4,0,0.2654,0.035,0.104697002,9%
7654-YWJUF,Male,0,1,0,43,One year,0,84.25,3064,3622.75,0,0.2654,0.02,0.084560562,6%
1875-QIVME,Female,0,1,0,2,Month-to-month,2,104.4,2066,208.8,1,0.2654,0.96,0.718214649,91%
6727-IOTLZ,Male,0,1,0,14,Two year,3,81.95,339,1147.3,0,0.2654,0.145,0.068556847,1%
0691-JVSYA,Female,0,1,0,53,One year,0,94.85,4239,5027.05,1,0.2654,0.7,0.23743619,31%
5918-VUKWP,Female,0,0,0,32,One year,0,20.55,5230,657.6,0,0.2654,0,0.029552011,3%
1744-JHKYS,Female,0,1,0,34,Month-to-month,2,24.7,5917,839.8,0,0.2654,0.01,0.085221952,8%
2656-FMOKZ,Female,1,0,0,15,Month-to-month,3,74.45,277,1116.75,1,0.2654,0.855,0.632634848,73%
2070-FNEXE,Female,1,0,0,7,Month-to-month,0,76.45,4260,535.15,1,0.2654,0.36,0.465309228,25%
5947-SGKCL,Female,0,1,1,15,Month-to-month,0,105.35,1001,1580.25,0,0.2654,0.2,0.613217338,46%
3712-PKXZA,Male,0,1,0,61,One year,1,20.55,459,1253.55,0,0.2654,0.01,0.008805529,1%
6317-YPKDH,Female,0,0,0,1,Month-to-month,0,29.95,2507,29.95,1,0.2654,0.77,0.468970665,65%
6582-OIVSP,Female,0,0,0,1,Month-to-month,3,45.3,3816,45.3,0,0.2654,0.455,0.414023398,54%
9367-WXLCH,Male,0,0,0,8,Month-to-month,0,84.5,5278,676,1,0.2654,0.83,0.656276708,78%
5524-KHNJP,Male,0,1,1,33,One year,1,74.75,2104,2466.75,0,0.2654,0.025,0.066993125,8%
1918-ZBFQJ,Female,0,0,0,13,Month-to-month,2,79.25,216,1030.25,1,0.2654,0.585,0.477376836,49%
1024-GUALD,Female,0,1,0,1,Month-to-month,2,24.8,2044,24.8,1,0.2654,0.64,0.621718169,69%
4827-USJHP,Male,0,0,0,20,Month-to-month,3,51.8,48,1036,0,0.2654,0.075,0.239194985,6%
8167-GJLRN,Male,0,0,0,3,Month-to-month,2,30.4,6099,91.2,0,0.2654,0.2,0.464767919,34%
0956-SYCWG,Female,0,0,0,13,One year,2,19.65,2090,255.45,0,0.2654,0.01,0.063769864,2%
8017-UVSZU,Female,0,1,0,40,Month-to-month,1,56.6,2015,2264,0,0.2654,0.06,0.132210837,21%
7100-FQPRV,Male,0,1,1,43,One year,1,71.9,2757,3091.7,0,0.2654,0.015,0.056363155,14%
2472-OVKUP,Male,0,1,0,6,Month-to-month,2,91,4440,546,1,0.2654,0.83,0.660384273,50%
2984-RGEYA,Female,0,1,1,69,Two year,0,19.75,678,1362.75,0,0.2654,0,0.001658256,1%
9680-NIAUV,Female,0,1,1,72,Two year,1,109.7,6076,7898.4,0,0.2654,0,0.047834468,1%
2146-EGVDT,Male,0,1,1,59,Two year,1,19.3,359,1138.7,0,0.2654,0,0.002570967,1%
2604-IJPDU,Female,0,1,0,20,Month-to-month,2,96.55,1502,1931,0,0.2654,0.105,0.328226648,34%
9178-JHUVJ,Male,0,1,1,24,Two year,0,24.1,4822,578.4,0,0.2654,0.015,0.02836823,3%
6168-YBYNP,Male,0,0,0,59,Month-to-month,2,111.35,5218,6569.65,0,0.2654,0.125,0.372600761,26%
7255-SSFBC,Male,0,1,1,72,Two year,0,112.25,6038,8082,0,0.2654,0.06,0.072039362,2%
3645-DEYGF,Male,0,0,1,1,Month-to-month,3,20.75,1621,20.75,0,0.2654,0.161333333,0.179068251,29%
9323-HGFWY,Female,0,1,0,27,One year,1,101.9,2333,2751.3,0,0.2654,0.105,0.236142838,30%
8544-GOQSH,Female,0,0,0,14,Month-to-month,1,80.05,218,1120.7,0,0.2654,0.2,0.383465757,28%
3363-DTIVD,Male,0,1,1,71,Two year,2,105.55,5730,7494.05,0,0.2654,0.02,0.055370877,8%
7018-WBJNK,Male,0,0,1,13,Month-to-month,1,78.3,72,1017.9,0,0.2654,0.18,0.500706271,27%
9142-KZXOP,Male,0,0,0,44,Month-to-month,1,68.85,2552,3029.4,0,0.2654,0.125,0.217956227,18%
7674-YTAFD,Female,0,0,0,33,One year,0,79.95,2336,2638.35,0,0.2654,0.075,0.141198133,15%
6348-SNFUS,Male,0,1,1,72,Two year,1,55.45,3571,3992.4,0,0.2654,0,0.008822133,0%
1285-OKIPP,Male,0,0,0,1,Month-to-month,2,79.9,5974,79.9,1,0.2654,1,0.677164349,91%
7825-ECJRF,Female,0,0,0,19,Month-to-month,2,106.6,1536,2025.4,1,0.2654,0.455,0.442535081,52%
1347-KTTTA,Male,0,1,0,64,One year,1,102.45,5291,6556.8,0,0.2654,0.045,0.127919653,7%
7841-TZDMQ,Male,0,0,0,2,Month-to-month,1,46,6174,92,1,0.2654,0.425,0.482189253,57%
4195-NZGTA,Female,0,0,0,1,Month-to-month,2,25.25,2152,25.25,0,0.2654,0.19,0.539121027,47%
7157-SMCFK,Male,0,0,1,61,Two year,3,19.75,237,1204.75,0,0.2654,0.025,0.002523884,1%
4709-LKHYG,Female,0,1,1,29,One year,2,20,4493,580,0,0.2654,0,0.030554695,1%
2504-DSHIH,Male,1,1,0,23,Month-to-month,2,86.8,1580,1996.4,0,0.2654,0.19,0.587963562,33%
0699-NDKJM,Female,0,1,0,57,Month-to-month,0,58.75,2976,3348.75,0,0.2654,0.11,0.127987244,20%
9286-BHDQG,Male,0,1,1,72,Two year,1,45.25,2727,3258,0,0.2654,0.015,0.003860891,0%
0230-WEQUW,Male,0,1,0,66,Two year,0,56.6,3250,3735.6,0,0.2654,0,0.011526792,1%
2040-LDIWQ,Male,0,1,1,65,Two year,0,84.2,4450,5473,0,0.2654,0.005,0.022334454,3%
6496-JDSSB,Female,0,0,0,8,Month-to-month,0,80,5063,640,0,0.2654,0.255,0.652370905,64%
9408-SSNVZ,Female,0,0,0,4,Month-to-month,2,70.15,2329,280.6,1,0.2654,0.905,0.634422352,64%
4443-EMBNA,Female,0,1,0,71,Two year,0,24.75,1390,1757.25,0,0.2654,0.005,0.002646179,0%
6469-MRVET,Male,0,1,1,1,One year,2,20.2,1610,20.2,0,0.2654,0.066428571,0.11884466,20%
0742-MOABM,Male,0,1,0,4,Month-to-month,3,50.05,1326,200.2,1,0.2654,0.725,0.274673364,62%
5961-VUSRV,Female,0,0,0,12,One year,0,19.35,1807,232.2,0,0.2654,0.005,0.080776788,2%
6778-JFCMK,Male,0,0,0,24,One year,3,50.6,525,1214.4,0,0.2654,0.035,0.216175924,4%
6341-JVQGF,Female,0,1,1,31,One year,3,81.15,2198,2515.65,0,0.2654,0.05,0.084654423,12%
2232-DMLXU,Female,0,1,0,1,Month-to-month,3,55.2,4560,55.2,1,0.2654,0.345,0.47025653,51%
4811-JBUVU,Male,0,0,0,30,Month-to-month,1,89.9,2365,2697,0,0.2654,0.36,0.47004321,29%
0945-TSONX,Female,0,1,1,47,Two year,1,85.3,3495,4009.1,0,0.2654,0.01,0.027500063,2%
2651-ZCBXV,Male,0,0,0,54,Two year,1,108,4756,5832,0,0.2654,0.455,0.071187461,39%
3316-UWXUY,Male,0,0,0,50,Month-to-month,1,93.5,4015,4675,0,0.2654,0.175,0.17627384,10%
8937-RDTHP,Male,0,0,0,1,Month-to-month,3,84.6,6175,84.6,1,0.2654,0.925,0.657274023,85%
7083-MIOPC,Female,0,0,0,72,Two year,1,20.25,1016,1458,0,0.2654,0,0.001818313,0%
1984-GPTEH,Female,0,0,0,29,Month-to-month,2,25.15,5529,729.35,0,0.2654,0.01,0.101417041,9%
1251-KRREG,Male,0,0,0,2,Month-to-month,3,54.4,269,108.8,1,0.2654,0.785,0.441183116,65%
0621-JFHOL,Female,0,0,0,10,Two year,3,29.6,2583,296,0,0.2654,0.12,0.144532514,3%
9903-LYSAB,Male,0,1,0,18,Month-to-month,2,73.15,561,1316.7,0,0.2654,0.165,0.548775735,46%
0094-OIFMO,Female,1,0,0,11,Month-to-month,2,95,231,1045,1,0.2654,0.88,0.663150771,85%
9227-UAQFT,Male,0,0,0,16,Two year,3,19.75,2456,316,0,0.2654,0.01,0.027129965,1%
7301-ABVAD,Female,0,0,0,72,Two year,0,86.6,5128,6235.2,0,0.2654,0.005,0.018029521,0%
6614-FHDBO,Male,0,0,0,72,Two year,0,109.2,5946,7862.4,0,0.2654,0.03,0.05422166,4%
7576-ASEJU,Female,0,1,1,41,One year,1,74.7,2771,3062.7,0,0.2654,0.07,0.056012964,18%
9058-HRZSV,Female,1,1,0,65,Month-to-month,2,94.4,4999,6136,0,0.2654,0.145,0.167851769,7%
4522-AKYLR,Female,1,0,0,13,Month-to-month,2,54.8,5674,712.4,0,0.2654,0.07,0.373285179,16%
0221-WMXNQ,Male,1,0,0,4,Month-to-month,2,75.35,2376,301.4,0,0.2654,0.27,0.472906398,35%
0303-UNCIP,Male,0,0,0,41,One year,3,65,2187,2665,0,0.2654,0.06,0.101613059,11%
9947-OTFQU,Male,1,0,0,15,Month-to-month,2,74.4,146,1116,1,0.2654,0.78,0.496314522,65%
0322-YINQP,Male,0,0,0,1,Month-to-month,3,48.55,4051,48.55,1,0.2654,0.095,0.36335637,28%
0959-WHOKV,Male,0,0,0,42,One year,2,99,3653,4158,0,0.2654,0.04,0.197120582,11%
4075-JFPGR,Female,0,1,0,51,One year,2,93.5,3921,4768.5,0,0.2654,0.045,0.117034976,7%
4629-NRXKX,Female,0,1,1,2,Month-to-month,2,70.4,864,140.8,1,0.2654,0.875,0.520045453,70%
9514-JDSKI,Male,1,1,0,1,Month-to-month,2,40.2,3414,40.2,1,0.2654,0.71,0.582982192,65%
3282-ZISZV,Male,0,0,1,32,One year,1,83.7,2280,2678.4,0,0.2654,0.035,0.082405226,13%
3675-YDUPJ,Male,0,0,0,10,Month-to-month,3,19.85,1529,198.5,0,0.2654,0.065,0.187640206,11%
4111-BNXIF,Female,0,1,1,67,Two year,2,59.55,3494,3989.85,0,0.2654,0.01,0.022589383,1%
7017-VFHAY,Female,0,1,1,61,Two year,1,115.1,5524,7021.1,0,0.2654,0.005,0.046536441,1%
6655-LHBYW,Male,0,0,0,50,One year,1,114.35,4775,5717.5,0,0.2654,0.34,0.124940834,36%
4959-JOSRX,Female,0,1,0,2,Month-to-month,1,44.6,6021,89.2,1,0.2654,0.735,0.49124126,59%
5046-NUHWD,Female,1,1,0,29,Month-to-month,2,45,416,1305,0,0.2654,0.375,0.315543514,37%
7273-TEFQD,Male,1,0,0,3,Month-to-month,2,41.15,583,123.45,1,0.2654,0.895,0.669345686,89%
3606-TWKGI,Male,1,0,0,13,Month-to-month,2,106.9,660,1389.7,1,0.2654,0.94,0.710728957,75%
7529-ZDFXI,Male,1,1,0,57,Month-to-month,2,89.85,4178,5121.45,0,0.2654,0.055,0.395955919,17%
7605-BDWDC,Female,0,0,0,31,Two year,0,49.85,942,1545.35,0,0.2654,0.02,0.040668118,1%
1950-KSVVJ,Female,0,1,0,45,One year,3,113.3,4263,5098.5,0,0.2654,0.08,0.152159353,19%
0123-CRBRT,Female,0,1,1,61,Two year,3,88.1,4589,5374.1,0,0.2654,0.02,0.014526549,0%
6292-TOSSS,Male,0,0,0,50,Two year,0,24.9,363,1245,0,0.2654,0.005,0.006095914,1%
3197-ARFOY,Female,1,0,0,19,Month-to-month,3,105,1633,1995,0,0.2654,0.135,0.44623462,41%
6323-AYBRX,Male,0,0,0,59,Two year,3,19.35,196,1141.65,1,0.2654,0.005,0.003258957,1%
7014-ZZXAW,Female,0,1,0,71,Two year,1,24.25,1241,1721.75,0,0.2654,0,0.003733183,0%
4385-GZQXV,Female,1,0,0,16,Month-to-month,2,94.45,930,1511.2,1,0.2654,0.82,0.596162852,70%
7633-MVPUY,Male,0,1,0,57,Two year,2,59.75,2987,3405.75,0,0.2654,0.01,0.008262697,2%
6366-ZGQGL,Male,0,0,0,1,Month-to-month,0,24.8,2044,24.8,1,0.2654,0.73,0.500204549,58%
4716-HHKQH,Male,1,1,0,20,Month-to-month,2,107.05,1790,2141,0,0.2654,0.155,0.540344463,23%
5940-AHUHD,Male,0,0,0,1,Month-to-month,3,70.6,5513,70.6,1,0.2654,0.87,0.622422578,73%
6432-TWQLB,Male,0,1,0,5,Month-to-month,2,85.4,3422,427,1,0.2654,0.875,0.569435845,78%
4484-GLZOU,Female,0,1,0,52,Month-to-month,2,105.05,4658,5462.6,1,0.2654,0.81,0.487789384,64%
3179-GBRWV,Male,1,1,0,21,Month-to-month,0,64.95,615,1363.95,0,0.2654,0.075,0.218177433,14%
8645-KWHJO,Male,0,0,0,14,Month-to-month,2,55,5873,770,0,0.2654,0.13,0.540551815,35%
4130-MZLCC,Female,0,0,0,5,Month-to-month,0,50.55,2089,252.75,0,0.2654,0.535,0.284199906,42%
0314-TKOSI,Female,0,0,0,6,Month-to-month,3,55.15,2803,330.9,0,0.2654,0.1,0.222133688,9%
8229-MYEJZ,Female,0,0,0,10,Month-to-month,2,51.2,4212,512,0,0.2654,0.02,0.288241871,9%
2080-SRCDE,Female,0,0,1,1,Month-to-month,3,25.4,2155,25.4,0,0.2654,0.0325,0.231863153,18%
9577-WJVCQ,Female,0,0,0,68,Month-to-month,3,54.45,3176,3702.6,0,0.2654,0.05,0.040250324,3%
9512-UIBFX,Male,0,1,1,18,Month-to-month,3,95.15,1306,1712.7,1,0.2654,0.79,0.514882168,52%
6202-DYYFX,Female,0,0,0,22,One year,1,76,1316,1672,0,0.2654,0.075,0.347108395,11%
3808-HFKDE,Female,0,0,0,20,Month-to-month,2,44.35,6383,887,0,0.2654,0.305,0.322770408,29%
5583-SXDAG,Male,0,1,0,1,Month-to-month,2,70,5501,70,1,0.2654,0.931041667,0.615077377,81%
3488-PGMQJ,Male,1,0,0,8,Month-to-month,2,74.5,4955,596,1,0.2654,0.74,0.612782302,53%
3580-REOAC,Male,0,0,0,10,Month-to-month,1,44.85,3698,448.5,1,0.2654,0.78,0.366908904,29%
7534-BFESC,Male,1,0,0,24,Month-to-month,2,76.1,1213,1826.4,1,0.2654,0.73,0.560423389,61%
3727-OWVYD,Male,0,0,0,35,One year,3,61.2,1655,2142,0,0.2654,0.045,0.039140449,5%
2294-SALNE,Male,0,1,1,23,One year,3,86.8,1544,1996.4,0,0.2654,0.09,0.134988936,4%
4847-TAJYI,Female,1,0,0,6,Month-to-month,2,89.35,4686,536.1,0,0.2654,0.155,0.770948572,56%
1563-IWQEX,Female,0,0,0,12,Month-to-month,3,19.7,1823,236.4,0,0.2654,0.015,0.138447741,9%
8203-XJZRC,Male,0,0,0,1,Month-to-month,3,20.25,1611,20.25,0,0.2654,0.453178571,0.205028491,32%
6556-DBKZF,Female,0,1,1,71,Two year,2,76.05,4517,5399.55,0,0.2654,0.25,0.026842781,8%
6851-WEFYX,Male,1,1,0,35,Month-to-month,2,100.8,2977,3528,0,0.2654,0.775,0.646868077,66%
2985-JUUBZ,Male,0,1,1,40,Month-to-month,2,74.55,2613,2982,0,0.2654,0.195,0.274124597,36%
6390-DSAZX,Female,0,0,1,1,Month-to-month,3,73.6,5668,73.6,1,0.2654,0.895,0.546750217,72%
0895-LMRSF,Male,0,0,0,23,One year,0,64.9,922,1492.7,0,0.2654,0.015,0.185360866,7%
8098-LLAZX,Female,1,0,0,4,Month-to-month,2,95.45,3387,381.8,1,0.2654,0.94,0.817545165,89%
8266-VBFQL,Male,0,0,0,4,Month-to-month,2,90.4,3083,361.6,0,0.2654,0.205,0.609641142,42%
8181-YHCMF,Female,0,1,1,68,Two year,1,60.3,3498,4100.4,0,0.2654,0,0.015558058,1%
2240-HSJQD,Male,0,0,1,38,Month-to-month,3,81.85,2732,3110.3,0,0.2654,0.145,0.361805641,18%
1248-DYXUB,Male,0,1,1,52,Two year,3,24.8,417,1289.6,0,0.2654,0,0.00553247,1%
0265-EDXBD,Male,1,1,0,32,Month-to-month,2,74.9,1943,2396.8,1,0.2654,0.77,0.502314879,68%
4115-BNPJY,Male,0,1,1,29,Two year,3,75.55,1683,2190.95,0,0.2654,0.02,0.044148732,1%
3167-SNQPL,Male,1,1,1,38,Month-to-month,2,101.15,3220,3843.7,0,0.2654,0.35,0.471176101,31%
4091-TVOCN,Male,0,0,1,48,One year,1,78.75,3173,3780,0,0.2654,0.03,0.075717892,7%
1098-TDVUQ,Female,0,0,0,1,Month-to-month,0,19.25,1480,19.25,0,0.2654,0.135,0.239114887,18%
7277-OZCGZ,Female,0,0,0,22,Month-to-month,2,89.05,1460,1959.1,0,0.2654,0.1,0.357718468,18%
1557-EMYVT,Female,0,0,0,43,Two year,1,115.05,4134,4947.15,0,0.2654,0.09,0.074430801,7%
2799-ARNLO,Female,1,1,0,5,Month-to-month,2,69.35,2954,346.75,0,0.2654,0.225,0.673525665,50%
7563-BIUPC,Male,0,0,0,5,Month-to-month,2,80.6,3547,403,1,0.2654,0.845,0.671583876,65%
5027-YOCXN,Male,0,1,1,51,One year,1,110.05,4697,5612.55,0,0.2654,0.41,0.106954305,30%
3973-SKMLN,Male,0,0,0,71,Two year,1,19.9,643,1412.9,0,0.2654,0.01,0.002438722,0%
2321-OMBXY,Female,0,1,1,38,One year,1,80.3,2658,3051.4,1,0.2654,0.675,0.039675124,37%
2840-XANRC,Male,1,1,0,24,Month-to-month,2,93.15,1867,2235.6,1,0.2654,0.325,0.618200154,41%
6745-JEFZB,Male,0,1,0,35,Month-to-month,1,91.5,2813,3202.5,0,0.2654,0.29,0.429417002,20%
5020-ZSTTY,Female,1,0,0,54,One year,0,82.45,3700,4452.3,1,0.2654,0.675,0.040851819,24%
9880-TDQAC,Female,0,1,1,72,Two year,2,60,3633,4320,0,0.2654,0.08,0.019303543,2%
8705-WZCYL,Male,0,0,0,1,Month-to-month,2,44.8,3748,44.8,0,0.2654,0.14,0.467552368,60%
7102-JJVTX,Female,0,1,1,9,One year,3,48.6,3600,437.4,0,0.2654,0.085,0.108685867,3%
8626-PTQGE,Male,0,0,0,69,Two year,0,60.05,3568,4143.45,0,0.2654,0.01,0.014230775,1%
4983-CLMLV,Female,0,1,0,52,Month-to-month,1,102.7,4322,5340.4,0,0.2654,0.25,0.372628252,33%
5701-YVSVF,Female,1,1,0,11,Month-to-month,2,82.9,6284,911.9,0,0.2654,0.25,0.61813051,34%
5804-LEPIM,Female,1,0,0,2,Month-to-month,2,70.35,708,140.7,1,0.2654,0.83,0.670285069,66%
5697-GOMBF,Female,1,1,1,28,Month-to-month,2,35.9,6494,1005.2,0,0.2654,0.14,0.433089866,25%
2739-CACDQ,Female,1,0,0,17,Month-to-month,1,82.65,869,1405.05,0,0.2654,0.135,0.617220654,39%
9385-EHGDO,Female,0,1,1,35,Two year,3,19.85,5709,694.75,0,0.2654,0.025,0.016528428,1%
9498-FIMXL,Female,0,0,0,8,One year,3,19.2,1070,153.6,0,0.2654,0.03,0.105206884,5%
2379-GYFLQ,Male,0,0,0,46,One year,1,94.9,3761,4365.4,0,0.2654,0.115,0.225342898,10%
0122-OAHPZ,Female,0,0,0,7,Month-to-month,2,73.85,4306,516.95,1,0.2654,0.64,0.686288277,66%
2868-SNELZ,Female,0,0,0,2,Month-to-month,3,80.6,988,161.2,1,0.2654,0.57,0.625654461,60%
4322-RCYMT,Male,0,1,1,68,One year,0,75.8,4426,5154.4,1,0.2654,0.625,0.033459856,24%
6680-NENYN,Female,0,0,0,43,Two year,2,104.6,4031,4497.8,1,0.2654,0.61,0.190966191,39%
2088-IEBAU,Female,0,0,0,68,Two year,2,88.15,5017,5994.2,0,0.2654,0,0.018365423,1%
7982-VCELR,Female,0,0,0,36,Month-to-month,1,94.8,3087,3412.8,0,0.2654,0.08,0.472764971,21%
1343-EHPYB,Male,0,1,0,63,Month-to-month,2,103.4,5270,6514.2,1,0.2654,0.165,0.39872446,30%
6035-BXTTY,Female,1,0,0,32,Month-to-month,0,54.65,1384,1748.8,0,0.2654,0.045,0.099143357,6%
6885-PKOAM,Female,0,1,0,71,Two year,1,85.75,5054,6088.25,0,0.2654,0,0.010937848,0%
7520-HQWJU,Female,0,1,1,66,Month-to-month,0,67.45,3834,4451.7,0,0.2654,0.025,0.048024449,6%
9639-BUJXT,Male,0,0,0,63,One year,3,20.5,596,1291.5,0,0.2654,0.005,0.006229564,1%
5924-SNGKP,Female,0,0,1,41,One year,1,20.25,6250,830.25,0,0.2654,0.005,0.024645165,1%
0021-IKXGC,Female,1,0,0,1,Month-to-month,2,72.1,5622,72.1,0,0.2654,0.23,0.763921781,73%
2034-GDRCN,Female,0,0,0,2,Month-to-month,2,90.4,1169,180.8,1,0.2654,0.9,0.734653481,78%
8966-SNIZF,Female,0,1,0,70,Two year,0,19.45,558,1361.5,0,0.2654,0,0.001859218,0%
6243-OZGFH,Female,0,0,0,23,Month-to-month,2,44.95,6523,1033.85,0,0.2654,0.135,0.559722421,45%
4654-DLAMQ,Female,1,1,0,64,One year,0,97,5175,6208,0,0.2654,0.125,0.088218023,6%
0513-RBGPE,Male,0,1,1,37,Two year,1,62.8,1916,2323.6,0,0.2654,0.02,0.019390197,2%
5160-UXJED,Male,0,0,1,17,One year,3,44.6,5385,758.2,0,0.2654,0.11,0.125846483,6%
4115-NZRKS,Female,1,0,0,7,Month-to-month,2,89.15,4739,624.05,0,0.2654,0.14,0.765259044,50%
0219-YTZUE,Male,0,1,1,4,Month-to-month,0,84.8,3201,339.2,1,0.2654,0.96,0.583146895,85%
0623-IIHUG,Female,1,0,0,21,Month-to-month,2,41.9,6180,879.9,1,0.2654,0.42,0.438133212,40%
4572-DVCGN,Female,0,0,0,10,Month-to-month,0,80.25,6194,802.5,1,0.2654,0.915,0.678323636,82%
3351-NGXYI,Female,1,0,0,16,Month-to-month,2,54.1,6293,865.6,0,0.2654,0.125,0.356428081,29%
8984-EYLLL,Male,0,1,0,64,Two year,2,105.25,5392,6736,0,0.2654,0.025,0.096498246,2%
9057-MSWCO,Male,1,1,0,27,Month-to-month,1,30.75,6040,830.25,1,0.2654,0.79,0.240173747,33%
9833-TGFHX,Male,0,1,1,42,One year,2,97.1,3433,4078.2,0,0.2654,0.06,0.174516699,14%
9294-TDIPC,Male,0,0,1,5,Month-to-month,3,20.2,6133,101,0,0.2654,0.02,0.182479544,3%
5229-DTFYB,Female,0,0,0,41,Two year,0,98.8,3385,4050.8,0,0.2654,0.04,0.101478648,3%
0104-PPXDV,Male,0,1,0,58,One year,1,50.3,2484,2917.4,0,0.2654,0.015,0.027114385,4%
5176-LMJXE,Female,0,0,0,47,Two year,3,20.55,6432,965.85,0,0.2654,0.01,0.011651293,1%
3583-KRKMD,Male,0,0,0,18,Month-to-month,0,75.9,673,1366.2,0,0.2654,0.065,0.383404867,9%
1010-DIAUQ,Male,0,0,0,5,Month-to-month,0,96.5,4173,482.5,1,0.2654,0.895,0.647105005,72%
9069-LGEUL,Male,0,1,0,23,Month-to-month,0,59.95,742,1378.85,0,0.2654,0.045,0.207997461,16%
7302-ZHMHP,Female,0,0,0,1,Month-to-month,3,19.15,1478,19.15,0,0.2654,0.03,0.207255806,18%
9571-EDEBV,Male,0,1,0,71,One year,1,98.65,5482,7004.15,0,0.2654,0.12,0.211847047,13%
3520-FJGCV,Male,0,1,1,72,Two year,1,112.6,6074,8107.2,0,0.2654,0.005,0.044338729,1%
6563-VRERX,Male,0,1,1,33,One year,3,20.6,5456,679.8,0,0.2654,0,0.027222783,2%
0259-GBZSH,Male,0,0,0,2,Month-to-month,2,85.65,1358,171.3,1,0.2654,0.845,0.7244758,91%
6122-EFVKN,Male,0,0,1,24,Two year,3,35.75,6136,858,0,0.2654,0.005,0.039960976,1%
2805-EDJPQ,Female,0,1,1,56,One year,1,99.75,4643,5586,0,0.2654,0.11,0.146794584,8%
6862-CQUMB,Male,0,0,0,37,Month-to-month,1,96.1,3150,3555.7,0,0.2654,0.105,0.465444474,26%
7156-MXBJE,Female,0,0,0,43,One year,1,85.1,3162,3659.3,0,0.2654,0.03,0.080279947,10%
6158-HDPXZ,Male,0,0,0,1,Month-to-month,3,25.35,2154,25.35,0,0.2654,0.415,0.540371924,49%
9601-BRXPO,Female,0,1,0,25,Month-to-month,0,104.95,2222,2623.75,1,0.2654,0.85,0.565845511,66%
2863-IMQDR,Female,0,0,0,61,Two year,2,89.65,4438,5468.65,0,0.2654,0.01,0.016860865,1%
5686-CMAWK,Male,0,0,0,17,One year,2,86.75,751,1474.75,0,0.2654,0.035,0.239178593,10%
5651-CRHKQ,Female,0,1,0,41,One year,0,86.2,2895,3534.2,0,0.2654,0.17,0.124442164,8%
6905-NIQIN,Male,0,0,0,1,Month-to-month,3,50.65,4232,50.65,1,0.2654,0.605,0.363469331,41%
8204-YJCLA,Male,1,1,1,72,Two year,0,64.8,4002,4665.6,0,0.2654,0,0.013771993,1%
5167-ZFFMM,Male,0,0,0,1,Month-to-month,1,90.85,6327,90.85,1,0.2654,0.95,0.754312548,88%
6583-SZVGP,Male,0,0,0,48,Two year,0,108.1,4285,5188.8,0,0.2654,0.125,0.17052997,29%
4895-TMWIR,Male,1,1,0,11,Month-to-month,3,19.95,1761,219.45,1,0.2654,0.655,0.164144922,23%
0533-BNWKF,Female,1,1,0,55,Month-to-month,2,85.45,4120,4699.75,1,0.2654,0.805,0.335118562,57%
1708-PBBOA,Female,0,0,0,42,One year,2,54.75,1984,2299.5,0,0.2654,0.115,0.065204221,15%
8782-LKFPK,Male,0,0,0,44,Month-to-month,3,90.4,3475,3977.6,0,0.2654,0.15,0.489373422,26%
5522-JBWMO,Male,0,0,1,1,Month-to-month,2,44,3734,44,0,0.2654,0.09,0.342342646,41%
3597-MVHJT,Female,0,0,0,27,Month-to-month,0,95.6,2243,2581.2,0,0.2654,0.165,0.631374175,39%
9774-NRNAU,Male,1,1,0,27,Month-to-month,0,84.8,1945,2289.6,0,0.2654,0.06,0.307550327,13%
0224-RLWWD,Female,1,0,0,2,Month-to-month,2,44.3,6299,88.6,0,0.2654,0.21,0.538303355,53%
9967-ATRFS,Female,0,0,0,19,Month-to-month,3,19.9,3164,378.1,0,0.2654,0.03,0.11055179,3%
3951-NJCVI,Female,1,1,0,42,Month-to-month,2,95.05,3370,3992.1,0,0.2654,0.185,0.609124837,46%
2977-CEBSX,Female,0,0,0,66,Two year,1,90.05,4887,5943.3,0,0.2654,0,0.019852228,1%
0177-PXBAT,Male,1,1,0,33,Month-to-month,0,109.9,3188,3626.7,0,0.2654,0.155,0.449621148,26%
6599-CEBNN,Female,0,0,0,34,Month-to-month,1,73.95,2181,2514.3,1,0.2654,0.805,0.325043105,47%
2519-ERQOJ,Male,1,0,0,33,Month-to-month,2,54.6,1353,1801.8,0,0.2654,0.095,0.346586435,16%
5876-QMYLD,Female,0,1,1,23,One year,3,20.05,3545,461.15,0,0.2654,0,0.040164717,1%
2277-AXSDC,Female,0,0,0,32,One year,0,19.75,5062,632,0,0.2654,0.01,0.028634186,3%
9442-JTWDL,Female,0,0,0,11,One year,1,20.05,2010,220.55,0,0.2654,0.005,0.066960379,2%
0979-PHULV,Male,0,1,1,69,Month-to-month,1,99.45,5523,6862.05,1,0.2654,0.785,0.347709243,62%
3067-SVMTC,Female,0,1,0,68,One year,0,55.9,3294,3801.2,0,0.2654,0,0.009748,2%
5495-GPSRW,Male,0,0,0,20,Two year,3,19.7,3581,394,0,0.2654,0,0.032663329,1%
7606-BPHHN,Male,0,0,0,72,Two year,1,19.8,862,1425.6,0,0.2654,0,0.002343139,0%
4742-DRORA,Male,0,1,1,60,One year,0,95.4,4792,5724,0,0.2654,0.04,0.116322888,5%
0111-KLBQG,Male,1,1,1,32,Month-to-month,3,93.95,2469,3006.4,0,0.2654,0.125,0.503713059,28%
4800-VHZKI,Female,0,0,0,1,Month-to-month,3,19.9,1492,19.9,1,0.2654,0.341880952,0.26912,49%
7989-CHGTL,Male,0,0,0,1,Month-to-month,3,19.6,1486,19.6,1,0.2654,0.675,0.258991998,49%
0334-GDDSO,Male,1,0,0,3,Month-to-month,2,81.35,1965,244.05,1,0.2654,0.805,0.68676991,75%
4163-NCJAK,Female,0,1,0,46,One year,0,24.45,126,1124.7,0,0.2654,0.035,0.02270636,5%
5233-AOZUF,Female,0,1,0,29,Month-to-month,2,74.95,1765,2173.55,0,0.2654,0.195,0.495550818,55%
5973-EJGDP,Male,0,0,0,51,Month-to-month,2,87.35,3795,4454.85,0,0.2654,0.14,0.226526921,24%
1996-DBMUS,Female,1,1,0,48,Month-to-month,0,70.65,3070,3391.2,0,0.2654,0.51,0.307443094,34%
7916-VCCPB,Female,0,1,1,16,Month-to-month,0,73.25,364,1172,0,0.2654,0.13,0.319481641,37%
4686-GEFRM,Male,0,1,0,70,Two year,0,98.7,5414,6909,0,0.2654,0.02,0.055565234,8%
5249-QYHEX,Female,0,1,1,40,Two year,3,24.8,53,992,0,0.2654,0.01,0.013496944,1%
0578-SKVMF,Female,0,1,1,22,Month-to-month,2,83.3,1406,1832.6,1,0.2654,0.38,0.383042783,41%
5564-NEMQO,Female,1,0,0,1,Month-to-month,0,75.3,5769,75.3,1,0.2654,0.905,0.702591914,83%
2233-FAGXV,Female,0,1,1,5,Month-to-month,3,24.3,584,121.5,0,0.2654,0.27,0.244562257,19%
5605-IYGFG,Female,0,0,0,7,Month-to-month,0,69.85,4328,488.95,0,0.2654,0.285,0.609161603,40%
7663-ZTEGJ,Male,0,0,1,29,One year,1,100.55,2446,2915.95,0,0.2654,0.22,0.180697687,12%
3935-TBRZZ,Male,0,1,1,44,One year,3,25.7,214,1130.8,0,0.2654,0,0.017450512,3%
8111-BKVDS,Female,0,0,0,10,Month-to-month,0,40.7,3805,407,0,0.2654,0.07,0.284624059,13%
2055-SIFSS,Female,1,1,0,55,Month-to-month,0,51.65,2450,2840.75,0,0.2654,0.175,0.101667745,18%
2806-MLNTI,Male,1,1,0,52,One year,0,105.1,4477,5465.2,0,0.2654,0.275,0.30844662,39%
8734-DKSTZ,Female,0,1,1,10,Month-to-month,2,85.95,6237,859.5,0,0.2654,0.29,0.659284577,54%
4360-PNRQB,Male,0,0,0,18,Month-to-month,0,75.6,720,1360.8,0,0.2654,0.105,0.535704127,21%
6152-ONASV,Female,0,1,0,68,One year,0,58.25,3399,3961,0,0.2654,0.03,0.012426522,2%
9063-ZGTUY,Female,0,1,1,61,Month-to-month,3,19.4,340,1183.4,1,0.2654,0.755,0.017367012,30%
7781-HVGMK,Female,0,1,1,72,Two year,1,65.2,4044,4694.4,0,0.2654,0,0.01305975,1%
2181-UAESM,Male,0,0,0,2,Month-to-month,2,53.45,353,106.9,0,0.2654,0.48,0.232520126,44%
2957-LOLHO,Male,0,0,0,12,Month-to-month,0,45.4,4345,544.8,1,0.2654,0.645,0.347782422,30%
6048-NJXHX,Male,0,1,0,41,Two year,2,19.75,6319,809.75,0,0.2654,0.025,0.014009398,1%
2320-SLKMB,Female,0,0,0,26,Month-to-month,1,44.45,343,1155.7,0,0.2654,0.145,0.282757783,15%
4980-URKXC,Male,0,1,0,36,One year,0,20.85,5624,750.6,0,0.2654,0,0.024990578,2%
4376-KFVRS,Male,0,1,1,72,Two year,1,114.05,6196,8211.6,0,0.2654,0,0.047140066,1%
5886-VLQVU,Male,0,1,0,35,Month-to-month,0,89.85,2744,3144.75,0,0.2654,0.195,0.433441252,24%
3577-AMVUX,Male,0,0,0,1,Month-to-month,3,55.05,4559,55.05,0,0.2654,0.675,0.318354259,58%
0771-WLCLA,Female,0,1,1,16,Month-to-month,2,112.95,1456,1807.2,0,0.2654,0.215,0.502110596,25%
5628-RKIFK,Female,1,0,0,49,Month-to-month,1,101.55,4290,4975.95,0,0.2654,0.16,0.385336799,29%
0206-TBWLC,Female,0,1,0,54,One year,3,114.65,4944,6191.1,0,0.2654,0.08,0.178627819,14%
2937-FTHUR,Female,0,0,1,18,Month-to-month,2,64.8,311,1166.4,0,0.2654,0.315,0.215954488,24%
1910-FMXJM,Female,0,1,0,36,Month-to-month,2,80.4,2539,2894.4,0,0.2654,0.15,0.387014796,47%
7752-XUSCI,Female,0,0,0,60,Month-to-month,2,105.9,5156,6354,1,0.2654,0.655,0.44266088,56%
4110-PFEUZ,Female,0,0,0,1,Month-to-month,3,69.55,5447,69.55,1,0.2654,0.965,0.626654497,90%
0732-OCQOC,Female,0,1,1,52,Two year,0,25.05,498,1302.6,0,0.2654,0,0.007019037,1%
5168-MSWXT,Male,0,1,1,8,Month-to-month,2,94.75,5819,758,0,0.2654,0.255,0.696930232,56%
1090-ESELR,Male,0,1,1,72,Two year,0,105.5,5832,7596,0,0.2654,0.01,0.023253969,1%
8592-PLTMQ,Female,0,0,0,64,One year,3,24.7,1119,1580.8,0,0.2654,0.025,0.008667109,1%
5760-WRAHC,Female,1,0,0,22,Month-to-month,3,69.75,981,1534.5,0,0.2654,0.06,0.210853358,7%
8847-GEOOQ,Male,0,1,0,60,Month-to-month,0,60.2,3105,3612,0,0.2654,0.19,0.128666312,7%
0256-LTHVJ,Female,0,1,1,28,Month-to-month,2,81.05,1859,2269.4,1,0.2654,0.51,0.481676997,53%
4785-FCIFB,Female,0,1,0,61,Two year,3,24.4,769,1488.4,0,0.2654,0.005,0.004605924,0%
8313-NDOIA,Female,0,0,0,24,Month-to-month,2,104.15,2139,2499.6,0,0.2654,0.27,0.621270771,68%
5149-CUZUJ,Male,0,1,1,28,One year,0,92.9,2403,2601.2,0,0.2654,0.05,0.1197645,3%
0942-KOWSM,Female,0,1,1,30,Two year,0,80.8,2004,2424,0,0.2654,0.045,0.034104537,2%
4237-CLSMM,Male,0,1,0,2,Month-to-month,3,20,3254,40,0,0.2654,0.04,0.214866512,9%
1452-VOQCH,Male,0,0,0,1,Month-to-month,2,75.1,5768,75.1,0,0.2654,0.375,0.738769002,84%
4719-UMSIY,Male,0,0,1,6,Month-to-month,3,19.65,6,117.9,0,0.2654,0.035,0.134479188,6%
6614-VBEGU,Female,0,1,0,24,Month-to-month,0,69.45,1076,1666.8,0,0.2654,0.085,0.301961532,11%
0880-TKATG,Male,0,1,1,4,Month-to-month,2,101.15,3297,404.6,1,0.2654,0.615,0.688870844,79%
3811-VBYBZ,Male,0,0,0,7,Month-to-month,2,99.8,5337,698.6,1,0.2654,0.96,0.749686082,90%
1480-BKXGA,Male,1,1,0,72,Two year,0,116.05,6181,8355.6,0,0.2654,0,0.06719898,2%
2996-XAUVF,Male,0,0,0,70,Two year,3,40.05,2425,2803.5,0,0.2654,0.075,0.017462641,1%
9076-AXYIK,Male,1,1,0,64,Two year,2,102.1,5228,6534.4,0,0.2654,0.03,0.085789472,5%
5968-XQIVE,Male,0,1,1,72,One year,2,89.7,5256,6458.4,0,0.2654,0.08,0.113274667,12%
8896-RAZCR,Female,0,0,1,44,Two year,3,19.9,6263,875.6,0,0.2654,0,0.007887718,0%
4640-UHDOS,Female,0,1,1,13,Month-to-month,2,55.95,5689,727.35,1,0.2654,0.27,0.35192954,21%
4933-IKULF,Female,1,0,0,17,One year,3,20.65,2867,351.05,0,0.2654,0.01,0.06933218,2%
3583-EKAPL,Male,0,0,0,1,Month-to-month,2,55,4558,55,1,0.2654,0.78,0.548904264,68%
1304-BCCFO,Male,0,1,0,9,Month-to-month,3,70.05,4670,630.45,0,0.2654,0.45,0.532694344,37%
4104-PVRPS,Male,0,1,0,24,Month-to-month,3,53.6,578,1286.4,0,0.2654,0.09,0.093250052,5%
9399-APLBT,Female,0,1,1,1,Month-to-month,2,74.7,5723,74.7,1,0.2654,0.97,0.614682258,82%
2359-KMGLI,Male,0,0,0,24,Month-to-month,2,80.25,1432,1926,1,0.2654,0.905,0.474255034,62%
3780-DDGSE,Male,1,1,1,35,Month-to-month,2,76.05,2386,2661.75,0,0.2654,0.15,0.199457309,22%
4431-EDMIQ,Female,0,1,1,7,Month-to-month,2,75.7,4597,529.9,0,0.2654,0.12,0.219520219,10%
0306-JAELE,Male,0,0,0,5,Month-to-month,2,96.1,3856,480.5,1,0.2654,0.685,0.662933451,78%
6227-HWPWX,Female,0,0,1,15,Month-to-month,0,69,6520,1035,1,0.2654,0.465,0.43764598,51%
0486-LGCCH,Male,0,1,1,11,Two year,3,19.65,1887,216.15,0,0.2654,0.015,0.028630923,1%
0447-BEMNG,Female,0,1,0,48,Month-to-month,0,45.3,1763,2174.4,1,0.2654,0.73,0.15049826,41%
4612-SSVHJ,Female,1,0,0,20,Month-to-month,2,81.45,1156,1629,0,0.2654,0.135,0.61550051,40%
5168-MQQCA,Female,0,1,0,72,One year,0,108.5,6026,7812,0,0.2654,0.105,0.153568427,8%
5949-XIKAE,Female,0,1,1,8,Month-to-month,2,83.55,5384,668.4,1,0.2654,0.88,0.591253967,74%
7971-HLVXI,Male,0,1,1,72,Two year,1,84.5,5005,6084,0,0.2654,0.035,0.064527108,4%
9094-AZPHK,Female,0,0,0,15,Month-to-month,2,100.15,763,1502.25,0,0.2654,0.815,0.669974394,82%
3649-JPUGY,Male,0,0,0,72,Two year,0,88.6,5047,6379.2,0,0.2654,0.01,0.025542514,1%
4472-LVYGI,Female,0,1,1,0,Two year,0,52.55,0,0,0,0.2654,0.08,0.115971256,2%
8372-JUXUI,Male,0,0,1,1,Month-to-month,2,74.35,5718,74.35,1,0.2654,0.93,0.698642686,88%
3552-CTCYF,Male,0,1,1,63,Two year,0,104.8,5265,6602.4,0,0.2654,0.06,0.101205338,6%
6778-YSNIH,Female,0,0,0,2,Month-to-month,2,59,270,118,0,0.2654,0.44,0.414542606,56%
0388-EOPEX,Female,0,1,0,2,Month-to-month,2,74.4,711,148.8,1,0.2654,0.805,0.522462005,53%
5756-OZRIO,Male,1,1,0,61,One year,0,64.05,3347,3907.05,0,0.2654,0.065,0.048367628,3%
6579-JPICP,Male,0,0,0,1,Month-to-month,3,20.4,1614,20.4,0,0.2654,0,0.205605978,24%
8205-OTCHB,Male,0,0,0,22,One year,0,43.75,6333,962.5,1,0.2654,0.765,0.254468054,64%
4134-BSXLX,Male,0,1,0,28,Month-to-month,3,60.9,1320,1705.2,0,0.2654,0.09,0.076706406,6%
0505-SPOOW,Female,0,1,0,70,Two year,0,19.8,725,1386,0,0.2654,0,0.001900709,1%
6235-VDHOM,Female,1,0,0,5,Month-to-month,2,28.45,568,142.25,1,0.2654,0.745,0.456909306,64%
7783-YKGDV,Female,0,0,0,12,Month-to-month,0,99.7,436,1196.4,1,0.2654,0.885,0.50014743,83%
4374-YMUSQ,Male,0,0,0,34,One year,1,116.25,3337,3952.5,0,0.2654,0.235,0.170538922,17%
4513-CXYIX,Female,1,1,0,71,Two year,1,80.7,4688,5729.7,0,0.2654,0.075,0.044998506,2%
3957-HHLMR,Female,0,1,1,70,One year,0,65.2,3873,4564,0,0.2654,0.06,0.021891519,9%
7803-XOCCZ,Female,0,1,1,52,Month-to-month,0,84.05,3681,4370.6,0,0.2654,0.125,0.119603006,15%
5736-YEJAX,Male,0,0,1,69,Two year,1,79.45,4572,5482.05,0,0.2654,0,0.009003489,2%
5609-CEBID,Female,1,0,0,20,Month-to-month,2,94.1,1315,1882,1,0.2654,0.85,0.625290629,66%
8981-FJGLA,Male,0,0,1,11,Month-to-month,3,78,6217,858,0,0.2654,0.51,0.627107967,47%
7218-HKQFK,Male,0,1,0,2,Month-to-month,2,94.2,1155,188.4,1,0.2654,0.915,0.648998539,76%
4636-QRJKY,Female,0,1,1,6,Month-to-month,2,80.5,4252,483,1,0.2654,0.82,0.586162044,70%
1135-LMECX,Female,0,0,0,1,Month-to-month,3,19.85,1491,19.85,0,0.2654,0.156166667,0.20997449,35%
4332-MUOEZ,Male,1,1,1,20,One year,1,94.3,1372,1886,0,0.2654,0.055,0.152621327,10%
8535-SFUTN,Male,0,0,0,61,Month-to-month,2,106.45,5094,6493.45,0,0.2654,0.225,0.365298206,25%
5956-VKDTT,Female,1,1,0,5,Month-to-month,2,74.35,2897,371.75,1,0.2654,0.845,0.728626309,79%
8677-HDZEE,Female,0,0,0,56,Month-to-month,0,105.45,4852,5905.2,0,0.2654,0.085,0.359032538,20%
2475-MROZF,Male,0,0,0,30,Month-to-month,1,95,2464,2850,0,0.2654,0.075,0.257858245,16%
9412-GHEEC,Male,0,0,0,40,Month-to-month,0,104.8,3525,4192,1,0.2654,0.79,0.385897324,58%
3482-ABPKK,Female,0,0,0,28,One year,3,54.3,982,1520.4,0,0.2654,0.005,0.041103648,2%
6705-LXORM,Female,1,1,0,5,Month-to-month,2,70.05,2621,350.25,0,0.2654,0.145,0.598555582,57%
0257-ZESQC,Female,1,1,0,27,Month-to-month,0,75.2,1527,2030.4,1,0.2654,0.355,0.351360842,23%
7531-GQHME,Male,0,0,0,12,Month-to-month,1,20.05,2296,240.6,0,0.2654,0.02,0.126030687,7%
5174-ITUMV,Male,0,1,1,67,One year,2,105.4,5492,7061.8,0,0.2654,0.145,0.200679483,34%
4109-CYRBD,Male,1,1,0,29,Month-to-month,2,51.6,819,1496.4,0,0.2654,0.105,0.295147099,21%
0913-XWSCN,Male,0,1,1,55,Month-to-month,0,85.5,3991,4702.5,0,0.2654,0.115,0.272201856,19%
6825-UYPFK,Female,0,0,0,23,Month-to-month,0,75.6,1280,1738.8,1,0.2654,0.775,0.431745438,36%
8397-MVTAZ,Male,0,1,0,34,Month-to-month,2,100.05,3017,3401.7,1,0.2654,0.745,0.609787639,71%
0750-EBAIU,Male,0,0,0,52,One year,2,91.25,4006,4745,0,0.2654,0.04,0.098351199,5%
8606-CIQUL,Male,1,1,1,72,Two year,1,115.75,6170,8334,0,0.2654,0.005,0.058706321,1%
3571-DPYUH,Male,0,1,1,58,One year,1,94.7,4510,5492.6,0,0.2654,0.085,0.117189954,8%
7601-GNDYK,Male,0,1,1,35,Two year,3,19.6,5417,686,0,0.2654,0,0.011228395,1%
0356-OBMAC,Female,1,0,0,56,Two year,0,99.9,4709,5594.4,0,0.2654,0.03,0.0847117,5%
8067-NIOYM,Female,0,1,1,24,Two year,1,21.1,4150,506.4,0,0.2654,0.005,0.023956193,2%
1403-GYAFU,Male,0,1,1,70,Two year,1,20.05,656,1403.5,0,0.2654,0,0.001603821,1%
4234-XTNEA,Male,0,0,0,2,Month-to-month,2,79.95,1251,159.9,0,0.2654,0.315,0.664383779,76%
1297-VQDRP,Male,1,1,1,68,One year,1,107.15,5702,7286.2,0,0.2654,0.29,0.201306994,34%
9282-IZGQK,Female,0,0,0,1,Month-to-month,2,85,6206,85,1,0.2654,0.995,0.799904968,98%
5348-CAGXB,Male,0,0,0,12,Month-to-month,2,89.55,42,1074.6,0,0.2654,0.59,0.632644004,69%
0621-HJWXJ,Female,0,1,0,63,Month-to-month,0,81.55,4257,5137.65,0,0.2654,0.095,0.234783887,9%
5844-QVTAT,Female,0,1,1,33,One year,3,58.45,1557,1928.85,0,0.2654,0.025,0.04766393,4%
8905-IAZPF,Female,0,1,0,69,One year,1,95.65,5344,6599.85,0,0.2654,0.23,0.161632527,17%
5394-MEITZ,Female,0,1,1,60,Two year,0,80.6,4191,4836,0,0.2654,0.005,0.020355642,1%
6859-QNXIQ,Female,0,1,1,72,Two year,0,113.1,6111,8143.2,0,0.2654,0,0.045159961,1%
2782-LFZVW,Female,0,0,0,11,Month-to-month,3,58.95,4922,648.45,0,0.2654,0.065,0.54294259,23%
2866-IKBTM,Female,0,0,0,1,Month-to-month,3,19.55,1485,19.55,0,0.2654,0.055,0.208802651,19%
1342-JPNKI,Male,0,0,0,10,Month-to-month,0,86.05,6154,860.5,1,0.2654,0.76,0.705311281,77%
2817-NTQDO,Male,0,0,0,13,Month-to-month,1,45.55,4892,592.15,1,0.2654,0.255,0.349678147,27%
7129-AZJDE,Male,0,1,1,34,One year,0,78.95,2292,2684.3,0,0.2654,0.19,0.22734957,23%
6986-IJDHX,Male,0,1,1,39,Month-to-month,3,86.3,2843,3365.7,1,0.2654,0.72,0.347068594,31%
2560-PPCHE,Female,0,0,0,65,One year,0,105.05,5345,6828.25,0,0.2654,0.03,0.171063029,12%
4676-MQUEA,Male,1,1,0,50,One year,0,101.9,4407,5095,0,0.2654,0.045,0.181813721,16%
8138-EALND,Male,0,0,0,15,Month-to-month,3,19.75,2705,296.25,0,0.2654,0.08,0.122472034,10%
3580-HYCSP,Male,0,1,1,72,Two year,0,110.3,5999,7941.6,0,0.2654,0.04,0.060729509,1%
1352-HNSAW,Female,0,1,1,72,Two year,0,115.6,6106,8323.2,0,0.2654,0,0.04967652,1%
2075-PUEPR,Male,0,1,1,55,Two year,0,19.35,291,1064.25,0,0.2654,0,0.002952666,5%
1982-FEBTD,Female,0,1,1,23,Two year,1,25.6,4326,588.8,0,0.2654,0.015,0.033005134,2%
5301-GAUUY,Male,0,0,0,32,Month-to-month,0,80.35,2245,2571.2,1,0.2654,0.73,0.39861226,44%
5791-KAJFD,Female,0,1,1,56,One year,0,68.75,3264,3850,0,0.2654,0.14,0.046219722,9%
2654-VBVPB,Female,0,0,0,1,Month-to-month,0,19.9,1492,19.9,0,0.2654,0.184166667,0.187390207,34%
1154-HYWWO,Male,0,0,0,38,One year,3,70.6,2353,2682.8,0,0.2654,0.04,0.033371659,8%
2501-XWWTZ,Male,0,0,0,11,Month-to-month,2,70.2,5827,772.2,0,0.2654,0.155,0.528450144,43%
3716-UVSPD,Male,0,0,0,1,Month-to-month,2,49.3,4139,49.3,0,0.2654,0.145,0.381186488,48%
6815-ABQFQ,Male,0,1,0,56,One year,2,107.25,4936,6006,0,0.2654,0.145,0.230629379,26%
7343-EOBEU,Male,0,1,0,3,Month-to-month,3,23.6,6295,70.8,0,0.2654,0.235,0.34608095,26%
3701-SFMUH,Male,0,1,1,7,Month-to-month,1,69.7,4334,487.9,0,0.2654,0.055,0.298920656,14%
6103-LIANB,Male,0,1,1,59,Two year,1,99.5,4818,5870.5,0,0.2654,0.08,0.125564263,11%
7319-VENRZ,Male,0,0,0,7,Month-to-month,0,64.3,3778,450.1,0,0.2654,0.085,0.266494785,12%
5846-NEQVZ,Male,0,1,1,71,Two year,1,70.85,4208,5030.35,0,0.2654,0.045,0.008035145,2%
6967-QIQRV,Male,0,1,1,15,One year,2,101.9,1151,1528.5,0,0.2654,0.19,0.195607077,21%
5781-RFZRP,Male,0,1,0,71,Two year,1,73.5,4469,5218.5,0,0.2654,0.005,0.00688088,1%
0939-YAPAF,Female,0,0,0,35,Month-to-month,2,100.25,3057,3508.75,1,0.2654,0.84,0.60868691,61%
0308-IVGOK,Female,0,0,0,11,One year,1,40.4,3603,444.4,0,0.2654,0.08,0.21734459,10%
7293-LSCDV,Female,0,1,1,60,Two year,1,19.25,201,1155,0,0.2654,0.005,0.003513141,1%
7025-WCBNE,Male,1,0,0,47,Two year,0,59.6,2393,2801.2,0,0.2654,0.04,0.017787265,2%
5756-JYOJT,Female,0,0,0,11,One year,1,64.9,5483,713.9,0,0.2654,0.05,0.165048942,15%
4710-FDUIZ,Male,0,1,0,56,One year,1,100.3,4650,5616.8,1,0.2654,0.76,0.203063917,44%
6030-REHUX,Female,1,1,0,28,Month-to-month,2,110.85,2784,3103.8,0,0.2654,0.26,0.583799987,41%
9548-LIGTA,Male,0,1,0,61,Two year,3,81.05,4016,4944.05,0,0.2654,0.01,0.01715868,1%
5150-LJNSR,Male,0,1,1,31,One year,0,98.05,2675,3039.55,0,0.2654,0.115,0.173895142,7%
8270-RKSAP,Male,0,0,0,9,Month-to-month,2,70.5,4893,634.5,0,0.2654,0.39,0.615133538,54%
6522-YRBXD,Male,1,1,0,35,Month-to-month,2,94.55,2920,3309.25,0,0.2654,0.12,0.434021555,30%
2640-LYMOV,Male,0,0,0,2,Month-to-month,3,19.65,3259,39.3,0,0.2654,0.04,0.267073617,12%
1218-VKFPE,Female,0,1,1,12,Month-to-month,3,19,1963,228,1,0.2654,0.635,0.120507431,20%
3627-FHKBK,Female,0,0,0,1,Month-to-month,3,75.3,5769,75.3,1,0.2654,0.87,0.521355425,63%
2865-TCHJW,Female,1,0,0,4,Month-to-month,2,89.2,2992,356.8,1,0.2654,0.905,0.7555206,84%
1423-BMPBQ,Female,0,1,1,1,Month-to-month,3,19,1475,19,0,0.2654,0.18,0.237062363,31%
2393-DIVAI,Female,0,0,0,3,Month-to-month,3,20,4985,60,0,0.2654,0.115,0.285335374,17%
5192-EBGOV,Female,1,0,0,1,Month-to-month,2,85.7,6213,85.7,1,0.2654,0.955,0.809676159,96%
4568-KNYWR,Male,0,0,0,52,Two year,1,63.25,2900,3289,0,0.2654,0.025,0.015526796,1%
8752-IMQOS,Male,0,1,1,5,One year,3,20.1,6208,100.5,0,0.2654,0.015,0.095941954,2%
0742-LAFQK,Male,0,1,0,72,Two year,2,99.15,5739,7138.8,0,0.2654,0.01,0.054110617,1%
0795-LAFGP,Male,0,1,1,71,Two year,2,90.4,5295,6418.4,0,0.2654,0.005,0.011163899,1%
0619-OLYUR,Male,0,1,0,72,Two year,1,111.9,6047,8056.8,0,0.2654,0.01,0.068419285,1%
5512-IDZEI,Male,0,1,1,46,One year,2,24.9,326,1145.4,0,0.2654,0.015,0.014908131,3%
0459-SPZHJ,Male,0,1,1,63,Two year,1,83.5,4515,5260.5,0,0.2654,0.075,0.01598237,1%
0215-BQKGS,Male,0,0,0,30,Month-to-month,1,84.3,2085,2529,0,0.2654,0.155,0.255965655,15%
9244-ZVAPM,Male,0,0,0,1,Month-to-month,3,45.6,3820,45.6,0,0.2654,0.26,0.404820077,57%
0719-SYFRB,Female,0,0,0,12,Month-to-month,3,61.65,5593,739.8,1,0.2654,0.78,0.264336268,30%
8208-EUMTE,Male,0,0,0,16,Two year,3,54.85,6357,877.6,0,0.2654,0.015,0.06503601,1%
5172-MIGPM,Male,0,0,0,4,Month-to-month,3,65.55,2006,262.2,0,0.2654,0.11,0.400746888,28%
1710-RCXUS,Male,0,1,0,51,One year,1,90.35,3916,4607.85,0,0.2654,0.135,0.22651102,15%
0374-FIUCA,Male,0,1,0,65,Two year,1,20.4,760,1326,0,0.2654,0.005,0.003412527,0%
5839-SUYVZ,Male,0,0,0,16,Month-to-month,1,74.55,318,1192.8,0,0.2654,0.09,0.39787674,20%
5173-ZXXXL,Male,0,0,0,2,One year,3,19.95,3979,39.9,0,0.2654,0.07,0.112292767,2%
1096-ADRUX,Female,0,1,1,66,One year,0,74.25,4098,4900.5,0,0.2654,0.04,0.098685291,15%
2001-MCUUW,Male,0,0,0,46,Two year,2,108.65,4154,4997.9,0,0.2654,0.065,0.097570569,7%
2731-GJRDG,Female,0,0,0,32,One year,0,109.55,3123,3505.6,0,0.2654,0.365,0.246507756,22%
4723-BEGSG,Male,0,1,0,72,Two year,1,86.65,4978,6238.8,0,0.2654,0,0.014225135,0%
6516-NKQBO,Male,0,1,1,38,Two year,1,81,2676,3078,0,0.2654,0.07,0.021349911,1%
8672-OAUPW,Male,0,0,1,51,One year,1,47.85,1996,2440.35,0,0.2654,0.055,0.018901433,5%
8207-DMRVL,Male,0,1,1,72,Two year,0,114.55,6138,8247.6,0,0.2654,0,0.033515021,1%
3419-SNJJD,Female,1,1,0,65,Month-to-month,0,105.25,5368,6841.25,1,0.2654,0.745,0.295912107,35%
6543-CPZMK,Male,0,1,1,9,Month-to-month,2,29.95,2129,269.55,1,0.2654,0.705,0.43254847,55%
4765-OXPPD,Female,0,1,1,9,Month-to-month,3,65,5280,585,1,0.2654,0.275,0.144543605,13%
2804-ETQDK,Male,0,0,1,66,Two year,3,20.55,647,1356.3,0,0.2654,0,0.002101846,0%
6689-VRRTK,Female,1,0,0,44,One year,1,109.8,4103,4831.2,0,0.2654,0.17,0.273056619,29%
7138-GIRSH,Male,0,0,0,50,Two year,0,69.5,2961,3475,0,0.2654,0.005,0.024099763,1%
9396-ZSFLL,Female,0,0,0,15,Month-to-month,3,48.85,5101,732.75,0,0.2654,0.08,0.351692731,15%
6464-KEXXH,Male,0,0,0,8,Month-to-month,1,25.25,1430,202,0,0.2654,0.23,0.508583786,41%
7134-MJPDY,Female,1,0,0,66,One year,1,102.85,5487,6788.1,0,0.2654,0.165,0.212385485,21%
5240-CAOYT,Female,0,0,0,57,Month-to-month,0,87.55,4125,4990.35,0,0.2654,0.025,0.134226102,4%
4059-IIEBK,Female,0,0,0,7,Month-to-month,0,78.55,4373,549.85,0,0.2654,0.24,0.621162513,54%
4881-JVQOD,Male,1,1,1,10,Month-to-month,0,34.55,3129,345.5,0,0.2654,0.4,0.570045404,56%
0516-UXRMT,Female,0,0,0,62,One year,2,92.05,4751,5707.1,0,0.2654,0.035,0.102502751,5%
4851-BQDNX,Male,0,1,1,40,One year,2,85.05,2912,3402,0,0.2654,0.235,0.203642208,25%
5148-HKFIR,Female,0,0,0,20,Two year,3,19.7,3471,394,0,0.2654,0,0.024759231,0%
1009-IRMNA,Female,0,0,0,7,Month-to-month,0,20,666,140,1,0.2654,0.65,0.143483123,30%
3003-CMDUU,Female,0,1,0,25,Month-to-month,2,95.15,2033,2378.75,0,0.2654,0.37,0.518388965,33%
5016-IBERQ,Male,0,1,0,23,Month-to-month,2,84.25,1571,1937.75,0,0.2654,0.31,0.40212491,38%
6797-UCJHZ,Female,1,1,0,66,One year,1,104.6,5388,6903.6,0,0.2654,0.13,0.20168773,21%
2469-DTSGX,Female,1,0,0,72,Two year,2,111.65,5993,8038.8,0,0.2654,0.02,0.079211217,2%
4554-YGZIH,Male,1,1,0,49,Month-to-month,1,90.05,3876,4412.45,1,0.2654,0.72,0.362173499,56%
5099-BAILX,Male,1,1,1,43,Month-to-month,0,110.75,3965,4762.25,1,0.2654,0.795,0.427275492,59%
9931-KGHOA,Female,0,1,0,46,Month-to-month,0,55,2124,2530,0,0.2654,0.03,0.077727315,11%
1775-KWJKQ,Male,0,1,1,72,Two year,1,89.85,5242,6469.2,0,0.2654,0,0.010093402,0%
7665-VIGUD,Male,0,0,0,10,One year,3,20.35,1285,203.5,0,0.2654,0.025,0.071395721,3%
9411-TPQQV,Female,0,0,0,40,One year,0,54.55,1870,2182,0,0.2654,0.03,0.091379348,6%
7207-RMRDB,Female,0,1,1,65,Month-to-month,2,105.5,5491,6857.5,1,0.2654,0.73,0.376117031,43%
7954-MLBUN,Male,0,0,0,31,Two year,0,99.45,2704,3082.95,0,0.2654,0.02,0.10604401,2%
2077-DDHJK,Female,0,1,0,68,Two year,1,70.9,4161,4821.2,0,0.2654,0,0.006493147,2%
4913-EHYUI,Male,1,1,1,56,One year,0,104.55,4778,5854.8,1,0.2654,0.75,0.203581931,40%
0195-IESCP,Male,0,1,0,10,Month-to-month,2,85.25,6228,852.5,1,0.2654,0.945,0.750514954,89%
9574-BOSMD,Male,0,1,1,68,Two year,0,25.4,1088,1727.2,0,0.2654,0,0.002451066,0%
4580-TMHJU,Female,0,1,1,43,Month-to-month,2,56.15,2146,2414.45,1,0.2654,0.265,0.115380885,18%
0970-ETWGE,Male,0,0,0,1,Month-to-month,2,89.55,6302,89.55,1,0.2654,0.615,0.775023947,85%
4908-XAXAY,Female,1,0,0,49,One year,0,89.85,3648,4402.65,0,0.2654,0.03,0.203092079,10%
8404-VLQFB,Female,0,1,1,15,Month-to-month,2,25.25,3367,378.75,0,0.2654,0.115,0.18674046,17%
1626-ERCMM,Male,1,1,0,20,Month-to-month,2,94.55,1474,1891,1,0.2654,0.79,0.713969993,62%
0887-HJGAR,Male,0,0,0,1,Month-to-month,3,45.7,3822,45.7,1,0.2654,0.785,0.485440622,66%
2391-IPLOP,Male,0,1,1,50,One year,2,69.65,2982,3482.5,0,0.2654,0.03,0.059171193,6%
5644-PDMZC,Female,1,0,0,2,Month-to-month,2,89.5,1068,179,1,0.2654,0.845,0.675825117,83%
3509-GWQGF,Male,1,0,0,24,Month-to-month,1,70,1240,1680,0,0.2654,0.14,0.389559757,23%
9576-ANLXO,Female,0,0,0,3,Month-to-month,0,69.55,1854,208.65,1,0.2654,0.89,0.611345646,72%
2024-BASKD,Female,0,0,0,1,Month-to-month,3,74.6,5722,74.6,1,0.2654,0.915,0.694230954,87%
5845-BZZIB,Male,0,1,1,35,Two year,3,20.1,5235,703.5,0,0.2654,0,0.011300972,1%
1140-UKVZG,Female,0,0,0,17,Month-to-month,3,24.8,4023,421.6,0,0.2654,0.095,0.158353717,6%
4160-AMJTL,Female,1,0,0,8,Month-to-month,2,19.65,1112,157.2,1,0.2654,0.16,0.173666079,16%
5183-SNMJQ,Male,0,0,0,10,Month-to-month,1,95.1,6252,951,0,0.2654,0.39,0.641460805,49%
8100-PNJMH,Male,0,1,1,68,Two year,1,88.85,5007,6041.8,0,0.2654,0,0.014873565,1%
7838-LAZFO,Male,0,1,0,45,One year,0,78.8,3112,3546,0,0.2654,0.035,0.046243194,5%
4464-JCOLN,Male,0,1,1,2,One year,3,19.85,3036,39.7,1,0.2654,0.685,0.094069383,15%
2085-JVGAD,Male,0,1,0,37,Month-to-month,0,20.35,5484,752.95,0,0.2654,0.04,0.049376258,8%
5650-VDUDS,Female,0,0,0,4,Month-to-month,3,24.25,6465,97,1,0.2654,0.825,0.641566429,66%
8095-WANWK,Female,0,0,0,10,Month-to-month,3,45.25,3642,452.5,0,0.2654,0.145,0.326808022,15%
3030-ZKIWL,Male,0,0,0,1,Month-to-month,3,20.05,1607,20.05,0,0.2654,0.228333333,0.204260383,42%
9565-FLVCG,Male,0,1,1,65,Two year,3,69.55,3785,4520.75,0,0.2654,0.02,0.015977982,2%
8755-OGKNA,Female,0,1,1,57,Two year,0,19.5,312,1111.5,0,0.2654,0,0.002830223,2%
2800-VEQXM,Female,0,0,0,3,Month-to-month,3,74.75,2016,224.25,0,0.2654,0.175,0.63963654,38%
7538-GWHML,Female,0,0,0,2,Month-to-month,2,69.65,834,139.3,1,0.2654,0.855,0.552351732,62%
5533-RJFTJ,Male,0,0,0,49,Month-to-month,0,30.2,839,1479.8,0,0.2654,0.095,0.131220455,19%
3859-CVCET,Female,0,0,0,4,Month-to-month,3,45.65,1508,182.6,1,0.2654,0.81,0.360104551,55%
0214-JHPFW,Female,0,1,0,70,Two year,0,57.8,3452,4046,0,0.2654,0,0.014904671,1%
5642-MHDQT,Female,0,1,1,53,One year,0,19.85,78,1052.05,0,0.2654,0.035,0.010196929,18%
3088-FVYWK,Male,0,1,1,53,Two year,1,25.55,606,1354.15,0,0.2654,0.015,0.004982778,3%
3276-HDUEG,Female,0,0,0,1,Month-to-month,3,75.05,5767,75.05,1,0.2654,0.835,0.756053574,84%
9092-GDZKO,Male,0,0,0,22,Month-to-month,1,24.85,4180,546.7,0,0.2654,0.045,0.153762316,8%
0823-HSCDJ,Male,1,0,0,52,Month-to-month,2,49.15,2208,2555.8,1,0.2654,0.81,0.232364737,53%
3729-OWRVL,Male,1,0,0,65,Two year,2,110.35,5642,7172.75,0,0.2654,0.085,0.087880485,10%
2324-AALNO,Female,0,0,0,48,One year,0,24.55,374,1178.4,0,0.2654,0,0.014868468,2%
0822-GAVAP,Female,0,0,0,2,Month-to-month,2,34.7,5041,69.4,1,0.2654,0.895,0.700619623,90%
5760-IFJOZ,Male,0,0,0,3,Month-to-month,3,107.95,2722,323.85,0,0.2654,0.205,0.697888716,28%
2826-UWHIS,Male,0,1,0,45,Month-to-month,0,81.4,3240,3663,0,0.2654,0.095,0.261811024,16%
1448-PWKYE,Male,0,1,1,1,Month-to-month,2,80,6013,80,1,0.2654,0.86,0.644828071,90%
7501-IWUNG,Female,0,1,1,61,Two year,0,73.8,3919,4501.8,0,0.2654,0.02,0.020550176,4%
4957-TREIR,Male,0,0,0,3,Month-to-month,1,64.4,1553,193.2,0,0.2654,0.1,0.262773332,16%
7251-LJBQN,Female,1,0,0,40,One year,1,103.75,3578,4150,0,0.2654,0.17,0.334226756,29%
8040-MNRTF,Female,0,0,0,1,Month-to-month,3,71.1,5565,71.1,0,0.2654,0.32,0.636165072,59%
1536-HBSWP,Female,0,0,0,1,Month-to-month,2,49.9,4147,49.9,0,0.2654,0.17,0.395198629,48%
5313-FPXWG,Male,0,0,0,51,One year,0,24.6,487,1254.6,0,0.2654,0.015,0.017231653,3%
0067-DKWBL,Male,1,0,0,2,Month-to-month,2,49.25,6343,98.5,1,0.2654,0.885,0.41228384,72%
0946-FKYTX,Male,0,0,0,52,One year,3,30.1,1095,1565.2,0,0.2654,0.105,0.041874935,4%
5076-YVXCM,Male,0,0,0,51,Month-to-month,0,83.4,3543,4253.4,0,0.2654,0.155,0.308395374,35%
8262-COGGB,Male,0,0,0,1,Month-to-month,3,20.45,1615,20.45,0,0.2654,0.03,0.26393206,29%
6663-JOCQO,Male,0,1,1,31,One year,0,75.25,1979,2332.75,0,0.2654,0.12,0.062715406,13%
9620-QJREV,Male,0,0,1,47,One year,1,20.55,29,965.85,0,0.2654,0.005,0.009702511,2%
2276-YDAVZ,Female,0,0,0,3,Month-to-month,1,75.1,2350,225.3,1,0.2654,0.95,0.690340379,82%
2682-KEVRP,Female,1,0,0,22,One year,3,20.05,3562,441.1,0,0.2654,0,0.076703327,1%
2480-JZOSN,Female,0,1,0,1,Month-to-month,3,20.65,1619,20.65,0,0.2654,0.207916667,0.279865494,40%
0078-XZMHT,Male,0,1,0,72,Two year,0,85.15,5107,6130.8,0,0.2654,0.005,0.023061393,1%
5896-NPFWW,Male,0,1,1,3,Month-to-month,2,50.15,1168,150.45,1,0.2654,0.92,0.374207616,79%
9978-HYCIN,Male,1,1,1,47,One year,0,84.95,3436,3992.65,0,0.2654,0.045,0.161580287,8%
8338-QIUNR,Male,0,1,1,72,Two year,1,66.5,4066,4788,0,0.2654,0.045,0.007110658,2%
1525-LNLOJ,Male,0,1,1,66,Two year,0,63.3,3579,4177.8,0,0.2654,0.015,0.019240257,2%
9450-TRJUU,Male,0,0,0,35,Month-to-month,2,83.15,2462,2910.25,0,0.2654,0.365,0.403086603,49%
1766-GKNMI,Male,0,0,0,29,Month-to-month,2,84.9,2177,2462.1,0,0.2654,0.27,0.568583182,56%
6942-LBFDP,Female,0,0,0,2,Month-to-month,3,20.55,2862,41.1,0,0.2654,0.01125,0.276178052,18%
1456-TWCGB,Male,0,0,0,4,Month-to-month,3,49.25,1707,197,0,0.2654,0.21,0.30248326,37%
7133-VBDCG,Female,0,0,0,25,Month-to-month,0,79.85,1643,1996.25,1,0.2654,0.255,0.286369085,25%
7596-ZYWBB,Female,0,0,0,65,Two year,3,59.6,3216,3874,0,0.2654,0.035,0.006584129,1%
8329-UTMVM,Male,1,0,0,27,One year,0,104.65,2559,2825.55,0,0.2654,0.095,0.348744934,23%
3014-WJKSM,Male,0,1,0,29,Month-to-month,1,75.3,1899,2183.7,0,0.2654,0.095,0.403137014,25%
3347-YJZZE,Male,0,1,1,29,Month-to-month,1,80.1,1847,2322.9,0,0.2654,0.075,0.238227901,12%
1029-QFBEN,Male,0,0,0,1,Month-to-month,3,19.55,1485,19.55,1,0.2654,0.125,0.201458822,25%
7929-DMBCV,Female,0,1,0,20,Month-to-month,3,81,1179,1620,0,0.2654,0.195,0.42345964,12%
9661-JALZV,Female,0,0,0,58,Two year,1,24.7,936,1432.6,0,0.2654,0.01,0.006557077,1%
5433-KYGHE,Female,0,0,1,14,Month-to-month,3,86,306,1204,0,0.2654,0.16,0.372536178,27%
4312-KFRXN,Male,0,1,0,72,Two year,3,25.4,1212,1828.8,0,0.2654,0,0.00283675,0%
5575-TPIZQ,Male,0,0,0,46,Month-to-month,1,89.15,3621,4100.9,0,0.2654,0.09,0.314673223,15%
0114-IGABW,Female,0,1,0,71,Two year,0,58.25,3541,4135.75,0,0.2654,0,0.014683317,1%
9944-AEXBM,Male,0,0,0,32,Month-to-month,0,85.65,2318,2740.8,0,0.2654,0.185,0.529407936,33%
1853-ARAAQ,Female,0,0,0,26,Month-to-month,1,50.35,509,1309.1,0,0.2654,0.09,0.444815735,13%
6952-OMNWB,Male,1,1,0,68,Month-to-month,1,80.35,4626,5463.8,0,0.2654,0.09,0.260719036,27%
4697-LUPSU,Male,0,1,1,2,One year,3,20.2,2943,40.4,0,0.2654,0.065,0.094360366,6%
8434-VGEQQ,Male,0,1,1,61,Two year,1,20.55,561,1253.55,0,0.2654,0,0.002477039,0%
4952-YSOGZ,Female,0,1,1,4,Month-to-month,2,85.95,3267,343.8,1,0.2654,0.95,0.735327601,87%
1589-AGTLK,Male,0,0,0,3,Month-to-month,2,45.35,747,136.05,1,0.2654,0.815,0.41415115,63%
5244-IRFIH,Male,1,1,0,33,Month-to-month,2,94.5,2702,3118.5,1,0.2654,0.905,0.64653969,51%
6549-YMFAW,Male,1,1,0,9,Month-to-month,3,21.25,1672,191.25,0,0.2654,0.13,0.23476282,19%
4950-HKQTE,Female,0,0,0,22,Two year,3,26.25,4948,577.5,0,0.2654,0.015,0.033436553,1%
6786-OBWQR,Female,0,1,1,5,Month-to-month,2,80.85,3081,404.25,0,0.2654,0.23,0.644449268,68%
2684-EIWEO,Female,1,0,0,30,Month-to-month,1,91.7,2397,2751,1,0.2654,0.775,0.31042539,38%
2753-JMMCV,Male,0,0,0,65,Two year,1,74.2,4061,4823,0,0.2654,0.005,0.019400366,5%
6439-GTPCA,Female,0,0,0,45,Month-to-month,2,87.25,3368,3926.25,1,0.2654,0.33,0.328148142,23%
6621-YOBKI,Male,0,0,0,5,Month-to-month,3,20.35,6371,101.75,0,0.2654,0.045,0.213318072,6%
1216-JWVUX,Male,0,1,1,25,Month-to-month,2,75.5,1500,1887.5,0,0.2654,0.2,0.362595843,38%
7564-GHCVB,Female,0,1,1,72,Two year,0,79.05,4733,5691.6,0,0.2654,0.055,0.020482443,1%
1173-NOEYG,Female,0,1,0,27,Month-to-month,0,90.15,2070,2434.05,0,0.2654,0.325,0.49747663,25%
7595-EHCDL,Male,0,1,1,32,Month-to-month,1,50.6,1135,1619.2,0,0.2654,0.045,0.281348768,8%
6647-ZEDXT,Female,0,0,0,30,One year,1,110.45,2888,3313.5,0,0.2654,0.25,0.257152186,21%
2521-NPUZR,Male,0,1,0,70,Two year,1,101,5561,7070,0,0.2654,0.05,0.023240466,3%
1307-TVUFB,Male,1,0,0,42,Month-to-month,0,79.35,2902,3332.7,0,0.2654,0.18,0.36205527,32%
7503-MIOGA,Female,1,1,0,72,Two year,0,89.85,5315,6469.2,0,0.2654,0,0.019532081,0%
4381-MHQDC,Female,0,0,0,47,Two year,3,65,2487,3055,0,0.2654,0.045,0.019949993,1%
6923-JHPMP,Female,0,0,0,2,Month-to-month,2,80.45,664,160.9,0,0.2654,0.25,0.511162096,42%
5138-WVKYJ,Male,0,0,0,10,Month-to-month,2,98.55,17,985.5,1,0.2654,0.7,0.53200004,62%
4018-PPNDW,Female,0,1,1,61,Two year,3,24.1,990,1470.1,0,0.2654,0,0.005321745,1%
1635-FJFCC,Female,0,0,0,5,Month-to-month,1,44.05,1650,220.25,0,0.2654,0.16,0.397280723,42%
2499-AJYUA,Female,1,1,0,72,Two year,1,110.8,5954,7977.6,0,0.2654,0,0.101440938,1%
6919-ELBGL,Male,1,1,1,72,Two year,0,114.95,6098,8276.4,0,0.2654,0,0.054265171,1%
3966-HRMZA,Female,1,0,0,3,Month-to-month,3,75.05,1653,225.15,0,0.2654,0.39,0.599337442,44%
6425-JWTDV,Male,0,1,0,48,Two year,3,19.25,6227,924,0,0.2654,0,0.007532066,0%
8405-IGQFX,Female,0,0,0,63,One year,1,90.05,4795,5673.15,0,0.2654,0.035,0.107229223,2%
8224-IVVPA,Female,0,0,0,27,Month-to-month,3,56.7,1134,1530.9,0,0.2654,0.045,0.145842566,11%
9477-LGWQI,Male,0,1,1,70,Two year,1,80.15,4639,5610.5,0,0.2654,0.02,0.013538215,2%
1410-RSCMR,Male,0,1,1,7,Month-to-month,1,71.35,4329,499.45,0,0.2654,0.245,0.259005652,19%
3115-CZMZD,Male,0,0,1,0,Two year,3,20.25,0,0,0,0.2654,0.03,0.04235571,1%
0139-IVFJG,Female,0,1,0,2,Month-to-month,2,90.35,1497,180.7,0,0.2654,0.095,0.449169184,39%
6683-VLCTZ,Male,1,0,0,20,Month-to-month,2,98.55,1404,1971,1,0.2654,0.8,0.698310384,77%
5730-DBDSI,Male,0,0,0,66,Two year,0,19.7,464,1300.2,0,0.2654,0.02,0.002089875,0%
0030-FNXPP,Female,0,0,0,3,Month-to-month,3,19.85,4702,59.55,0,0.2654,0.21,0.220907254,14%
2189-WWOEW,Female,0,0,1,15,Month-to-month,0,85.9,494,1288.5,1,0.2654,0.735,0.490842569,53%
5684-FJVYR,Female,0,1,1,72,Two year,0,90.35,5243,6505.2,0,0.2654,0.03,0.020854395,1%
4013-GUXND,Male,0,0,0,1,Month-to-month,3,20.8,1622,20.8,0,0.2654,0.068916667,0.207151832,29%
1894-IGFSG,Female,0,0,0,22,Month-to-month,2,89.25,1506,1963.5,1,0.2654,0.78,0.522132132,40%
7379-POKDZ,Male,0,1,0,3,Month-to-month,2,70.3,1709,210.9,1,0.2654,0.785,0.632806831,61%
1266-NZYUI,Female,0,1,1,72,Two year,0,66.85,4028,4813.2,0,0.2654,0.16,0.005197638,2%
7969-FFOWG,Male,0,1,1,65,Two year,3,19.9,534,1293.5,0,0.2654,0,0.002202588,0%
4718-DHSMV,Female,0,0,0,11,Month-to-month,3,35.8,3138,393.8,0,0.2654,0.255,0.580288591,35%
5175-WLYXL,Male,0,0,0,22,Month-to-month,3,78.85,1059,1734.7,0,0.2654,0.23,0.48782939,33%
7817-OMJNA,Male,0,0,0,14,One year,0,20.4,2389,285.6,0,0.2654,0.02,0.055206724,4%
8728-SKJLR,Male,0,0,0,41,Month-to-month,2,74.25,2680,3044.25,0,0.2654,0.13,0.250756422,25%
3137-NYQQI,Male,0,1,0,17,One year,3,64.8,327,1101.6,0,0.2654,0.03,0.09334792,6%
7706-DZNKK,Male,0,0,0,11,Month-to-month,1,20.45,2008,224.95,0,0.2654,0.03,0.172350709,6%
0236-HFWSV,Male,0,0,0,15,Month-to-month,2,93.35,825,1400.25,1,0.2654,0.82,0.689607311,68%
3900-AQPHZ,Female,0,0,0,1,Month-to-month,3,19.9,1492,19.9,1,0.2654,0.461404762,0.210170266,42%
5842-POCOP,Female,0,1,0,5,Month-to-month,3,88.9,3868,444.5,1,0.2654,0.31,0.608363941,25%
2037-XJFUP,Male,0,1,0,33,One year,2,95.8,2639,3161.4,1,0.2654,0.675,0.354643714,44%
8823-RLPWL,Female,0,1,0,72,Two year,1,110.65,6046,7966.8,0,0.2654,0,0.079421414,1%
9505-SQFSW,Female,0,1,1,3,Month-to-month,3,40.3,6369,120.9,0,0.2654,0.165,0.566319679,24%
7314-OXENN,Male,0,0,0,2,Month-to-month,2,82,1398,164,1,0.2654,0.825,0.654513976,85%
3758-CKOQL,Female,0,1,0,59,One year,1,107,5020,6313,0,0.2654,0.08,0.124092337,22%
0322-CHQRU,Male,0,0,0,2,Month-to-month,2,45.35,6301,90.7,1,0.2654,0.845,0.41169819,60%
5676-CFLYY,Male,0,1,1,71,Two year,1,73.35,4332,5207.85,0,0.2654,0.025,0.012695455,2%
7521-AFHAB,Female,0,1,1,5,Month-to-month,3,44.8,1825,224,0,0.2654,0.17,0.316821336,41%
0285-INHLN,Male,0,1,1,27,Month-to-month,1,54.75,928,1478.25,0,0.2654,0.065,0.106842678,15%
4678-DVQEO,Female,0,0,0,1,Month-to-month,2,52.2,4355,52.2,1,0.2654,0.82,0.410173824,65%
5125-CNDSP,Male,0,0,1,63,One year,0,40.6,2239,2557.8,0,0.2654,0.025,0.014552544,1%
0691-IFBQW,Female,1,0,0,46,One year,2,110,4121,5060,1,0.2654,0.685,0.27424072,37%
4992-LTJNE,Male,0,1,1,72,Two year,0,55.3,3402,3981.6,0,0.2654,0.015,0.005665595,1%
2202-OUTMO,Female,0,1,0,34,Month-to-month,0,60.85,1630,2068.9,0,0.2654,0.115,0.118123896,12%
0810-BDHAW,Female,0,1,1,24,One year,2,78.4,1385,1881.6,0,0.2654,0.03,0.101209833,6%
0229-LFJAF,Male,0,0,0,72,Two year,0,69.65,4159,5014.8,0,0.2654,0.015,0.00476624,1%
7131-ZQZNK,Female,0,1,1,60,Two year,1,59.85,3109,3591,0,0.2654,0,0.015412532,1%
3442-ZHHCC,Male,0,0,0,68,One year,1,76.9,4253,5229.2,0,0.2654,0.035,0.037858709,13%
5726-CVNYA,Female,0,1,1,8,Two year,3,19.85,848,158.8,0,0.2654,0.135,0.044789024,2%
9871-ELEYA,Female,0,0,1,34,Two year,1,67.65,1973,2300.1,0,0.2654,0.015,0.015002045,1%
4257-GAESD,Female,0,0,0,6,Month-to-month,1,45,2578,270,0,0.2654,0.525,0.590447631,64%
5173-WXOQV,Male,0,1,0,2,Month-to-month,3,64.2,795,128.4,0,0.2654,0.14,0.371929308,26%
2040-OBMLJ,Male,0,0,0,31,One year,1,81.7,2201,2532.7,0,0.2654,0.05,0.17367772,5%
6286-ZHAOK,Female,0,1,1,20,Month-to-month,0,25.55,4288,511,0,0.2654,0.02,0.149198669,10%
3807-XHCJH,Female,0,1,1,1,Month-to-month,2,20,1606,20,0,0.2654,0.663333333,0.180597221,58%
3009-JWMPU,Male,0,0,0,62,One year,2,96.75,4997,5998.5,1,0.2654,0.34,0.241347059,18%
5671-RQRLP,Female,1,1,0,70,Two year,1,75.65,4501,5295.5,0,0.2654,0.14,0.065726733,8%
1450-GALXR,Female,0,0,0,10,Month-to-month,2,98.5,112,985,1,0.2654,0.95,0.646617591,96%
8859-AXJZP,Male,0,1,1,39,Two year,3,23.8,6335,928.2,0,0.2654,0.02,0.017757256,1%
3174-AKMAS,Female,0,1,0,46,Two year,1,64.2,2606,2953.2,0,0.2654,0.025,0.023283954,3%
3138-BKYAV,Male,0,0,0,6,Month-to-month,2,85.35,4131,512.1,1,0.2654,0.805,0.626236719,68%
9926-PJHDQ,Female,0,1,1,72,Two year,0,76.8,4540,5529.6,0,0.2654,0.115,0.030514895,5%
7382-DFJTU,Male,0,0,0,18,Month-to-month,1,55.2,111,993.6,0,0.2654,0.08,0.151649554,8%
2798-NYLMZ,Male,0,1,0,71,Two year,1,108.55,5834,7707.05,0,0.2654,0.325,0.06116009,36%
4289-DTDKW,Male,0,1,0,40,Month-to-month,2,101.3,3505,4052,1,0.2654,0.555,0.547166109,58%
1820-TQVEV,Male,0,0,0,1,Month-to-month,2,69.55,5447,69.55,1,0.2654,1,0.679164624,90%
2239-JALAW,Male,0,0,0,58,One year,0,103.25,4925,5988.5,1,0.2654,0.35,0.230816788,39%
4853-RULSV,Male,0,0,0,70,Two year,1,104,5643,7280,1,0.2654,0.17,0.058626108,20%
8098-TDCBU,Female,0,1,0,42,Two year,2,25.25,206,1060.5,0,0.2654,0,0.010415696,1%
3551-GAEGL,Male,0,1,1,34,One year,0,30.4,6414,1033.6,0,0.2654,0.03,0.0678149,5%
4785-NKHCX,Male,1,0,0,5,Month-to-month,0,20.05,6419,100.25,0,0.2654,0.035,0.216157876,14%
3196-NVXLZ,Female,0,0,0,25,Month-to-month,3,84.6,1714,2115,0,0.2654,0.19,0.584702867,40%
6275-YDUVO,Female,0,0,0,2,Month-to-month,3,86.2,1309,172.4,1,0.2654,0.87,0.708801028,88%
0036-IHMOT,Female,0,1,1,55,One year,0,103.7,4679,5703.5,0,0.2654,0.125,0.136087495,18%
0115-TFERT,Male,0,1,0,21,Month-to-month,2,111.2,1952,2335.2,1,0.2654,0.785,0.566670637,54%
4178-EGMON,Male,0,1,0,70,Two year,1,88,4903,6160,0,0.2654,0.01,0.023705705,1%
4220-TINQT,Female,0,1,0,61,Month-to-month,2,106.35,5348,6487.35,0,0.2654,0.115,0.40971743,23%
5318-YKDPV,Male,0,1,1,43,Two year,1,79.15,3088,3403.45,0,0.2654,0.01,0.024127356,1%
7975-TZMLR,Male,0,0,0,47,One year,2,103.1,4130,4845.7,0,0.2654,0.095,0.296679529,27%
0295-QVKPB,Male,0,0,0,5,Month-to-month,1,63.95,2760,319.75,0,0.2654,0.11,0.348279902,20%
4335-BSMJS,Female,0,0,0,62,Two year,1,25.8,1011,1599.6,0,0.2654,0,0.005718765,0%
2311-QYMUQ,Female,0,1,1,16,Month-to-month,1,89.45,798,1431.2,1,0.2654,0.745,0.462691753,55%
3643-AHCFP,Male,1,1,0,7,Month-to-month,0,95.6,5178,669.2,1,0.2654,0.925,0.801763218,85%
9146-JRIOX,Female,0,1,1,14,Month-to-month,3,25.55,3204,357.7,0,0.2654,0.075,0.154052505,8%
3104-OWCGK,Male,0,1,1,60,One year,2,90.95,4531,5457,1,0.2654,0.175,0.089905538,7%
5337-IIWKZ,Male,0,1,1,34,Month-to-month,2,44.85,821,1524.9,0,0.2654,0.05,0.203044526,11%
9101-BWFSS,Female,0,1,0,50,One year,2,108.55,4647,5427.5,1,0.2654,0.765,0.132384587,34%
9650-VBUOG,Male,0,1,1,38,Two year,1,25.05,6473,951.9,0,0.2654,0,0.01285736,1%
3487-EARAT,Female,0,1,1,70,One year,1,74.1,4374,5187,0,0.2654,0.035,0.011451016,11%
2672-TGEFF,Female,0,1,1,37,Month-to-month,2,88.8,2898,3285.6,0,0.2654,0.29,0.414868571,39%
9231-ZJYAM,Female,1,0,0,4,Month-to-month,2,78.85,2524,315.4,1,0.2654,0.69,0.703842732,73%
4250-WAROZ,Male,1,1,1,60,Month-to-month,2,93.25,4765,5595,0,0.2654,0.085,0.247220057,6%
8184-WMOFI,Male,0,1,1,62,One year,1,71.4,3804,4426.8,0,0.2654,0.02,0.017030727,5%
6982-SSHFK,Male,0,0,0,1,Month-to-month,3,44.4,3741,44.4,1,0.2654,0.695,0.397366526,38%
6092-QZVPP,Male,0,0,0,36,Month-to-month,1,79.2,2466,2851.2,0,0.2654,0.055,0.1414186,12%
4625-LAMOB,Male,0,0,0,44,Two year,1,20.4,6336,897.6,0,0.2654,0,0.008363432,1%
0727-BMPLR,Female,1,0,0,55,One year,2,100,4574,5500,1,0.2654,0.8,0.344286732,57%
0392-BZIUW,Female,0,1,0,72,Two year,1,105,5817,7560,0,0.2654,0.02,0.084802657,1%
1038-ZAGBI,Female,0,1,1,12,One year,0,19.8,1932,237.6,1,0.2654,0.02,0.052767085,4%
6549-NNDYT,Female,0,0,0,13,Month-to-month,0,30.85,3366,401.05,0,0.2654,0.12,0.369191397,24%
3027-ZTDHO,Male,0,0,0,1,Month-to-month,2,89.9,6304,89.9,1,0.2654,0.82,0.776417807,85%
0422-OHQHQ,Female,0,1,1,15,One year,3,20.55,2549,308.25,0,0.2654,0,0.05545147,2%
6916-HIJSE,Female,0,0,0,65,Two year,0,84.85,4533,5515.25,0,0.2654,0.005,0.013613341,1%
2316-ESMLS,Female,0,1,1,12,One year,1,33.15,3768,397.8,0,0.2654,0.065,0.110046428,5%
9778-OGKQZ,Male,0,1,0,72,Two year,1,92,5366,6624,0,0.2654,0,0.018177572,0%
7408-OFWXJ,Female,0,1,1,72,Two year,1,89.8,5214,6465.6,0,0.2654,0,0.010518213,0%
6007-TCTST,Female,0,1,1,72,Two year,0,115.8,6200,8337.6,0,0.2654,0,0.05027778,1%
2252-NKNSI,Male,0,0,1,52,Two year,3,85.15,3790,4427.8,0,0.2654,0.02,0.024352979,2%
8713-IGZSO,Male,0,0,0,2,Month-to-month,3,24.85,5039,49.7,0,0.2654,0.115,0.273028453,26%
7905-TVXTA,Female,0,0,0,5,Month-to-month,2,64.35,3051,321.75,0,0.2654,0.075,0.2813277,17%
7695-PKLCZ,Female,0,0,0,68,Two year,1,20.5,786,1394,0,0.2654,0.005,0.002188295,0%
2382-BCKQJ,Female,0,0,1,62,One year,2,100.15,5167,6209.3,1,0.2654,0.8,0.241741559,49%
8374-UULRV,Male,0,0,0,72,Two year,1,86.05,5100,6195.6,0,0.2654,0.015,0.011587607,0%
2207-NHRJK,Male,0,0,0,1,Month-to-month,2,50.8,4235,50.8,1,0.2654,0.855,0.353310765,52%
3224-DFQNQ,Female,0,1,0,66,One year,2,89,4839,5874,0,0.2654,0.03,0.046587402,7%
5275-PMFUT,Male,0,1,1,72,Two year,1,64.8,3993,4665.6,0,0.2654,0,0.01226476,1%
4795-UXVCJ,Male,0,0,0,26,One year,1,19.8,3890,514.8,0,0.2654,0,0.035696273,1%
9777-IQHWP,Male,0,1,1,64,Two year,0,93.4,4799,5977.6,0,0.2654,0.04,0.039226048,1%
0947-MUGVO,Male,1,1,0,20,Month-to-month,2,73.65,858,1473,1,0.2654,0.855,0.465932022,64%
9944-HKVVB,Female,0,0,0,3,Month-to-month,2,95.1,2667,285.3,1,0.2654,0.815,0.703070874,64%
4124-MMETB,Male,0,0,0,22,Month-to-month,1,94.65,1734,2082.3,1,0.2654,0.27,0.652550617,39%
3671-SHRSP,Male,0,1,0,4,Month-to-month,3,80.6,2772,322.4,1,0.2654,0.575,0.555880954,46%
0979-MOZQI,Male,0,1,0,62,Two year,0,39,1971,2418,0,0.2654,0.015,0.018201392,1%
2732-ISEZX,Female,0,0,0,5,Month-to-month,3,20.5,80,102.5,0,0.2654,0.06,0.224068285,11%
3313-QKNKB,Male,0,1,0,59,One year,2,85.55,4296,5047.45,1,0.2654,0.72,0.169357683,24%
0323-XWWTN,Male,0,0,1,3,Two year,3,26.4,383,79.2,0,0.2654,0.04,0.067570341,2%
1937-OTUKY,Female,0,1,0,72,Two year,0,98.2,5528,7070.4,0,0.2654,0.02,0.037512402,1%
1573-LGXBA,Male,0,1,1,57,One year,1,97.55,4632,5560.35,0,0.2654,0.065,0.161291946,8%
1764-VUUMT,Male,0,0,1,66,Two year,1,19.95,493,1316.7,0,0.2654,0,0.001853063,0%
5073-WXOYN,Female,0,0,0,60,Month-to-month,2,50.8,2631,3048,1,0.2654,0.75,0.175123434,42%
4713-ZBURT,Male,0,0,1,45,Two year,0,99.7,3931,4486.5,0,0.2654,0.045,0.1192252,7%
3050-GBUSH,Female,0,0,0,3,Month-to-month,1,34.8,253,104.4,0,0.2654,0.29,0.600285135,52%
0207-MDKNV,Female,0,0,0,15,Month-to-month,2,105.1,1035,1576.5,1,0.2654,0.825,0.373422307,56%
7876-AEHIG,Female,0,0,1,51,One year,0,60.15,2669,3067.65,0,0.2654,0.035,0.041567874,11%
7945-HLKEA,Female,0,0,0,60,One year,2,64.75,3453,3885,0,0.2654,0.025,0.019499919,2%
9342-VNIMQ,Male,0,0,0,33,Month-to-month,0,54.65,1150,1803.45,0,0.2654,0.17,0.179804598,11%
9851-KIELU,Male,0,0,0,10,Month-to-month,2,110.1,83,1101,1,0.2654,0.805,0.415619899,77%
3523-BRGUW,Male,1,0,0,26,One year,1,19.3,4271,501.8,0,0.2654,0.005,0.04199767,1%
3908-BLSYF,Female,0,0,0,6,Month-to-month,2,83.9,4205,503.4,1,0.2654,0.82,0.618467987,65%
3199-NPKCN,Female,0,1,0,67,One year,2,111.25,5783,7453.75,0,0.2654,0.055,0.159723316,19%
5170-PTRKA,Female,0,1,1,49,One year,1,35.8,1313,1754.2,0,0.2654,0.01,0.032024077,1%
4661-NJEUX,Male,0,0,0,1,Month-to-month,3,20.05,1607,20.05,0,0.2654,0.185,0.262102562,47%
2123-AGEEN,Female,1,0,0,7,Month-to-month,2,84.35,4975,590.45,0,0.2654,0.195,0.705088447,60%
1258-YMZNM,Female,1,0,0,27,One year,0,110.5,2467,2983.5,0,0.2654,0.115,0.339062586,22%
0048-LUMLS,Male,0,1,1,37,One year,1,91.2,2826,3374.4,0,0.2654,0.035,0.22299736,13%
7549-MYGPK,Female,0,1,1,63,Month-to-month,2,100.55,5049,6334.65,1,0.2654,0.8,0.214513962,32%
5898-IGSLP,Male,0,1,1,31,Month-to-month,2,89.3,2443,2768.3,0,0.2654,0.065,0.202005387,16%
3804-RVTGV,Male,0,1,1,50,Month-to-month,0,103.85,4250,5192.5,1,0.2654,0.81,0.406444539,64%
6259-WJQLC,Male,1,0,0,32,Month-to-month,1,81.1,2266,2595.2,0,0.2654,0.135,0.495965176,31%
9227-LUNBG,Female,0,0,0,1,Month-to-month,2,24.6,2041,24.6,1,0.2654,0.25,0.534104733,44%
7997-EASSD,Female,0,1,0,63,One year,1,81.2,4202,5115.6,0,0.2654,0.03,0.109925598,2%
0730-KOAVE,Male,0,0,0,30,Month-to-month,1,94.3,2328,2829,0,0.2654,0.21,0.400593134,31%
8975-SKGRX,Male,0,1,0,71,Two year,0,116.1,6142,8243.1,0,0.2654,0.005,0.058855044,7%
0678-RLHVP,Female,0,0,0,53,Two year,2,105.55,4694,5594.15,0,0.2654,0.085,0.123255299,17%
4315-MURBD,Female,0,0,0,12,Month-to-month,0,98.9,232,1186.8,1,0.2654,0.915,0.436154243,93%
2267-FPIMA,Male,0,1,0,50,Month-to-month,1,94.4,4164,4720,0,0.2654,0.08,0.299731261,23%
1051-GEJLJ,Female,0,0,0,2,Month-to-month,3,19.5,2346,39,0,0.2654,0.065,0.207876998,7%
9734-YWGEX,Female,0,0,0,9,Month-to-month,1,98.3,6377,884.7,1,0.2654,0.91,0.708587574,82%
2719-BDAQO,Male,0,0,0,17,Month-to-month,2,93.85,1097,1595.45,1,0.2654,0.875,0.429482177,43%
5285-MVEHD,Female,0,1,0,56,One year,1,105.6,4959,5913.6,0,0.2654,0.195,0.158755308,29%
0379-DJQHR,Male,0,1,1,67,Two year,1,81.35,4485,5450.45,0,0.2654,0.06,0.011225092,2%
0781-LKXBR,Male,1,0,0,9,Month-to-month,2,100.5,6362,904.5,1,0.2654,0.965,0.807534268,86%
5543-QDCRY,Male,0,0,0,4,Month-to-month,2,56.4,1974,225.6,0,0.2654,0.09,0.46707061,35%
0297-RBCSG,Male,0,0,0,19,One year,0,65.35,423,1241.65,0,0.2654,0.145,0.111871598,5%
4694-PHWFW,Female,0,0,1,8,Month-to-month,3,19.95,1199,159.6,0,0.2654,0.02,0.136511258,10%
0835-JKADZ,Female,0,0,0,71,Two year,2,111.25,6005,7898.75,0,0.2654,0.045,0.092445575,5%
1907-UBQFC,Male,1,0,0,10,Month-to-month,2,72.85,5428,728.5,1,0.2654,0.845,0.592567331,64%
7508-SMHXL,Female,1,0,0,15,Month-to-month,1,89,524,1335,0,0.2654,0.14,0.535496713,29%
3865-YIOTT,Male,0,1,1,72,One year,0,106.1,5933,7639.2,0,0.2654,0.025,0.138782946,10%
5993-BQHEA,Male,0,0,0,12,One year,1,20.05,2322,240.6,0,0.2654,0,0.062337327,2%
6024-RUGGH,Male,0,1,1,72,Two year,0,25.2,1340,1814.4,0,0.2654,0.005,0.002838526,0%
6513-EECDB,Male,1,1,0,1,Month-to-month,2,73.55,5667,73.55,1,0.2654,0.895,0.767634271,83%
3956-CJUST,Female,1,0,0,23,Month-to-month,0,75.4,1121,1734.2,0,0.2654,0.16,0.371612904,20%
4079-WWQQQ,Male,0,0,0,72,Two year,0,65.55,4063,4719.6,0,0.2654,0.005,0.014004374,1%
6103-BOCOU,Female,0,0,0,26,Month-to-month,2,80.7,1813,2098.2,0,0.2654,0.24,0.517169756,53%
5149-TGWDZ,Female,0,0,0,21,One year,3,104.55,1873,2195.55,0,0.2654,0.13,0.314175387,23%
7471-WNSUF,Male,0,1,0,60,One year,0,24.15,919,1449,0,0.2654,0,0.008624136,1%
8942-DBMHZ,Male,0,0,0,12,Month-to-month,3,20.45,2204,245.4,0,0.2654,0.01,0.137585297,4%
4301-VVZKA,Male,0,1,0,16,Month-to-month,2,75.4,350,1206.4,0,0.2654,0.2,0.577369178,52%
9199-PWQVC,Female,0,1,0,63,One year,1,79.7,4046,5021.1,0,0.2654,0.04,0.056673263,4%
4824-GUCBY,Female,1,0,0,22,Month-to-month,2,81.7,1375,1797.4,0,0.2654,0.115,0.300839104,29%
5393-HJZSM,Female,0,1,1,32,Month-to-month,0,76.3,2049,2441.6,0,0.2654,0.07,0.07548461,10%
7074-IEVOJ,Female,1,0,0,3,Month-to-month,2,79.4,1681,238.2,1,0.2654,0.755,0.683745923,80%
9625-QSTYE,Female,0,0,0,13,Month-to-month,2,81.15,6451,1054.95,1,0.2654,0.565,0.566043677,49%
0862-PRCBS,Female,0,1,1,68,Two year,1,103.75,5539,7055,0,0.2654,0,0.070865591,4%
8812-ZRHFP,Female,0,1,1,30,One year,2,86.45,2191,2593.5,0,0.2654,0.045,0.229582775,16%
5146-CBVOE,Female,0,0,0,16,Month-to-month,0,75.1,389,1201.6,0,0.2654,0.095,0.364085565,14%
0454-OKRCT,Male,0,0,0,33,Two year,0,80.6,2299,2659.8,0,0.2654,0.08,0.050554913,2%
5787-KXGIY,Male,0,1,0,72,Two year,1,19.3,559,1389.6,0,0.2654,0.005,0.001687191,0%
4750-ZRXIU,Female,1,0,0,4,Month-to-month,2,84.6,3116,338.4,1,0.2654,0.97,0.785183692,88%
4198-VFOEA,Female,0,0,0,12,One year,3,33.6,3699,403.2,0,0.2654,0.02,0.180427151,5%
6630-UJZMY,Female,1,1,0,4,Month-to-month,2,83.25,2671,333,0,0.2654,0.315,0.760371549,83%
5709-LVOEQ,Female,0,1,1,0,Two year,3,80.85,0,0,0,0.2654,0.08,0.07977065,1%
6400-BWQKW,Female,0,0,0,6,Month-to-month,2,79.05,3690,474.3,1,0.2654,0.195,0.58216304,41%
2692-AQCPF,Female,0,1,0,65,One year,1,108.05,5585,7023.25,0,0.2654,0.03,0.179007358,11%
0347-UBKUZ,Female,0,0,0,15,Month-to-month,3,19.9,2782,298.5,0,0.2654,0.005,0.128255376,8%
0835-DUUIQ,Female,0,0,1,24,One year,0,21.05,4442,505.2,0,0.2654,0.08,0.03482556,4%
0811-GSDTP,Female,0,0,1,13,Month-to-month,2,30.15,3271,391.95,0,0.2654,0.1,0.332240147,12%
7567-ECMCM,Male,0,0,0,24,Month-to-month,1,79.85,1628,1916.4,0,0.2654,0.11,0.516069983,22%
6115-ZTBFQ,Female,0,1,0,72,Two year,0,65.5,4170,4716,0,0.2654,0,0.010986587,1%
6353-BRMMA,Female,0,1,1,54,Month-to-month,0,104.1,4673,5621.4,0,0.2654,0.115,0.302306475,28%
6680-WKXRZ,Female,0,0,0,3,Month-to-month,0,74.4,1768,223.2,1,0.2654,0.85,0.594907534,74%
6231-WFGFH,Male,0,1,1,4,Month-to-month,3,20.5,5867,82,0,0.2654,0.08,0.249100763,20%
9904-EHEVJ,Female,1,1,1,32,Month-to-month,3,91.35,2499,2923.2,0,0.2654,0.205,0.558321863,29%
7028-DVOIQ,Male,1,0,0,35,Month-to-month,2,99.05,2939,3466.75,1,0.2654,0.905,0.626783608,71%
6169-PPETC,Male,0,1,1,35,Two year,0,20.5,5818,717.5,0,0.2654,0,0.010216422,1%
4208-UFFGW,Male,1,0,0,2,Month-to-month,3,44.95,6209,89.9,1,0.2654,0.845,0.460531522,61%
8584-KMVXD,Female,0,0,0,8,Month-to-month,2,75.6,4467,604.8,0,0.2654,0.115,0.504308741,23%
8467-WYNSR,Male,0,0,0,22,Month-to-month,3,55.1,461,1212.2,0,0.2654,0.105,0.100444942,8%
0851-DFJKB,Female,0,0,0,15,Month-to-month,2,58.95,6455,884.25,0,0.2654,0.115,0.156836736,16%
5382-SOYZL,Male,0,0,0,22,Month-to-month,2,95.1,1778,2092.2,0,0.2654,0.185,0.666559681,58%
9448-REEVD,Male,0,1,0,1,Month-to-month,1,44.7,3746,44.7,1,0.2654,0.72,0.383641386,46%
3261-CQXOL,Female,0,1,1,71,Two year,0,25.45,1366,1806.95,0,0.2654,0,0.002272561,0%
8388-FYNPZ,Male,0,0,0,4,Month-to-month,2,56.75,2101,227,0,0.2654,0.23,0.248241177,21%
4002-BQWPQ,Male,0,0,0,25,Month-to-month,0,81.75,1660,2043.75,0,0.2654,0.035,0.131646999,8%
5651-YLPRD,Female,0,1,1,32,Month-to-month,2,86.1,2367,2755.2,0,0.2654,0.265,0.38919131,49%
2826-DXLQO,Male,1,1,0,7,Month-to-month,0,29.8,1825,208.6,0,0.2654,0.355,0.366700903,46%
4378-BZYFP,Male,0,0,0,17,One year,3,20.5,3156,348.5,0,0.2654,0.01,0.077868965,2%
9489-UTFKA,Male,1,1,0,8,Month-to-month,0,60.9,4577,487.2,0,0.2654,0.1,0.299742582,11%
4849-PYRLQ,Female,1,0,0,56,Two year,0,73.25,3465,4102,0,0.2654,0.015,0.016032017,2%
9117-SHLZX,Male,0,0,0,1,Month-to-month,3,45.7,3822,45.7,1,0.2654,0.785,0.485440622,66%
9889-TMAHG,Male,1,0,0,8,Month-to-month,1,100.3,6148,802.4,1,0.2654,0.56,0.505340161,52%
4541-RMRLG,Male,0,0,0,7,Month-to-month,2,19.25,229,134.75,1,0.2654,0.68,0.144810878,29%
7764-BDPEE,Male,0,0,1,3,Month-to-month,3,20.85,4913,62.55,0,0.2654,0.015,0.189812452,17%
3429-IFLEM,Female,0,0,0,71,Two year,1,77.35,4603,5491.85,0,0.2654,0,0.006081199,0%
3158-MOERK,Female,0,0,0,2,Month-to-month,2,96,1255,192,1,0.2654,0.955,0.785653449,88%
7294-TMAOP,Female,0,0,0,1,Month-to-month,2,90.55,6324,90.55,1,0.2654,0.95,0.727272967,90%
5002-GCQFH,Male,0,1,0,49,Month-to-month,0,93.85,4003,4598.65,0,0.2654,0.135,0.266321039,27%
0556-FJEGU,Male,0,0,0,58,Two year,0,70.1,3461,4065.8,0,0.2654,0.01,0.010900276,1%
8919-FYFQZ,Male,1,1,0,44,Month-to-month,2,30.35,653,1335.4,1,0.2654,0.72,0.176417786,58%
0604-THJFP,Female,0,1,1,59,Two year,1,75.95,3872,4481.05,0,0.2654,0.02,0.021224429,3%
2834-JRTUA,Male,0,0,0,71,Two year,2,108.05,5788,7671.55,1,0.2654,0.7,0.060860576,43%
5875-YPQFJ,Male,0,0,0,1,Month-to-month,2,69.9,5454,69.9,1,0.2654,0.654363095,0.680961477,81%
5879-SESNB,Female,0,0,0,11,Month-to-month,2,75.25,6291,827.75,0,0.2654,0.5,0.612260221,46%
6646-QVXLR,Male,1,1,0,62,One year,2,103.75,5147,6432.5,1,0.2654,0.74,0.271251637,43%
6461-PPAXN,Female,0,1,1,35,One year,0,54.95,1518,1923.25,0,0.2654,0.025,0.034266282,3%
3318-ISQFQ,Female,0,0,0,20,Month-to-month,0,19.5,3521,390,0,0.2654,0.045,0.125248249,6%
1106-HRLKZ,Male,0,1,1,40,Two year,3,19.6,6050,784,0,0.2654,0,0.009179882,0%
2483-XSSMZ,Female,0,0,0,39,One year,2,47.85,1461,1866.15,0,0.2654,0.055,0.047338415,4%
8603-IJWDN,Male,0,0,0,1,Month-to-month,2,86.6,6242,86.6,1,0.2654,0.995,0.79876723,97%
8165-ZJRNM,Female,0,1,1,72,Two year,0,23.75,1165,1710,0,0.2654,0,0.002008798,0%
9369-XFEHK,Female,1,1,0,33,Month-to-month,0,80.6,2305,2659.8,1,0.2654,0.815,0.452113899,60%
2604-XVDAM,Female,0,0,0,12,Month-to-month,0,43.8,4494,525.6,0,0.2654,0.04,0.280551556,20%
3717-OFRTN,Male,0,0,0,1,Month-to-month,0,19.75,1489,19.75,0,0.2654,0.08575,0.180104312,25%
9046-JBFWA,Male,0,0,1,27,Month-to-month,3,19.15,4474,517.05,0,0.2654,0.03,0.066509624,2%
3280-NMUVX,Male,0,1,1,34,One year,1,19.6,5364,666.4,0,0.2654,0,0.022898236,1%
1206-EHBDD,Female,0,1,0,56,Two year,0,80.3,3840,4496.8,0,0.2654,0.02,0.030198214,7%
8361-LBRDI,Female,0,0,0,58,Two year,1,24.35,781,1412.3,0,0.2654,0.005,0.004651408,1%
4883-KCPZJ,Female,0,1,1,22,Two year,1,25.25,4602,555.5,0,0.2654,0,0.025259347,1%
9108-EQPNQ,Female,0,1,1,10,Two year,1,26.1,1884,261,0,0.2654,0.005,0.038443812,1%
7277-KAMWT,Male,0,0,0,13,Two year,1,20,2331,260,0,0.2654,0,0.028357558,1%
3842-IYKUE,Female,0,0,0,35,Month-to-month,1,85.3,2520,2985.5,1,0.2654,0.705,0.25965673,43%
6641-XRPSU,Female,0,0,0,34,Month-to-month,1,70,2059,2380,1,0.2654,0.415,0.366154527,44%
1374-DMZUI,Female,1,0,0,4,Month-to-month,2,94.3,3617,377.2,1,0.2654,0.955,0.815221661,90%
2545-LXYVJ,Male,0,1,0,72,Two year,0,20.7,886,1490.4,0,0.2654,0,0.001729124,0%
3234-VKACU,Male,0,0,0,2,Month-to-month,2,70.3,585,140.6,0,0.2654,0.215,0.365452258,30%
8357-EQXFO,Female,0,0,0,7,Month-to-month,2,95.35,5268,667.45,1,0.2654,0.9,0.739237735,76%
1989-PRJHP,Male,1,1,0,27,Month-to-month,2,75.5,1472,2038.5,1,0.2654,0.83,0.542387592,57%
8120-JDCAM,Male,0,1,1,4,Month-to-month,3,69.55,2457,278.2,0,0.2654,0.41,0.598121783,37%
8917-FAEMR,Female,0,0,0,37,Two year,3,19.85,5927,734.45,0,0.2654,0,0.012802189,0%
7047-YXDMZ,Male,0,0,0,21,Month-to-month,3,20,3565,420,0,0.2654,0,0.099627978,2%
2858-EIMXH,Female,1,1,0,53,One year,1,95.85,4247,5080.05,0,0.2654,0.41,0.349842278,39%
9524-EGPJC,Female,0,0,0,18,Month-to-month,2,90.1,1075,1621.8,1,0.2654,0.77,0.567032983,52%
6993-OHLXR,Female,0,0,0,2,Month-to-month,2,68.95,354,137.9,1,0.2654,0.85,0.542519615,53%
8818-XYFCQ,Male,0,1,1,32,Month-to-month,1,99.55,2785,3185.6,1,0.2654,0.725,0.454916126,43%
6419-ZTTLE,Male,1,1,0,23,One year,2,20.75,4090,477.25,0,0.2654,0.02,0.072346955,3%
0929-HYQEW,Male,0,0,0,3,Month-to-month,3,50.15,1058,150.45,0,0.2654,0.465,0.320563918,35%
6614-YOLAC,Female,0,1,1,71,Two year,3,58.65,3540,4164.15,0,0.2654,0,0.009430383,0%
7426-RHZGU,Male,0,0,0,9,Month-to-month,0,95.9,6120,863.1,0,0.2654,0.19,0.640023166,39%
4065-JJAVA,Female,0,0,0,1,Month-to-month,2,49.5,4140,49.5,0,0.2654,0.085,0.355819887,26%
4695-VADHF,Male,0,1,1,18,Month-to-month,2,57.45,6515,1034.1,1,0.2654,0.715,0.285974248,46%
3863-IUBJR,Male,0,1,1,12,One year,1,53.65,5480,643.8,1,0.2654,0.64,0.18101298,24%
7649-SIJJF,Male,0,1,0,71,Two year,3,80.1,4623,5687.1,0,0.2654,0,0.013218086,0%
9361-YNQWJ,Female,0,0,0,64,One year,0,24.4,1061,1561.6,0,0.2654,0.005,0.010229741,1%
3748-FVMZZ,Male,0,0,0,4,Month-to-month,2,40.05,1086,160.2,0,0.2654,0.455,0.543122052,67%
9391-TTOYH,Female,0,0,0,23,Month-to-month,3,19.5,3982,448.5,0,0.2654,0.01,0.128012044,4%
1452-XRSJV,Female,0,1,1,39,Month-to-month,1,51.05,1690,1990.95,0,0.2654,0.07,0.066994592,12%
3422-WJOYD,Male,0,1,0,28,One year,3,54.35,790,1521.8,0,0.2654,0.005,0.040233015,1%
8242-SOQUO,Female,1,0,0,5,Month-to-month,2,84.7,3355,423.5,0,0.2654,0.535,0.668842316,69%
7460-ITWWP,Female,1,1,0,45,Month-to-month,2,86.1,3303,3874.5,0,0.2654,0.19,0.455139092,38%
7147-AYBAA,Male,0,0,0,37,Month-to-month,3,70.35,2209,2602.95,0,0.2654,0.175,0.358133529,25%
7868-TMWMZ,Female,1,1,0,60,Two year,0,110,5296,6600,0,0.2654,0.085,0.06154436,4%
4822-RVYBB,Male,1,0,0,8,Month-to-month,2,100.6,6094,804.8,1,0.2654,0.965,0.810039285,84%
6732-FZUGP,Female,0,0,0,47,One year,1,94.9,3917,4460.3,0,0.2654,0.12,0.141350329,9%
8436-BJUMM,Male,0,1,1,26,Month-to-month,2,83.75,1696,2177.5,1,0.2654,0.795,0.511125954,64%
4184-TJFAN,Female,1,1,1,3,Month-to-month,3,88.3,2377,264.9,1,0.2654,0.83,0.488580863,53%
8329-GWVPJ,Female,0,1,1,50,Month-to-month,0,69.75,3080,3487.5,0,0.2654,0.16,0.221738251,25%
1352-VHKAJ,Male,0,1,1,27,Month-to-month,0,71.6,1559,1933.2,0,0.2654,0.05,0.194241162,6%
4145-UQXUQ,Female,1,0,0,8,Month-to-month,2,92.1,5658,736.8,1,0.2654,0.67,0.753731775,58%
2632-TACXW,Female,0,1,0,62,Two year,0,23.65,768,1466.3,0,0.2654,0,0.003709988,1%
8146-QQKZH,Female,0,1,0,71,Two year,0,81.85,4859,5811.35,0,0.2654,0.01,0.010391772,1%
1767-CJKBA,Male,0,0,0,66,Two year,3,25.1,1194,1656.6,0,0.2654,0,0.003567299,0%
6445-TNRXS,Male,0,1,1,68,Two year,0,114.7,5934,7799.6,0,0.2654,0.11,0.049880213,11%
4581-LNWUM,Female,0,0,0,13,Month-to-month,2,49.15,5204,638.95,0,0.2654,0.18,0.553296409,39%
4869-EPIUS,Male,0,1,0,56,One year,2,80.9,3884,4530.4,0,0.2654,0.23,0.180905749,33%
9948-YPTDG,Male,0,1,0,38,Month-to-month,2,79.45,2611,3019.1,1,0.2654,0.36,0.228998561,39%
1236-WFCDV,Male,1,0,0,14,Month-to-month,1,90.45,485,1266.3,1,0.2654,0.77,0.593692405,55%
1915-OAKWD,Female,0,0,1,16,One year,0,19.3,3117,308.8,0,0.2654,0.085,0.060890342,4%
7296-PIXQY,Female,0,1,1,14,Month-to-month,2,70.2,90,982.8,0,0.2654,0.405,0.407061278,36%
4883-QICIH,Male,0,1,1,32,Month-to-month,0,69.75,1983,2232,1,0.2654,0.76,0.32467427,39%
3354-OADJP,Female,0,0,0,8,One year,0,54.25,3793,434,0,0.2654,0.1,0.084124532,5%
3524-WQDSG,Female,0,1,1,43,Month-to-month,0,99.3,3594,4269.9,0,0.2654,0.09,0.494136583,44%
0810-DHDBD,Female,0,0,0,52,One year,1,74,3317,3848,0,0.2654,0.045,0.031580173,5%
4026-SKKHW,Male,0,0,0,3,Month-to-month,3,50.25,937,150.75,0,0.2654,0.225,0.342513812,35%
2829-HYVZP,Male,0,0,0,29,One year,3,19.8,4720,574.2,0,0.2654,0,0.048528958,1%
8329-IBCTI,Female,0,0,0,1,Month-to-month,3,19.65,1487,19.65,1,0.2654,0.0325,0.209192728,28%
1271-SJBGZ,Male,1,0,0,12,Month-to-month,2,43.65,4401,523.8,1,0.2654,0.8,0.526647371,64%
3845-JHAMY,Female,0,1,1,16,Month-to-month,1,35.5,4585,568,0,0.2654,0.18,0.511842428,29%
7013-PSXHK,Female,0,0,0,40,One year,3,80.75,2788,3230,0,0.2654,0.065,0.144900839,12%
5669-SRAIP,Female,0,0,0,5,Month-to-month,2,39.5,1733,197.5,1,0.2654,0.87,0.548673173,81%
5981-ITEMU,Male,0,1,0,40,Month-to-month,0,97.1,3195,3884,1,0.2654,0.75,0.562803395,40%
3486-NPGST,Female,0,0,0,36,One year,3,19.55,5046,703.8,0,0.2654,0,0.027235374,1%
6941-PMGEP,Female,0,0,0,5,Month-to-month,2,80,3513,400,1,0.2654,0.65,0.703337143,64%
1624-WOIWJ,Female,0,0,0,10,Month-to-month,3,84.7,6146,847,1,0.2654,0.465,0.57453413,41%
2074-GKOWZ,Male,0,1,1,2,Month-to-month,0,89.55,1414,179.1,1,0.2654,0.885,0.673040484,88%
0376-YMCJC,Male,0,0,0,23,Month-to-month,2,90.6,1547,2083.8,1,0.2654,0.825,0.498892264,47%
6100-FJZDG,Male,0,1,1,26,One year,0,20.05,4277,521.3,0,0.2654,0,0.041425375,2%
4829-ZLJTK,Female,1,1,0,72,Two year,2,112.4,6039,8092.8,0,0.2654,0.155,0.102667199,1%
1730-VFMWO,Female,0,1,0,34,Month-to-month,0,50.2,1368,1706.8,0,0.2654,0.02,0.095733594,6%
7143-BQIBA,Male,0,0,0,10,Month-to-month,0,62.25,4996,622.5,0,0.2654,0.08,0.176699378,13%
3800-LYTRK,Female,0,0,0,14,One year,3,55.7,5994,779.8,0,0.2654,0.025,0.08876804,3%
0634-SZPQA,Female,0,0,0,23,Month-to-month,0,90.05,1784,2071.15,1,0.2654,0.76,0.459766954,41%
9646-NMHXE,Male,0,1,0,47,Two year,3,19.65,6489,923.55,0,0.2654,0.005,0.008102248,0%
7030-NJVDP,Male,0,1,0,24,Month-to-month,2,89.25,1846,2142,0,0.2654,0.105,0.346488721,12%
5536-RTPWK,Male,0,1,0,49,Month-to-month,0,99.05,4093,4853.45,1,0.2654,0.795,0.451194797,55%
8883-GRDWQ,Male,1,0,0,20,One year,3,54,106,1080,0,0.2654,0.055,0.05872674,3%
6166-ILMNY,Female,0,0,0,2,Month-to-month,0,69.75,811,139.5,1,0.2654,0.955,0.52893979,73%
3097-NNSPB,Female,0,0,0,2,Month-to-month,1,49.05,6343,98.1,1,0.2654,0.77,0.435952999,57%
7771-ZONAT,Male,0,0,0,22,Two year,0,56.75,560,1248.5,0,0.2654,0.025,0.08881767,1%
0655-RBDUG,Male,0,0,0,7,Month-to-month,0,98.05,5590,686.35,1,0.2654,0.86,0.755983517,88%
2111-DWYHN,Male,0,0,0,1,Month-to-month,3,21.1,1730,21.1,0,0.2654,0.347583333,0.209148237,34%
4194-WHFCB,Female,0,1,1,59,Month-to-month,0,96.65,4621,5702.35,0,0.2654,0.125,0.253756259,6%
4121-AGSIN,Female,0,1,1,58,One year,1,24.5,896,1421,0,0.2654,0.015,0.012093486,2%
4361-BKAXE,Female,0,0,0,41,Month-to-month,0,114.5,3854,4694.5,1,0.2654,0.815,0.33689931,66%
9845-PEEKO,Female,1,0,0,59,Two year,1,79.2,3900,4672.8,0,0.2654,0.09,0.073870493,4%
0455-XFASS,Female,0,1,1,3,Month-to-month,2,69.55,1626,208.65,0,0.2654,0.555,0.595941964,67%
0301-KOBTQ,Male,0,0,0,32,Two year,0,20.05,5010,641.6,0,0.2654,0,0.017750695,1%
1751-NCDLI,Male,1,1,0,46,Month-to-month,2,98.85,3887,4547.1,0,0.2654,0.28,0.571602951,61%
4367-NUYAO,Male,0,1,1,0,Two year,3,25.75,0,0,0,0.2654,0.005,0.05644872,1%
9878-TNQGW,Male,0,0,0,2,Month-to-month,2,80.95,1208,161.9,1,0.2654,0.9,0.694724131,82%
9170-ARBTB,Female,0,1,1,52,One year,1,19.6,28,1019.2,0,0.2654,0.02,0.008026992,3%
4441-NIHPT,Female,1,0,0,13,Month-to-month,2,74.3,6425,965.9,1,0.2654,0.83,0.637245567,63%
8999-BOHSE,Female,1,0,0,11,Month-to-month,0,89.7,91,986.7,1,0.2654,0.87,0.605093391,80%
7241-AJHFS,Male,0,0,0,32,Month-to-month,0,87.65,2402,2804.8,0,0.2654,0.175,0.22237096,14%
7029-RPUAV,Male,1,1,0,17,Month-to-month,1,100.45,1093,1707.65,1,0.2654,0.845,0.71906066,52%
4546-FOKWR,Female,0,0,0,16,Month-to-month,1,74.75,246,1196,0,0.2654,0.215,0.563735055,40%
9036-CSKBW,Female,0,0,0,51,One year,0,107.45,4692,5479.95,0,0.2654,0.355,0.149017375,25%
5832-TRLPB,Male,0,0,0,29,One year,0,75.35,1878,2185.15,0,0.2654,0.04,0.122872899,5%
8590-YFFQO,Male,0,1,0,70,Two year,1,64.95,3850,4546.5,0,0.2654,0.08,0.00389718,4%
8659-IOOPU,Female,0,1,1,71,Two year,2,100.45,5605,7131.95,0,0.2654,0.02,0.031867696,2%
1338-CECEE,Male,0,1,1,41,One year,0,68.5,2454,2808.5,0,0.2654,0.02,0.058833171,5%
7439-DKZTW,Male,0,0,0,1,Month-to-month,2,80.55,6021,80.55,0,0.2654,0.29,0.723905793,89%
4646-QZXTF,Female,0,1,0,7,Month-to-month,0,81.25,4785,568.75,0,0.2654,0.11,0.268672433,28%
4607-CHPCA,Male,0,1,1,25,One year,2,90.4,1792,2260,1,0.2654,0.345,0.354757497,23%
9742-XOKTS,Male,0,1,1,67,One year,2,89.55,4938,5999.85,0,0.2654,0.045,0.03744829,10%
6921-OZMFH,Male,0,1,1,5,Month-to-month,3,55.7,2240,278.5,0,0.2654,0.145,0.368598087,31%
9578-FOMUK,Male,0,0,1,15,Month-to-month,2,24.8,2816,372,0,0.2654,0.05,0.169942694,15%
4712-UYOOI,Female,0,1,1,20,Month-to-month,2,20,3564,400,0,0.2654,0.025,0.090642484,5%
8824-RWFXJ,Male,0,1,1,3,Month-to-month,3,56.15,1168,168.45,1,0.2654,0.81,0.34585737,61%
7722-CVFXN,Male,0,1,1,54,One year,2,105.2,4666,5680.8,0,0.2654,0.265,0.194677386,26%
8717-VCTXJ,Male,0,0,0,42,One year,3,19.55,6168,821.1,0,0.2654,0.01,0.028685673,1%
7363-QTBIW,Female,0,1,0,9,Month-to-month,2,79.75,5863,717.75,0,0.2654,0.265,0.70591303,64%
4159-NAAIX,Female,0,0,0,63,Two year,0,97.45,5069,6139.35,0,0.2654,0.045,0.079227614,4%
0971-QIFJK,Female,0,1,0,69,Two year,0,24.25,1118,1673.25,0,0.2654,0,0.002804423,0%
9397-TZSHA,Female,0,0,0,69,Two year,1,24.6,1164,1697.4,0,0.2654,0,0.002898341,0%
3391-JSQEW,Male,0,1,0,40,Month-to-month,3,50.15,1684,2006,0,0.2654,0.12,0.132516436,11%
0343-QLUZP,Male,0,0,0,60,Two year,0,39.6,2073,2376,0,0.2654,0.015,0.008737437,1%
9763-PDTKK,Female,0,0,0,4,Month-to-month,0,94.4,3307,377.6,1,0.2654,0.745,0.480397596,64%
2176-LVPNX,Female,1,0,0,71,Two year,3,89.85,5085,6379.35,0,0.2654,0,0.016141437,1%
7627-JKIAZ,Female,0,1,0,37,Month-to-month,1,78.95,2453,2921.15,1,0.2654,0.71,0.42008556,55%
3312-UUMZW,Male,0,1,0,32,Month-to-month,1,98.85,2735,3163.2,0,0.2654,0.135,0.560631469,31%
1271-UODNO,Male,0,0,0,39,Two year,1,53.85,1832,2100.15,0,0.2654,0.035,0.032014424,1%
8461-EFQYM,Female,0,0,0,38,One year,2,24.25,6354,921.5,0,0.2654,0.025,0.046070292,5%
6900-RBKER,Male,0,0,0,52,Two year,1,89.45,3893,4651.4,0,0.2654,0.04,0.125890106,3%
6891-JPYFF,Female,0,1,1,48,Month-to-month,1,105.25,4223,5052,0,0.2654,0.105,0.35094709,30%
1459-QNFQT,Male,0,1,1,70,Two year,0,59.5,3538,4165,0,0.2654,0.02,0.009827544,1%
1047-NNCBF,Male,0,0,0,20,Month-to-month,1,70.55,889,1411,0,0.2654,0.14,0.382695381,20%
3696-XRIEN,Female,0,0,0,50,One year,1,82.5,3570,4125,0,0.2654,0.02,0.064874242,8%
4081-DYXAV,Female,0,0,0,19,One year,1,44.85,6313,852.15,1,0.2654,0.7,0.393274581,60%
0074-HDKDG,Male,0,1,1,25,One year,0,61.6,1071,1540,0,0.2654,0.02,0.056351188,4%
8791-GFXLZ,Male,0,0,0,12,Month-to-month,0,49.05,4861,588.6,0,0.2654,0.09,0.30569305,17%
8111-SLLHI,Male,1,1,0,39,Month-to-month,2,105.65,3646,4120.35,1,0.2654,0.865,0.592991278,71%
0927-LCSMG,Male,0,0,0,7,Month-to-month,3,74.65,4522,522.55,1,0.2654,0.775,0.547810496,40%
9330-DHBFL,Female,0,1,1,23,One year,3,66.25,962,1523.75,0,0.2654,0.035,0.051790727,7%
0098-BOWSO,Male,0,0,0,27,Month-to-month,2,19.4,4422,523.8,0,0.2654,0.03,0.101515941,6%
3452-ABWRL,Male,1,0,0,47,Month-to-month,1,86.05,3306,4044.35,0,0.2654,0.325,0.453647238,29%
5859-HZYLF,Male,0,1,1,26,Two year,1,19.15,4329,497.9,0,0.2654,0,0.019981599,1%
8257-RZAHR,Female,0,1,0,14,Month-to-month,0,64.7,6426,905.8,1,0.2654,0.74,0.371388324,57%
5293-WXJAK,Female,1,1,0,11,Month-to-month,0,104.05,261,1144.55,1,0.2654,0.855,0.662126149,93%
3156-QLHBO,Male,0,0,1,2,Month-to-month,3,19.25,4049,38.5,0,0.2654,0.065,0.184854585,4%
2208-NQBCT,Female,0,1,1,26,Month-to-month,2,81.95,1695,2130.7,0,0.2654,0.075,0.220953874,28%
1779-PWPMG,Female,1,1,0,72,Two year,0,114.65,6152,8254.8,0,0.2654,0,0.066415888,1%
6621-NRZAK,Female,0,1,1,63,Two year,1,20,382,1260,0,0.2654,0,0.002291452,0%
0831-JNISG,Male,0,1,1,71,Two year,3,19.8,722,1405.8,0,0.2654,0,0.001672317,0%
0774-IFUVM,Male,0,1,1,11,Month-to-month,0,65.15,5634,716.65,0,0.2654,0.09,0.338282391,19%
3082-WQRVY,Male,1,1,0,14,One year,3,19.65,1919,275.1,0,0.2654,0.02,0.072842022,2%
9553-DLCLU,Female,0,0,1,13,Two year,1,88.95,304,1156.35,0,0.2654,0.03,0.043493333,1%
1641-BYBTK,Male,0,0,1,6,Month-to-month,3,20.2,6500,121.2,0,0.2654,0.04,0.230849854,2%
2460-NGXBJ,Male,1,1,1,11,Month-to-month,1,75.2,5890,827.2,0,0.2654,0.145,0.664621707,37%
2446-ZKVAF,Male,0,1,0,18,Month-to-month,1,56.8,147,1022.4,0,0.2654,0.075,0.234805346,13%
0841-NULXI,Male,0,0,0,1,Month-to-month,2,35.55,3033,35.55,1,0.2654,0.985,0.683207328,91%
3522-CDKHF,Female,0,1,0,32,Month-to-month,0,75.5,1961,2416,0,0.2654,0.14,0.286297149,28%
1430-SFQSA,Male,0,0,0,29,One year,3,35.6,144,1032.4,0,0.2654,0.015,0.060704085,1%
0411-EZJZE,Female,0,0,0,3,Month-to-month,2,60.25,1197,180.75,0,0.2654,0.16,0.53741185,47%
7851-WZEKY,Female,0,0,0,2,Month-to-month,2,95.15,1567,190.3,1,0.2654,0.97,0.784974068,91%
8844-TONUD,Male,0,1,1,13,Month-to-month,3,96.65,305,1256.45,1,0.2654,0.44,0.625944793,76%
8807-ARQET,Female,0,0,0,41,Month-to-month,2,40.35,1163,1654.35,0,0.2654,0.07,0.239985893,19%
8992-CEUEN,Female,0,0,0,1,Month-to-month,2,18.85,1343,18.85,0,0.2654,0.135,0.197386237,23%
4320-QMLLA,Male,0,0,0,7,Month-to-month,3,54.85,3191,383.95,0,0.2654,0.085,0.377568049,13%
8777-PVYGU,Female,0,1,0,52,One year,3,64.3,2956,3343.6,0,0.2654,0.075,0.047242897,3%
8292-ITGYJ,Female,0,1,1,45,Two year,0,24.65,267,1109.25,0,0.2654,0,0.009399581,1%
6870-ZWMNX,Male,0,1,0,70,Two year,1,76.1,4402,5327,0,0.2654,0.005,0.011998754,3%
0621-CXBKL,Female,0,0,0,53,Two year,3,18.7,13,991.1,0,0.2654,0.01,0.004372462,1%
5268-DSMNQ,Female,1,1,0,62,One year,1,97.95,4871,6072.9,0,0.2654,0.07,0.217784526,4%
5334-JLAXU,Female,0,1,0,60,Month-to-month,1,94.1,4545,5646,0,0.2654,0.14,0.253348223,11%
4086-YQSNZ,Female,1,1,0,3,Month-to-month,2,80.4,1875,241.2,1,0.2654,0.815,0.717585112,70%
6242-MBHPK,Female,1,1,0,23,Month-to-month,2,95.1,1962,2187.3,0,0.2654,0.155,0.546684239,45%
5868-CZJDR,Male,0,0,1,1,Month-to-month,3,31.35,2697,31.35,1,0.2654,0.55,0.540004446,69%
9359-UGBTK,Female,0,0,0,67,One year,0,72.35,4220,4847.45,0,0.2654,0.05,0.02416889,12%
0135-NMXAP,Female,0,0,0,12,Month-to-month,0,89.75,102,1077,1,0.2654,0.565,0.584737669,80%
4782-OSFXZ,Female,1,1,0,71,Two year,0,82.7,4806,5871.7,0,0.2654,0.005,0.015773004,0%
6479-OAUSD,Male,0,0,0,25,One year,1,19.9,4304,497.5,0,0.2654,0.005,0.038192421,1%
7129-ACFOG,Female,0,0,0,5,Month-to-month,2,53.8,2445,269,0,0.2654,0.06,0.370567622,27%
4189-NAKJS,Male,0,0,0,26,One year,1,51.55,538,1340.3,0,0.2654,0.045,0.143389185,2%
5562-BETPV,Male,0,1,1,1,One year,3,19.65,1487,19.65,0,0.2654,0.1,0.091205025,12%
1282-IHQAC,Male,1,0,0,70,One year,1,44.05,2610,3083.5,0,0.2654,0.035,0.042267584,6%
9127-FHJBZ,Male,0,1,1,72,Two year,2,114,6054,8208,0,0.2654,0.025,0.048909429,1%
6270-OMFIW,Male,0,1,0,60,One year,2,94.4,4646,5664,1,0.2654,0.69,0.186840228,32%
1641-RQDAY,Female,1,1,1,32,Month-to-month,2,100.4,2800,3212.8,0,0.2654,0.13,0.591939532,39%
0107-WESLM,Male,0,0,0,1,Month-to-month,2,19.85,1491,19.85,1,0.2654,0.146666667,0.251047226,40%
6994-ORCWG,Female,0,0,0,14,One year,3,54.25,5884,759.5,0,0.2654,0.13,0.239752484,8%
1346-UFHAX,Female,0,0,0,13,Month-to-month,1,80,61,1040,0,0.2654,0.305,0.475809521,28%
3992-YWPKO,Female,0,0,0,6,Month-to-month,1,109.9,5310,659.4,1,0.2654,0.51,0.675869308,78%
2933-XEUJM,Female,0,0,0,46,Two year,3,79.2,3111,3643.2,0,0.2654,0.025,0.038948583,1%
0125-LZQXK,Male,0,0,0,15,Month-to-month,2,101.35,993,1520.25,1,0.2654,0.755,0.559886737,68%
5461-QKNTN,Male,1,1,0,43,Month-to-month,2,94.3,3378,4054.9,0,0.2654,0.11,0.37878431,21%
4835-YSJMR,Male,0,0,0,39,Two year,0,49.8,1575,1942.2,0,0.2654,0.005,0.023038293,1%
8399-YNDCH,Male,1,0,0,21,Month-to-month,0,60.05,432,1261.05,1,0.2654,0.195,0.303125149,12%
3164-YAXFY,Male,0,0,0,57,Month-to-month,2,53.75,2777,3063.75,0,0.2654,0.115,0.144089328,18%
0887-WBJVH,Female,0,1,0,53,One year,2,93.45,4117,4952.85,0,0.2654,0.095,0.189680365,23%
4660-IRIBM,Male,0,1,1,18,Month-to-month,3,87.9,908,1582.2,0,0.2654,0.27,0.386144281,29%
5673-FSSMF,Female,0,0,0,1,Month-to-month,2,60.15,4912,60.15,1,0.2654,0.88,0.627970035,76%
7670-ZBPOQ,Female,0,1,0,58,One year,0,61.05,3013,3540.9,0,0.2654,0.03,0.026782725,4%
8089-UZWLX,Female,1,0,0,71,Two year,0,104.05,5736,7387.55,0,0.2654,0.06,0.113541896,5%
0080-OROZO,Female,0,0,0,35,One year,2,99.25,3060,3473.75,0,0.2654,0.4,0.271199053,26%
3916-NRPAP,Male,0,0,0,3,Month-to-month,1,85.7,2217,257.1,0,0.2654,0.19,0.60516161,43%
6807-SIWJI,Male,0,0,0,38,One year,2,104.85,3326,3984.3,0,0.2654,0.06,0.261536736,21%
8221-HVAYI,Male,0,1,1,35,Two year,1,69.15,2137,2420.25,0,0.2654,0.01,0.018844394,1%
1579-KLYDT,Male,0,0,0,7,Month-to-month,2,90.45,4864,633.15,1,0.2654,0.845,0.721453679,75%
5232-NXPAY,Female,0,0,0,47,Two year,3,74.45,3045,3499.15,0,0.2654,0.04,0.03082331,2%
8967-SZQAS,Female,0,0,0,14,Month-to-month,2,50.45,5848,706.3,0,0.2654,0.02,0.269104182,12%
4468-KAZHE,Female,1,1,0,20,Month-to-month,2,60,473,1200,0,0.2654,0.23,0.339866273,30%
0455-ENTCR,Male,0,1,0,66,Two year,2,85.25,4595,5626.5,0,0.2654,0,0.014200007,2%
8944-AILEF,Male,0,1,0,15,Month-to-month,1,19.45,2948,291.75,0,0.2654,0.21,0.153820506,11%
5542-NKVRU,Female,0,0,0,42,Two year,0,20.75,6189,871.5,0,0.2654,0,0.012671389,2%
7126-RBHSD,Female,0,1,0,17,Month-to-month,2,78.9,637,1341.3,0,0.2654,0.395,0.38410449,27%
5370-IIVVL,Male,0,0,0,37,One year,1,104.5,3242,3866.5,0,0.2654,0.07,0.274435321,18%
6789-HJBWG,Female,0,0,0,12,Month-to-month,2,49.4,4991,592.8,0,0.2654,0.115,0.339713408,19%
3927-NLNRY,Male,0,1,0,53,One year,0,94.25,4108,4995.25,1,0.2654,0.72,0.198052405,42%
9087-EYCPR,Female,0,0,0,60,Two year,3,25,914,1500,0,0.2654,0,0.004814406,0%
6791-YBNAK,Male,0,1,1,18,Month-to-month,1,25.55,3953,459.9,0,0.2654,0.065,0.318205036,18%
6358-LYNGM,Male,0,0,0,1,Month-to-month,2,74.9,5724,74.9,1,0.2654,0.85,0.737475232,88%
6077-BDPXA,Female,0,0,0,3,Month-to-month,2,70.15,1542,210.45,0,0.2654,0.315,0.633410251,59%
0013-MHZWF,Female,0,0,1,9,Month-to-month,1,69.4,4713,624.6,0,0.2654,0.105,0.384983662,22%
5494-HECPR,Female,0,0,0,1,Month-to-month,2,80.25,6017,80.25,1,0.2654,0.89,0.731448241,92%
8268-YDIXR,Male,0,1,0,56,One year,2,93.15,4399,5216.4,0,0.2654,0.055,0.120558527,9%
9824-BEMCV,Male,0,1,1,17,Month-to-month,2,69,284,1173,1,0.2654,0.53,0.444713914,60%
1373-ORVIZ,Female,0,1,1,11,Month-to-month,2,66.35,5729,729.85,1,0.2654,0.725,0.431853911,49%
4291-SHSBH,Male,0,0,0,7,Month-to-month,2,69.55,4365,486.85,0,0.2654,0.394285714,0.619819959,43%
6980-IMXXE,Female,0,1,1,69,Two year,0,20.2,757,1393.8,0,0.2654,0,0.001694439,1%
9866-QEVEE,Male,0,0,0,19,Month-to-month,0,86,961,1634,1,0.2654,0.73,0.612721576,40%
9897-KXHCM,Female,0,1,1,3,Month-to-month,2,80.3,2160,240.9,1,0.2654,0.49,0.672369216,60%
0040-HALCW,Male,0,1,1,54,Two year,1,20.4,180,1101.6,0,0.2654,0.01,0.003350229,2%
0784-GTUUK,Male,0,1,0,62,One year,1,23.75,829,1472.5,0,0.2654,0.005,0.011171475,2%
7979-CORPM,Male,0,0,0,24,Month-to-month,1,90.55,1922,2173.2,1,0.2654,0.7,0.525393987,49%
2294-DMMUS,Female,0,1,1,62,Month-to-month,1,70.45,3662,4367.9,0,0.2654,0.175,0.159325467,12%
0872-JCPIB,Male,0,0,0,17,Month-to-month,0,65.75,215,1117.75,0,0.2654,0.12,0.232494178,11%
3055-MJDSB,Male,0,0,0,9,Month-to-month,3,24.6,1495,221.4,0,0.2654,0.46,0.517855585,42%
9091-WTUUY,Male,0,1,1,64,Two year,3,69.25,3773,4432,0,0.2654,0.03,0.00665124,1%
1618-CFHME,Female,0,0,0,2,Month-to-month,2,75.9,794,151.8,1,0.2654,0.67,0.69512331,74%
3165-HDOEW,Male,0,1,1,1,Month-to-month,3,45.85,3825,45.85,1,0.2654,0.905,0.449352041,69%
6581-NQCBA,Female,0,1,0,16,Month-to-month,2,49.95,6061,799.2,1,0.2654,0.32,0.547061066,32%
7115-IRDHS,Female,0,1,0,72,Two year,0,24.65,1383,1774.8,0,0.2654,0,0.002517359,0%
8496-DMZUK,Male,0,0,0,30,One year,0,90.4,2442,2712,0,0.2654,0.05,0.13381181,3%
2040-VZIKE,Female,0,1,0,49,Month-to-month,3,100.85,4088,4941.65,0,0.2654,0.13,0.446514337,22%
9068-VPWQQ,Male,0,1,0,61,Two year,1,75.35,3997,4596.35,0,0.2654,0.035,0.013228714,1%
0178-SZBHO,Male,0,1,1,47,Month-to-month,2,87.2,3435,4098.4,0,0.2654,0.185,0.261087646,27%
0384-RVBPI,Male,0,0,0,20,Month-to-month,1,64.4,727,1288,0,0.2654,0.04,0.173126837,8%
1689-MRZQR,Male,0,1,1,34,Month-to-month,2,78.3,2219,2662.2,1,0.2654,0.82,0.305895892,49%
1299-AURJA,Female,0,1,1,70,Two year,0,24.7,1180,1729,0,0.2654,0,0.002287581,0%
4525-VZCZG,Male,0,0,1,54,One year,2,105.85,4802,5715.9,0,0.2654,0.155,0.104577653,23%
1543-LLLFT,Male,1,1,0,61,One year,3,98.3,4957,5996.3,0,0.2654,0.145,0.159916653,3%
5835-BEQEU,Male,0,0,0,3,Month-to-month,2,76.95,1918,230.85,1,0.2654,0.93,0.695467443,83%
2788-CJQAQ,Male,0,0,0,13,One year,3,19.45,2348,252.85,0,0.2654,0,0.064387246,1%
5565-FILXA,Female,1,0,0,16,Month-to-month,2,96.15,952,1538.4,1,0.2654,0.89,0.742540612,76%
0319-QZTCO,Female,0,1,1,3,Month-to-month,1,58.7,1171,176.1,0,0.2654,0.235,0.367907175,39%
2120-SMPEX,Male,0,0,0,25,Month-to-month,3,20.15,4470,503.75,0,0.2654,0.005,0.117635627,3%
0096-FCPUF,Male,0,0,0,30,Month-to-month,3,64.5,1464,1935,0,0.2654,0.03,0.23790502,12%
0668-OGMHD,Female,0,1,0,21,Month-to-month,2,28.5,5081,598.5,0,0.2654,0.26,0.255824165,25%
5552-ZNFSJ,Male,0,0,0,1,Month-to-month,2,45.3,3816,45.3,1,0.2654,0.955,0.391712249,65%
2223-KAGMX,Female,0,0,0,15,Month-to-month,0,19.4,2494,291,1,0.2654,0.39,0.110378987,14%
6507-ZJSUR,Male,1,1,0,23,Month-to-month,2,90.45,1745,2080.35,0,0.2654,0.085,0.640945608,34%
9408-HRXRK,Female,0,1,1,45,Month-to-month,2,105.15,4001,4731.75,0,0.2654,0.12,0.376599871,30%
5593-SUAOO,Female,0,1,1,24,One year,0,83.15,1667,1995.6,0,0.2654,0.03,0.188575411,5%
7321-PKUYW,Female,0,0,0,11,Month-to-month,2,90.15,6506,991.65,1,0.2654,0.785,0.57503983,57%
2833-SLKDQ,Male,0,0,0,1,Month-to-month,3,45.05,3811,45.05,1,0.2654,0.79,0.401720867,53%
6766-HFKLA,Female,0,1,0,56,Two year,0,103.2,4744,5779.2,0,0.2654,0.065,0.086859786,13%
7595-EUIVN,Female,0,0,0,1,Month-to-month,2,75.8,5777,75.8,1,0.2654,0.89,0.578919285,79%
7617-EYGLW,Male,0,0,0,1,Month-to-month,2,19.45,1483,19.45,0,0.2654,0.1925,0.193522751,29%
2026-TGDHM,Female,0,0,0,7,Month-to-month,2,79.3,4382,555.1,1,0.2654,0.565,0.695332281,56%
9220-ZNKJI,Female,1,1,0,55,Two year,1,88.8,4060,4884,0,0.2654,0.045,0.053709943,2%
4030-VPZBD,Female,0,0,0,2,Month-to-month,2,30.9,4841,61.8,1,0.2654,0.835,0.555351517,76%
2226-ICFDO,Female,0,1,1,72,Two year,1,85.9,4993,6184.8,0,0.2654,0,0.016671666,0%
0723-VSOBE,Female,1,0,0,45,One year,2,34.2,1051,1539,0,0.2654,0.075,0.103616896,8%
5529-GIBVH,Female,0,0,0,47,Two year,3,20.15,89,947.05,0,0.2654,0,0.006107939,0%
4187-CINZD,Female,1,0,0,46,One year,1,95.25,3762,4381.5,1,0.2654,0.68,0.217511975,33%
9992-UJOEL,Male,0,0,0,2,Month-to-month,3,50.3,6371,100.6,0,0.2654,0.21,0.455801458,27%
4741-WWJQZ,Female,0,1,0,2,Month-to-month,2,80.15,1543,160.3,0,0.2654,0.725,0.446903294,58%
6625-UTXEW,Female,0,1,0,12,Month-to-month,2,51.25,4995,615,0,0.2654,0.02,0.357371937,16%
6818-WOBHJ,Female,1,1,0,68,Month-to-month,0,89.6,5000,6092.8,1,0.2654,0.195,0.316965303,11%
6244-BESBM,Male,0,1,1,69,Two year,1,95.2,5300,6568.8,0,0.2654,0.03,0.055612437,6%
1004-NOZNR,Male,1,0,1,56,One year,1,94.8,4403,5308.8,0,0.2654,0.075,0.114968076,16%
1251-STYSZ,Female,1,0,0,4,Month-to-month,2,80.25,2635,321,0,0.2654,0.08,0.631087809,48%
2612-PHGOX,Male,0,1,0,64,Two year,0,76.1,4069,4870.4,0,0.2654,0.02,0.018850823,1%
2408-TZMJL,Male,0,1,0,59,One year,2,110.15,5184,6498.85,1,0.2654,0.315,0.195503434,24%
8480-PPONV,Male,0,1,1,62,Two year,0,115.55,5604,7164.1,0,0.2654,0.02,0.042487706,2%
8780-IHCRN,Male,0,1,1,63,Two year,1,24.65,1027,1552.95,0,0.2654,0,0.003125873,0%
4598-ZADCK,Female,0,0,0,53,One year,2,53.6,2486,2840.8,0,0.2654,0.03,0.038475434,7%
1257-SXUXQ,Male,0,1,1,5,Month-to-month,3,19.45,6240,97.25,0,0.2654,0.14,0.185228899,8%
9681-KYGYB,Male,1,1,0,49,Month-to-month,2,88.2,3555,4321.8,0,0.2654,0.14,0.257806199,26%
7182-OVLBJ,Female,0,1,1,62,Two year,0,101.15,5285,6271.3,0,0.2654,0.05,0.085660759,5%
5095-ETBRJ,Female,0,1,0,55,Two year,3,56.8,2707,3124,0,0.2654,0.03,0.006271323,1%
7005-CYUIL,Female,1,1,0,71,Two year,2,99.4,5608,7057.4,0,0.2654,0.015,0.033469098,0%
4821-WQOYN,Female,0,1,1,72,Two year,1,20.1,591,1447.2,0,0.2654,0.02,0.002110357,0%
4730-AWNAU,Male,0,1,1,36,One year,1,60.7,1868,2185.2,0,0.2654,0,0.070913977,7%
3452-FLHYD,Male,0,1,0,25,One year,0,20.95,4194,523.75,0,0.2654,0,0.052459754,3%
2388-LAESQ,Female,1,1,0,72,Two year,0,114.85,6145,8269.2,0,0.2654,0,0.066893631,1%
9531-NSBMR,Female,0,0,0,36,One year,0,19.25,5372,693,0,0.2654,0,0.032695968,2%
6260-ONULR,Male,0,0,0,1,Month-to-month,3,62.8,5042,62.8,0,0.2654,0.255,0.594152497,51%
4389-UEFCZ,Female,0,1,0,72,Two year,2,105.5,5795,7596,0,0.2654,0.02,0.090124387,2%
8711-LOBKY,Male,0,1,1,59,Two year,3,19.85,349,1171.15,0,0.2654,0,0.002884114,1%
9134-CEQMF,Male,1,1,0,7,Month-to-month,2,89.5,5353,626.5,1,0.2654,0.75,0.769618711,66%
8985-OOPOS,Female,0,0,0,1,One year,1,74.1,5714,74.1,0,0.2654,0.095,0.248422717,16%
8800-ZKRFW,Female,0,1,1,30,Month-to-month,2,107.5,2822,3225,0,0.2654,0.435,0.461989822,40%
2616-FLVQC,Male,0,0,0,64,Two year,3,19.55,440,1251.2,0,0.2654,0,0.002629154,0%
9968-FFVVH,Male,0,0,0,63,One year,0,68.8,3504,4334.4,0,0.2654,0.01,0.013138789,1%
3108-PCCGG,Male,1,1,0,72,Two year,1,84.45,4840,6080.4,0,0.2654,0.005,0.017939697,0%
7993-PYKOF,Male,0,1,0,8,Month-to-month,2,75,5109,600,1,0.2654,0.77,0.43810099,39%
8390-FESFV,Female,0,0,0,62,Two year,0,84.5,4349,5239,0,0.2654,0.005,0.021649639,1%
3022-BEXHZ,Male,0,1,1,67,Two year,0,111.2,5787,7450.4,0,0.2654,0.105,0.076665531,23%
5027-XWQHA,Male,0,0,0,6,Month-to-month,2,44.75,2352,268.5,1,0.2654,0.695,0.325518966,33%
6248-TKCQV,Female,0,1,1,70,Two year,0,80.6,4537,5642,0,0.2654,0.08,0.015583383,4%
6729-GDNGC,Female,1,0,0,20,Month-to-month,0,80.7,1077,1614,0,0.2654,0.085,0.476817177,21%
6198-ZFIOJ,Female,0,0,0,5,Month-to-month,2,75.6,3439,378,0,0.2654,0.865,0.628000988,57%
5989-OMNJE,Female,0,1,1,24,One year,2,57.6,662,1382.4,0,0.2654,0.055,0.117191154,13%
4566-QVRRW,Female,0,1,0,11,Month-to-month,2,44.05,4080,484.55,1,0.2654,0.8,0.386054868,39%
1291-CUOCY,Male,0,1,0,72,Two year,1,110.6,5997,7963.2,0,0.2654,0.005,0.08340393,2%
9795-SHUHB,Female,0,1,1,66,Two year,1,58.2,3269,3841.2,0,0.2654,0.015,0.004730105,1%
3230-IUALN,Female,0,1,1,45,Two year,3,81,3063,3645,0,0.2654,0.025,0.027562628,2%
0042-RLHYP,Female,0,1,1,69,Two year,0,19.7,723,1359.3,0,0.2654,0,0.001658672,1%
8519-IMDHU,Male,1,1,0,15,Month-to-month,0,85.6,627,1284,1,0.2654,0.79,0.679086599,60%
4945-RVMTE,Female,0,0,0,28,Month-to-month,0,59.55,1122,1667.4,0,0.2654,0.09,0.232991958,9%
0201-OAMXR,Female,0,0,0,70,One year,1,115.55,6075,8088.5,1,0.2654,0.8,0.094390222,65%
1866-NXPSP,Female,0,0,0,36,One year,3,75.55,2332,2719.8,0,0.2654,0.07,0.057016855,10%
3372-KWFBM,Male,1,0,0,16,Month-to-month,2,86.6,514,1385.6,1,0.2654,0.895,0.665002881,67%
7831-QGOXH,Female,0,0,0,18,Month-to-month,2,85.2,992,1533.6,1,0.2654,0.89,0.620396343,62%
6393-WRYZE,Female,0,1,0,34,Month-to-month,2,97.65,2787,3320.1,1,0.2654,0.775,0.635707805,54%
3941-XTSKM,Male,0,1,1,42,One year,1,45.1,1680,1894.2,0,0.2654,0.05,0.101466363,7%
1661-CZBAU,Male,0,0,0,48,One year,0,70.95,3137,3405.6,0,0.2654,0.025,0.052102161,7%
6599-RCLCJ,Male,0,1,0,47,Month-to-month,2,109.55,4313,5148.85,1,0.2654,0.745,0.424493425,49%
9831-BPFRI,Female,0,1,1,39,One year,2,89.55,3010,3492.45,1,0.2654,0.725,0.152811973,24%
5158-RIVOP,Female,0,1,1,11,Two year,1,20.9,1652,229.9,0,0.2654,0.005,0.027790761,1%
9788-YTFGE,Male,0,0,0,7,Month-to-month,3,19.95,865,139.65,0,0.2654,0.035,0.205034914,11%
9277-JOOMO,Female,0,0,0,3,Month-to-month,3,24.6,6241,73.8,0,0.2654,0.21,0.283660394,19%
1907-YLNYW,Male,0,0,0,8,Month-to-month,2,66.7,4773,533.6,0,0.2654,0.045,0.376436274,16%
1725-MIMXW,Male,0,0,1,1,Month-to-month,3,19.45,1483,19.45,1,0.2654,0.735,0.22547039,50%
8947-YRTDV,Male,0,1,1,32,One year,3,94.8,2723,3033.6,0,0.2654,0.18,0.132648317,7%
3161-ONRWK,Male,0,1,1,60,One year,0,65.85,3360,3951,0,0.2654,0.03,0.013342615,1%
0114-RSRRW,Female,0,1,0,10,Month-to-month,0,19.95,1443,199.5,0,0.2654,0.025,0.177328341,18%
4565-NLZBV,Female,0,1,0,71,Two year,0,24.65,1210,1750.15,0,0.2654,0,0.003611362,0%
0031-PVLZI,Female,0,1,1,4,Month-to-month,3,20.35,5822,81.4,1,0.2654,0.685,0.199583279,32%
7206-GZCDC,Female,1,0,0,1,Month-to-month,2,69.25,5443,69.25,1,0.2654,1,0.721659546,92%
6682-VCIXC,Female,0,1,1,43,One year,0,51.25,1769,2203.75,0,0.2654,0.035,0.045681514,5%
4791-QRGMF,Male,0,1,0,59,One year,0,99.5,4885,5870.5,1,0.2654,0.625,0.263032234,37%
6475-VHUIZ,Female,0,1,0,23,Month-to-month,2,54.25,407,1247.75,0,0.2654,0.125,0.141720352,19%
3910-MRQOY,Female,0,1,0,72,Two year,0,19.4,893,1396.8,0,0.2654,0,0.001717474,0%
0661-WCQNQ,Male,0,1,0,22,One year,1,56.25,533,1237.5,0,0.2654,0.04,0.064629887,4%
7537-RBWEA,Female,0,0,0,1,Month-to-month,3,25.15,2150,25.15,0,0.2654,0.245,0.628776613,57%
4656-CAURT,Male,0,0,0,69,Two year,0,23.95,1215,1652.55,0,0.2654,0,0.002582118,0%
0121-SNYRK,Male,0,0,0,50,One year,3,35.4,1270,1770,0,0.2654,0.01,0.036660652,1%
1768-ZAIFU,Female,1,0,0,1,Month-to-month,2,25.2,2151,25.2,1,0.2654,0.955,0.655914825,85%
4671-LXRDQ,Male,0,0,0,2,Month-to-month,3,45,6467,90,1,0.2654,0.715,0.503942486,59%
3733-LSYCE,Female,0,1,0,15,Month-to-month,0,75.35,220,1130.25,0,0.2654,0.125,0.378597769,17%
6265-FRMTQ,Male,0,0,0,31,Two year,0,20.4,4974,632.4,0,0.2654,0.015,0.013617824,1%
1934-SJVJK,Male,0,0,0,1,Month-to-month,3,20.15,1609,20.15,1,0.2654,0.938321429,0.204644169,49%
3838-OZURD,Male,0,1,0,66,Month-to-month,1,105,5596,6930,1,0.2654,0.355,0.387125977,46%
1371-DWPAZ,Female,0,1,1,0,Two year,1,56.05,0,0,0,0.2654,0.13,0.073142444,2%
9269-CQOOL,Male,0,0,1,3,Month-to-month,1,54.7,1187,164.1,1,0.2654,0.795,0.401508389,52%
2017-CCBLH,Female,0,0,0,8,Two year,3,20,748,160,0,0.2654,0.01,0.037779139,1%
7690-KPNCU,Male,0,1,1,64,One year,1,73.05,3966,4675.2,0,0.2654,0.07,0.035039596,7%
0536-BGFMZ,Female,0,1,0,28,Month-to-month,3,20.5,4662,574,0,0.2654,0.01,0.084342588,2%
2293-IJWPS,Female,0,1,0,57,One year,1,100.75,4901,5742.75,0,0.2654,0.32,0.302227918,32%
2845-HSJCY,Female,0,1,1,14,Month-to-month,2,87.25,471,1221.5,1,0.2654,0.835,0.613282598,66%
5469-NUJUR,Male,0,0,0,19,Two year,3,19.95,3213,379.05,0,0.2654,0,0.033804607,1%
1184-PJVDB,Male,0,1,0,10,Month-to-month,2,79.95,6233,799.5,1,0.2654,0.89,0.668855866,72%
2625-TRCZQ,Female,0,1,0,51,Month-to-month,2,49.65,2210,2532.15,0,0.2654,0.15,0.226758723,35%
4102-HLENU,Female,0,1,0,67,Two year,3,65.65,3677,4398.55,0,0.2654,0.03,0.009440646,1%
7266-GSSJX,Male,0,1,1,11,Month-to-month,2,20.45,2162,224.95,0,0.2654,0.045,0.159451746,8%
7722-VJRQD,Male,0,1,1,72,Two year,0,60.95,3877,4388.4,0,0.2654,0.005,0.009834354,1%
7073-QETQY,Male,0,1,1,66,One year,2,20.35,652,1343.1,0,0.2654,0.005,0.006139233,2%
9415-DPEWS,Female,0,0,0,18,Month-to-month,2,88.35,1111,1590.3,1,0.2654,0.51,0.526463806,48%
5624-RYAMH,Female,0,0,0,9,Month-to-month,2,19.5,1311,175.5,0,0.2654,0.06,0.191457296,21%
0196-JTUQI,Female,0,0,0,9,Month-to-month,1,75.2,5116,676.8,0,0.2654,0.225,0.677243763,54%
7130-YXBRO,Male,0,1,0,48,Month-to-month,0,111.45,4445,5349.6,0,0.2654,0.36,0.387987023,46%
9272-LSVYH,Male,0,0,0,10,Month-to-month,3,70.15,5695,701.5,0,0.2654,0.125,0.546949463,32%
7943-RQCHR,Female,0,0,0,9,Month-to-month,2,94.75,6294,852.75,1,0.2654,0.94,0.789209525,84%
3793-MMFUH,Female,1,0,0,13,Month-to-month,2,95.05,530,1235.65,1,0.2654,0.61,0.749219629,65%
3249-ZPQRG,Male,0,0,0,4,Month-to-month,2,78.45,2864,313.8,1,0.2654,0.865,0.559833081,68%
2568-BRGYX,Male,0,0,0,4,Month-to-month,2,70.2,2012,280.8,1,0.2654,0.575,0.620510559,54%
3084-DOWLE,Female,0,1,0,72,Two year,0,92,5198,6624,0,0.2654,0.005,0.013060759,0%
1084-MNSMJ,Female,0,1,1,51,Two year,1,85.5,3760,4360.5,0,0.2654,0.035,0.013490624,1%
7721-JXEAW,Male,0,1,0,59,Month-to-month,0,41.05,2103,2421.95,1,0.2654,0.695,0.125297469,38%
7249-WBIYX,Male,0,1,0,10,Month-to-month,2,85.6,6079,856,1,0.2654,0.9,0.727905814,70%
4238-HFHSN,Male,1,1,0,61,Month-to-month,2,82.15,4157,5011.15,0,0.2654,0.1,0.292029764,14%
6250-CGGUN,Male,0,0,0,54,One year,2,84.4,3803,4557.6,0,0.2654,0.025,0.050153454,15%
5478-JJVZK,Female,0,0,0,33,Month-to-month,3,60.9,1668,2009.7,0,0.2654,0.025,0.155569301,14%
7596-IIWYC,Female,0,0,0,27,Two year,0,20.25,4479,546.75,0,0.2654,0.005,0.022874496,1%
6567-HOOPW,Female,1,0,0,1,Month-to-month,2,79.2,5964,79.2,1,0.2654,0.955,0.757741608,91%
9793-WECQC,Male,0,0,0,23,Month-to-month,3,95.3,1812,2191.9,0,0.2654,0.35,0.484203309,21%
4291-HPAXL,Male,0,0,1,1,Month-to-month,3,19.85,1491,19.85,0,0.2654,0.6945,0.175167701,44%
8999-YPYBV,Male,0,1,1,45,Two year,3,84.35,3301,3795.75,0,0.2654,0.01,0.022010825,1%
1839-FBNFR,Female,0,1,1,39,Two year,0,19.85,6223,774.15,0,0.2654,0.005,0.012232578,1%
3164-AALRN,Male,0,0,0,5,One year,3,70,3002,350,1,0.2654,0.74,0.349586978,36%
3071-MVJCD,Male,0,1,1,72,Two year,0,82.3,4794,5925.6,0,0.2654,0,0.006599578,0%
1697-BCSHV,Female,0,1,1,58,Month-to-month,0,66.8,3394,3874.4,0,0.2654,0.045,0.110515054,7%
0562-KBDVM,Female,0,0,0,70,Two year,0,44.6,2656,3122,0,0.2654,0.025,0.006494359,1%
1131-SUEKT,Male,0,1,1,61,One year,0,98.45,5015,6005.45,0,0.2654,0.04,0.11107802,4%
3717-OEAUQ,Male,0,0,0,2,Month-to-month,3,70.7,527,141.4,0,0.2654,0.185,0.555199226,21%
4538-WNTMJ,Female,0,1,1,46,One year,3,24.95,310,1147.7,0,0.2654,0,0.01634796,2%
3334-CTHOL,Female,0,0,0,1,Month-to-month,0,49.95,4148,49.95,1,0.2654,0.74,0.526009382,58%
4704-ERYFC,Female,0,1,0,22,Month-to-month,2,69.25,994,1523.5,1,0.2654,0.695,0.467666267,44%
9432-RUVSL,Female,0,0,0,48,Two year,1,102.5,4156,4920,0,0.2654,0.155,0.070449527,10%
8060-HIWJJ,Male,0,0,0,64,Two year,1,86.55,4665,5539.2,0,0.2654,0,0.022394836,0%
7684-XSZIY,Male,0,1,1,72,Two year,0,24.3,1120,1749.6,0,0.2654,0,0.001958914,0%
9089-UOWJG,Female,0,1,1,12,Month-to-month,1,58.35,5728,700.2,0,0.2654,0.085,0.377083776,26%
8621-MNIHH,Female,1,1,0,34,Month-to-month,2,94.25,2799,3204.5,1,0.2654,0.71,0.554947894,48%
8039-ACLPL,Female,0,1,1,72,Two year,1,68.75,4127,4950,0,0.2654,0.025,0.006355653,1%
9885-AIBVB,Male,0,1,0,29,Month-to-month,2,85.8,2093,2488.2,0,0.2654,0.13,0.453560154,40%
1934-MKPXS,Male,0,1,1,33,One year,1,20.1,5045,663.3,0,0.2654,0,0.023961016,1%
2592-YKDIF,Female,0,0,0,1,Month-to-month,3,20.35,1613,20.35,0,0.2654,0.141083333,0.212862906,27%
2272-JKMSI,Female,0,1,1,62,One year,2,110.8,5401,6869.6,0,0.2654,0.045,0.184700303,7%
0471-LVHGK,Male,0,1,0,41,One year,2,73,2599,2993,1,0.2654,0.695,0.16050212,30%
9518-RWHZL,Female,0,0,0,64,One year,1,100.05,5070,6403.2,1,0.2654,0.73,0.254583007,39%
8714-CTZJW,Female,0,0,0,4,Month-to-month,1,82.85,2773,331.4,0,0.2654,0.745,0.674173774,74%
3569-EDBPQ,Female,0,0,0,24,Month-to-month,2,84.35,1539,2024.4,0,0.2654,0.135,0.335982277,24%
3131-NWVFJ,Female,0,1,1,14,One year,3,19.55,2543,273.7,0,0.2654,0,0.056540463,2%
7521-YXVZY,Male,0,0,1,3,Month-to-month,3,19.95,4782,59.85,0,0.2654,0.15,0.185656209,25%
5419-CONWX,Female,1,0,0,4,Month-to-month,1,99.8,3759,399.2,1,0.2654,0.875,0.723880445,90%
6240-EURKS,Female,0,0,1,18,Month-to-month,2,35,4591,630,1,0.2654,0.75,0.491301578,47%
2373-NTKOD,Male,0,0,0,8,Month-to-month,2,66.25,4534,530,0,0.2654,0.085,0.534517615,25%
1970-KKFWL,Female,0,0,0,35,Two year,0,23.3,6001,815.5,0,0.2654,0.02,0.015739365,2%
6960-HVYXR,Female,0,0,0,1,Month-to-month,2,76,5820,76,1,0.2654,0.835,0.686268274,92%
9337-SRRNI,Male,0,0,1,66,Two year,1,25.3,1161,1669.8,0,0.2654,0,0.003772575,0%
0895-UADGO,Male,0,0,1,8,Two year,3,44.55,2969,356.4,0,0.2654,0.075,0.113714727,2%
5678-VFNEQ,Female,0,1,0,71,One year,1,104.1,5735,7391.1,0,0.2654,0.015,0.16558095,6%
5977-CKHON,Female,0,1,1,43,Month-to-month,0,92.55,3451,3979.65,0,0.2654,0.065,0.452637589,20%
7024-OHCCK,Female,1,0,0,2,Month-to-month,2,93.85,1198,187.7,1,0.2654,0.96,0.804030657,92%
2692-BUCFV,Male,1,0,0,29,Month-to-month,0,101.45,2546,2942.05,0,0.2654,0.545,0.545074506,39%
7861-UVUFT,Female,0,1,0,15,Month-to-month,2,84.3,565,1264.5,1,0.2654,0.565,0.567324018,61%
1830-GGFNM,Male,0,1,1,65,Two year,1,94.55,4965,6145.75,0,0.2654,0.025,0.018565556,4%
5302-BDJNT,Male,0,0,0,35,Month-to-month,2,95.5,2961,3342.5,0,0.2654,0.34,0.351776989,29%
5223-UZAVK,Male,0,0,0,64,One year,1,100.3,5271,6419.2,0,0.2654,0.06,0.120734769,12%
4859-ZSRDZ,Female,0,1,1,58,Two year,1,55.5,2749,3219,0,0.2654,0.015,0.033661135,2%
5651-WYIPH,Female,1,0,0,18,Month-to-month,1,49.85,6254,897.3,0,0.2654,0.095,0.329428699,22%
9350-VLHMB,Male,0,1,1,67,Month-to-month,0,89.55,5138,5999.85,0,0.2654,0.065,0.245589627,16%
3498-LZGQZ,Male,0,1,1,63,Two year,3,19.15,329,1206.45,0,0.2654,0.03,0.003217569,2%
8785-CJSHH,Female,0,1,0,60,Month-to-month,2,99.8,4902,5988,0,0.2654,0.465,0.428396927,37%
5357-TZHPP,Male,1,0,0,9,Month-to-month,1,84.4,5677,759.6,1,0.2654,0.79,0.763195085,72%
3870-SPZSI,Female,0,1,1,70,Two year,1,113.05,5944,7913.5,0,0.2654,0.02,0.048982368,3%
0680-DFNNY,Male,0,1,0,15,Month-to-month,2,101.1,913,1516.5,1,0.2654,0.67,0.707832484,76%
7560-QRBXH,Female,0,0,1,48,One year,3,19.95,6409,957.6,0,0.2654,0.02,0.01423777,1%
7077-XJMET,Male,0,1,0,12,Month-to-month,2,74.15,5732,889.8,0,0.2654,0.325,0.415904803,51%
8752-GHJFU,Male,1,1,0,71,One year,2,92,5253,6532,0,0.2654,0.125,0.061008802,4%
6896-SRVYQ,Male,1,0,0,44,Month-to-month,2,73.85,2714,3249.4,0,0.2654,0.135,0.260845355,28%
7767-UXAGJ,Male,0,0,0,1,Month-to-month,2,50.45,4228,50.45,1,0.2654,0.76,0.542343145,74%
4652-ODEVH,Male,0,1,1,45,Two year,3,24.45,172,1100.25,0,0.2654,0,0.007423012,1%
6510-UPNKS,Female,0,0,0,23,One year,1,24.8,5018,570.4,0,0.2654,0.05,0.059164417,4%
6718-BDGHG,Female,0,1,0,43,One year,0,64.85,2512,2788.55,0,0.2654,0.03,0.081197851,10%
9046-DQMTP,Male,0,0,0,35,Month-to-month,0,20.75,5710,726.25,0,0.2654,0.015,0.053590174,5%
6439-LAJXL,Male,0,1,0,9,Month-to-month,3,68.95,4866,620.55,0,0.2654,0.16,0.23959929,15%
1571-SAVHK,Male,0,0,0,12,Month-to-month,3,99.95,260,1199.4,1,0.2654,0.94,0.64472541,95%
9052-VKDUW,Female,1,1,0,65,Month-to-month,1,109.4,5632,7111,0,0.2654,0.06,0.347202182,7%
9546-CQJSU,Female,0,0,0,2,Month-to-month,2,91.4,1530,182.8,1,0.2654,0.85,0.731305063,88%
1666-JZPZT,Male,0,0,0,27,Month-to-month,3,49,532,1323,0,0.2654,0.03,0.205124799,3%
5777-KJIRB,Female,0,0,0,40,One year,3,50.25,1657,2010,0,0.2654,0.12,0.077319691,4%
0506-LVNGN,Female,1,0,0,5,Month-to-month,1,75.55,3024,377.75,1,0.2654,0.83,0.655881338,64%
7677-SJJJK,Male,0,1,1,8,One year,1,19.9,958,159.2,0,0.2654,0.005,0.060482021,4%
2480-EJWYP,Female,1,1,0,58,One year,0,97.8,4532,5672.4,0,0.2654,0.16,0.262698275,19%
3253-HKOKL,Female,0,1,1,52,One year,2,100.3,4395,5215.6,0,0.2654,0.03,0.127204132,16%
7055-HNEOJ,Male,0,1,0,3,Month-to-month,3,55.8,973,167.4,0,0.2654,0.425,0.344828719,48%
5514-YQENT,Male,0,0,1,41,Two year,2,111.15,3833,4557.15,0,0.2654,0.065,0.068153556,20%
3211-AAPKX,Male,0,0,0,20,Month-to-month,3,98.55,1665,1971,0,0.2654,0.285,0.60109928,52%
8445-DNBAE,Male,0,0,1,1,Month-to-month,2,50.05,4224,50.05,0,0.2654,0.36,0.495306372,59%
2951-QOQTK,Male,0,0,1,4,Month-to-month,1,80.8,2881,323.2,1,0.2654,0.84,0.475770447,72%
2958-NHPPS,Male,0,0,0,23,Month-to-month,2,20.85,3999,479.55,0,0.2654,0.005,0.091327357,4%
6806-YDEUL,Female,1,0,0,6,Month-to-month,0,19.5,117,117,0,0.2654,0.195,0.166018444,22%
1735-XMJVH,Male,0,1,1,8,Month-to-month,3,19.35,939,154.8,0,0.2654,0.105,0.173431032,28%
6890-PFRQX,Male,0,0,0,18,Month-to-month,3,69.5,368,1251,0,0.2654,0.18,0.223086618,5%
0222-CNVPT,Male,1,0,0,52,Month-to-month,1,48.8,2213,2537.6,0,0.2654,0.29,0.178920129,22%
5899-OUVKV,Male,0,0,0,31,Month-to-month,2,94.5,2573,2929.5,0,0.2654,0.145,0.500310504,39%
8681-ICONS,Male,0,1,1,29,Month-to-month,3,20.65,5231,598.85,0,0.2654,0.15,0.091245354,7%
1621-YNCJH,Female,0,1,0,36,Two year,1,106.05,3281,3817.8,0,0.2654,0.07,0.094368209,11%
3473-XIIIT,Female,0,1,0,16,Month-to-month,2,100,964,1600,1,0.2654,0.85,0.672101341,80%
6362-QHAFM,Male,0,1,0,42,One year,2,108.3,3896,4548.6,0,0.2654,0.145,0.329992702,35%
7893-IXHRQ,Male,0,0,0,1,Month-to-month,2,20.55,1617,20.55,1,0.2654,0.695,0.198483729,35%
3070-BDOQC,Female,0,0,0,60,Two year,2,99.65,4873,5979,0,0.2654,0.08,0.101915514,10%
2952-QAYZF,Male,0,0,0,5,Month-to-month,2,85.3,3616,426.5,1,0.2654,0.91,0.641328128,83%
6234-PFPXL,Male,0,1,0,22,Month-to-month,1,95.9,1869,2109.8,0,0.2654,0.135,0.324773444,24%
9824-QCJPK,Male,0,1,0,36,One year,3,20,5293,720,0,0.2654,0,0.027553614,1%
4763-PGDPO,Female,0,0,0,4,Month-to-month,2,70.4,2437,281.6,1,0.2654,0.845,0.559121074,59%
4283-IVYCI,Male,0,0,0,9,Month-to-month,3,64.95,4543,584.55,0,0.2654,0.13,0.232081256,11%
1866-OBPNR,Male,0,1,1,1,Month-to-month,1,74.6,5722,74.6,0,0.2654,0.53,0.511786894,67%
8205-MQUGY,Male,0,1,1,12,Month-to-month,2,49.2,4712,590.4,0,0.2654,0.065,0.241237263,16%
8970-ANWXO,Female,0,0,0,23,One year,3,73.75,1279,1696.25,0,0.2654,0.135,0.205257268,17%
9480-BQJEI,Male,0,0,0,62,One year,0,92.3,4735,5722.6,0,0.2654,0.03,0.109537518,4%
5394-SVGJV,Male,0,0,0,37,Month-to-month,0,98.8,3011,3655.6,1,0.2654,0.755,0.389209441,41%
6979-TNDEU,Female,0,0,0,8,Month-to-month,3,19.2,1008,153.6,0,0.2654,0.03,0.155389869,12%
9777-WJJPR,Male,0,1,0,31,Month-to-month,1,88.65,2334,2748.15,0,0.2654,0.305,0.431372768,22%
9283-LZQOH,Male,0,1,1,13,Month-to-month,1,74.4,6315,967.2,1,0.2654,0.825,0.611424657,63%
7079-QRCBC,Female,0,0,0,24,Month-to-month,2,98.75,2053,2370,1,0.2654,0.785,0.656423884,73%
9495-SKLKD,Male,0,1,1,45,Month-to-month,0,95.95,3783,4317.75,0,0.2654,0.09,0.384088574,19%
6048-UWKAL,Female,1,1,0,69,Two year,1,105.4,5500,7272.6,0,0.2654,0.01,0.074648499,3%
5067-DGXLL,Male,0,0,0,2,Month-to-month,3,20.25,3115,40.5,0,0.2654,0.01,0.20953647,7%
5469-CTCWN,Male,0,1,1,61,One year,2,106,5232,6466,1,0.2654,0.21,0.161706304,15%
9851-QXEEQ,Male,0,0,0,41,Month-to-month,2,104.7,3693,4292.7,1,0.2654,0.945,0.525209493,69%
6281-FKEWS,Female,0,0,0,44,One year,2,49.05,1903,2158.2,0,0.2654,0.08,0.16349919,17%
8898-KASCD,Male,0,0,0,39,One year,3,35.55,567,1386.45,0,0.2654,0.04,0.061686815,2%
9242-TKFSV,Male,0,1,1,72,Two year,1,65.1,4027,4687.2,0,0.2654,0,0.012432025,1%
9290-SHCMB,Female,1,0,0,13,Month-to-month,2,96.85,431,1259.05,0,0.2654,0.315,0.697790557,72%
0743-HNPFG,Female,0,1,1,51,One year,1,69.75,3085,3557.25,0,0.2654,0.04,0.027600343,9%
2277-BKJKN,Female,1,1,0,71,Two year,2,99.2,5629,7043.2,0,0.2654,0.055,0.094446803,3%
9809-IMGCQ,Male,1,0,0,22,Month-to-month,2,96.7,1711,2127.4,1,0.2654,0.67,0.710647608,66%
5208-HFSBT,Female,0,0,0,2,Month-to-month,1,55.05,38,110.1,1,0.2654,0.815,0.287572417,56%
5035-PGZXH,Female,0,0,0,56,One year,2,106.8,4850,5980.8,0,0.2654,0.395,0.29196247,48%
8695-WDYEA,Male,0,0,0,1,Month-to-month,3,51.25,4302,51.25,0,0.2654,0.185,0.307421209,30%
6543-JXSOO,Female,0,1,1,23,One year,3,57.75,516,1328.25,0,0.2654,0.02,0.046654386,4%
8016-ZMGMO,Female,1,1,0,66,One year,0,70.85,4007,4676.1,0,0.2654,0.015,0.059345273,9%
8605-ITULD,Female,0,0,0,1,Month-to-month,3,19.55,1485,19.55,0,0.2654,0.055,0.208802651,19%
3254-YRILK,Male,1,0,0,19,Month-to-month,2,88.2,1297,1675.8,1,0.2654,0.87,0.590711701,76%
6416-YJTTB,Male,0,0,0,11,Month-to-month,0,79.5,5995,874.5,0,0.2654,0.14,0.464064308,25%
2667-WYLWJ,Female,0,1,1,8,One year,3,19.75,833,158,1,0.2654,0.68,0.092159344,11%
4472-VESGY,Female,0,1,1,52,Month-to-month,0,98.15,4221,5103.8,0,0.2654,0.115,0.19340133,16%
3195-TQDZX,Male,0,0,0,3,Month-to-month,2,20.25,4984,60.75,0,0.2654,0.055,0.267923181,15%
3128-YOVTD,Female,0,1,1,51,Month-to-month,0,79.15,3438,4036.65,0,0.2654,0.1,0.138031415,20%
0529-ONKER,Male,1,0,0,15,Month-to-month,2,75.65,279,1134.75,1,0.2654,0.575,0.539254032,52%
1728-CXQBE,Male,1,1,0,64,Month-to-month,2,94.25,4971,6032,0,0.2654,0.185,0.360512312,13%
7041-TXQJH,Female,0,0,0,37,Month-to-month,1,40.2,877,1487.4,0,0.2654,0.075,0.290482077,19%
5014-GSOUQ,Male,0,0,0,13,Two year,3,19.95,2078,259.35,0,0.2654,0.005,0.030696789,0%
5724-BIDBU,Male,0,1,0,49,One year,2,55.35,2282,2712.15,0,0.2654,0.05,0.048854769,5%
0481-SUMCB,Female,1,0,0,45,One year,0,102.15,4005,4596.75,0,0.2654,0.1,0.395396434,26%
1769-GRUIK,Female,0,0,0,18,Month-to-month,2,71.1,451,1279.8,0,0.2654,0.065,0.50033277,40%
5240-IJOQT,Male,1,0,0,1,Month-to-month,2,74.7,5723,74.7,1,0.2654,0.985,0.767281716,89%
8819-WFGGJ,Male,0,1,0,68,Two year,0,54.1,3252,3678.8,0,0.2654,0.035,0.022221194,2%
7427-AUFPY,Male,0,0,0,54,Two year,1,19.65,18,1061.1,0,0.2654,0.115,0.003752574,4%
2811-POVEX,Female,1,1,1,23,Month-to-month,0,88.45,1753,2034.35,0,0.2654,0.12,0.474330537,23%
1092-GANHU,Male,0,0,0,17,Month-to-month,2,76.65,576,1303.05,1,0.2654,0.36,0.498403725,36%
7898-PDWQE,Male,0,1,0,71,Two year,1,80.4,4725,5708.4,0,0.2654,0,0.008870512,1%
9972-EWRJS,Female,0,1,1,67,Two year,0,19.25,671,1289.75,0,0.2654,0,0.00246895,1%
9314-IJWSQ,Female,0,1,1,14,Month-to-month,2,84.8,373,1187.2,0,0.2654,0.675,0.604641263,66%
0661-XEYAN,Female,1,0,0,1,Month-to-month,3,25.8,2158,25.8,1,0.2654,0.87,0.669687463,78%
5799-JRCZO,Female,0,0,1,63,Two year,1,19.5,391,1228.5,0,0.2654,0.005,0.002181579,0%
1921-KYSAY,Female,0,0,0,41,One year,2,68.6,2482,2812.6,0,0.2654,0.055,0.099624772,19%
6198-RTPMF,Female,0,1,0,17,Month-to-month,2,92.6,1028,1574.2,0,0.2654,0.15,0.618185088,24%
2924-KHUVI,Male,0,1,0,56,One year,2,100.55,4580,5630.8,0,0.2654,0.065,0.221314538,39%
1925-GMVBW,Female,0,0,0,5,Month-to-month,1,20.55,6466,102.75,0,0.2654,0.05,0.206520564,9%
7881-EVUAD,Female,0,0,0,2,Month-to-month,2,42.6,5623,85.2,1,0.2654,0.83,0.542844364,68%
6184-DYUOB,Female,0,1,0,3,Month-to-month,3,19.6,4561,58.8,0,0.2654,0.115,0.285452351,16%
9207-ZPANB,Male,0,0,0,37,One year,2,67.45,2095,2495.65,0,0.2654,0.015,0.031356055,4%
5766-XQXMQ,Female,0,0,0,29,Month-to-month,0,68.85,1574,1996.65,1,0.2654,0.655,0.154356023,14%
9327-QSDED,Male,0,0,0,8,Month-to-month,3,43.55,2906,348.4,0,0.2654,0.065,0.317745285,15%
1656-DRSMG,Female,0,0,0,63,Month-to-month,1,109.85,5522,6920.55,0,0.2654,0.085,0.340097496,10%
3012-VFFMN,Female,0,1,1,7,Month-to-month,3,20.65,1031,144.55,0,0.2654,0.01,0.146990612,9%
2984-AFWNC,Female,0,0,0,3,Month-to-month,2,95.4,2530,286.2,0,0.2654,0.22,0.63119023,45%
0640-YJTPY,Male,0,1,1,72,Two year,0,21,890,1512,0,0.2654,0,0.001463458,0%
8096-LOIST,Female,0,0,0,19,Month-to-month,2,56.2,186,1067.8,0,0.2654,0.11,0.347536698,27%
9764-REAFF,Female,0,1,0,59,Two year,0,18.4,110,1085.6,0,0.2654,0.045,0.002930128,2%
3703-VAVCL,Male,0,1,1,2,Month-to-month,1,90,1494,180,1,0.2654,0.89,0.474049991,77%
7107-UBYKY,Female,0,1,1,35,Month-to-month,2,25.75,6286,901.25,0,0.2654,0.02,0.097716191,5%
4881-GQJTW,Male,0,0,0,14,Month-to-month,1,19.6,2595,274.4,0,0.2654,0.03,0.116391453,9%
8519-QJGJD,Female,0,0,0,14,Month-to-month,2,75.35,56,1054.9,1,0.2654,0.265,0.438623798,15%
7876-DNYAP,Female,0,1,1,69,Two year,1,19.8,805,1366.2,0,0.2654,0,0.001753523,0%
7905-NJMXS,Male,1,1,0,7,Month-to-month,2,64.2,4020,449.4,0,0.2654,0.245,0.2247919,12%
2882-WDTBA,Male,0,1,1,69,Two year,0,75.75,4482,5226.75,0,0.2654,0.02,0.006583612,2%
2091-GPPIQ,Female,0,1,1,72,Two year,2,78.95,4732,5684.4,0,0.2654,0.005,0.019803387,1%
6326-MTTXK,Male,0,0,0,8,Month-to-month,2,100.85,6095,806.8,1,0.2654,0.91,0.691667813,76%
5071-FBJFS,Female,0,1,1,4,Month-to-month,2,50.3,1785,201.2,0,0.2654,0.47,0.226659495,43%
2796-UUZZO,Male,0,1,1,63,Month-to-month,1,80.3,4135,5058.9,0,0.2654,0.065,0.15312156,7%
2429-AYKKO,Male,0,0,0,72,Two year,0,19.85,803,1429.2,0,0.2654,0,0.001614119,0%
9798-OPFEM,Female,0,0,0,46,Two year,2,21.1,6411,970.6,0,0.2654,0.025,0.011842817,2%
0330-IVZHA,Female,0,1,0,5,Month-to-month,2,69.95,2865,349.75,1,0.2654,0.325,0.560803317,52%
3794-NFNCH,Male,0,1,0,30,Month-to-month,3,50,874,1500,0,0.2654,0.085,0.202577945,6%
5193-QLVZB,Male,0,0,0,63,Two year,0,104.75,5227,6599.25,0,0.2654,0.17,0.115158491,11%
7114-AEOZE,Female,0,0,0,60,Two year,0,19.85,244,1191,0,0.2654,0,0.002879492,1%
2886-KEFUM,Female,0,1,0,63,One year,2,107.5,5422,6772.5,1,0.2654,0.74,0.273204205,28%
5522-NYKPB,Male,0,1,1,25,Month-to-month,2,85.9,1821,2147.5,0,0.2654,0.15,0.30883545,23%
4237-RLAQD,Male,0,0,0,1,Month-to-month,3,45.85,3825,45.85,1,0.2654,0.725,0.486324753,63%
9957-YODKZ,Male,1,1,0,6,Month-to-month,2,80.8,3889,484.8,0,0.2654,0.78,0.723411497,79%
6518-KZXCB,Male,0,0,0,22,Two year,3,25.25,4681,555.5,0,0.2654,0.01,0.030765678,1%
2245-ADZFJ,Female,0,1,1,31,Two year,0,80.55,2123,2497.05,0,0.2654,0.055,0.044010829,2%
7776-QGYJC,Female,0,1,1,39,Month-to-month,0,81.5,2703,3178.5,0,0.2654,0.345,0.241572658,34%
9313-QOLTZ,Male,0,0,0,26,Month-to-month,3,20.9,4343,543.4,0,0.2654,0.015,0.085386112,3%
9651-GTSAQ,Female,0,1,0,53,One year,0,106.1,4762,5623.3,1,0.2654,0.765,0.163824245,56%
3186-BAXNB,Female,0,0,0,1,Month-to-month,2,91.7,6347,91.7,1,0.2654,0.865,0.541735209,77%
4672-FOTSD,Male,0,0,0,12,Month-to-month,2,67.25,6147,807,0,0.2654,0.3,0.248594358,22%
0637-YLETY,Female,0,0,0,16,Month-to-month,1,95.6,996,1529.6,1,0.2654,0.37,0.60769535,38%
9818-XQCUV,Female,0,0,0,2,Month-to-month,3,20.35,3816,40.7,0,0.2654,0.03625,0.223428412,6%
7338-ERIVA,Male,0,0,1,39,One year,0,45.05,1330,1756.95,0,0.2654,0.02,0.039397057,2%
1157-BQCUW,Male,0,0,0,1,Month-to-month,2,74.95,5725,74.95,1,0.2654,0.85,0.73770358,88%
8259-NFJTV,Female,0,1,1,7,Month-to-month,3,34.65,2110,242.55,0,0.2654,0.56,0.259821149,19%
3223-DWFIO,Male,1,0,0,4,Month-to-month,2,69.35,2260,277.4,0,0.2654,0.215,0.580301278,47%
2660-EMUBI,Male,1,0,0,10,Month-to-month,2,95.35,6318,953.5,1,0.2654,0.94,0.806512376,86%
6968-GMKPR,Female,0,0,0,55,Month-to-month,2,81.55,3835,4485.25,0,0.2654,0.52,0.23449699,46%
4751-ERMAN,Male,0,1,1,72,Two year,0,75.4,4548,5428.8,0,0.2654,0.095,0.017686298,1%
1436-ZMJAN,Female,0,1,0,10,Month-to-month,1,67.8,5223,678,0,0.2654,0.13,0.504373013,24%
3292-PBZEJ,Male,1,0,0,11,Month-to-month,2,111.4,341,1225.4,0,0.2654,0.31,0.639056308,67%
0799-DDIHE,Female,0,1,1,15,Month-to-month,2,46.3,5151,694.5,0,0.2654,0.13,0.264985003,24%
3070-FNFZQ,Female,0,1,1,23,Two year,0,20.4,4042,469.2,0,0.2654,0,0.016986822,1%
2812-SFXMJ,Male,0,0,1,1,Month-to-month,3,20.05,1607,20.05,0,0.2654,0.23,0.176653071,42%
7675-OZCZG,Female,1,0,0,3,Month-to-month,2,45,496,135,1,0.2654,0.795,0.381695481,63%
5014-WUQMG,Male,0,1,1,47,One year,2,96.1,3730,4516.7,0,0.2654,0.03,0.126444812,12%
5312-TSZVC,Female,0,0,1,15,One year,3,19.65,2349,294.75,0,0.2654,0.015,0.052189954,2%
2003-CKLOR,Male,0,0,0,66,Month-to-month,2,99.5,5324,6567,1,0.2654,0.705,0.242040404,51%
0993-OSGPT,Female,1,1,0,68,One year,0,60.65,3400,4124.2,0,0.2654,0.015,0.021418863,2%
9254-RBFON,Female,0,1,1,17,One year,0,98.6,1203,1676.2,1,0.2654,0.745,0.23597147,30%
1205-WNWPJ,Female,0,0,0,7,Month-to-month,3,59.5,3549,416.5,1,0.2654,0.205,0.383213915,15%
9391-EOYLI,Male,1,1,0,12,Month-to-month,2,80.45,6448,965.4,1,0.2654,0.84,0.720219314,70%
7108-DGVUU,Female,1,1,0,21,One year,0,71.7,895,1505.7,0,0.2654,0.115,0.174252767,8%
2782-JEEBU,Male,0,0,0,21,Month-to-month,3,36,5916,756,0,0.2654,0.11,0.325203958,13%
5127-BZENZ,Female,0,1,1,56,One year,0,65.2,3046,3651.2,0,0.2654,0.07,0.030494927,5%
2720-FVBQP,Female,0,1,1,6,Month-to-month,1,48.95,2375,293.7,0,0.2654,0.215,0.424245677,56%
9906-NHHVC,Female,1,0,0,65,Two year,0,53.5,3050,3477.5,0,0.2654,0.015,0.03718222,2%
4522-XRWWI,Male,0,1,0,42,One year,1,80.45,2930,3378.9,0,0.2654,0.095,0.062732304,9%
3766-EJLFL,Female,0,1,1,68,Two year,0,109.05,5780,7415.4,0,0.2654,0.29,0.056188097,17%
5939-SXWHM,Male,0,1,1,48,Two year,0,26.3,448,1262.4,0,0.2654,0.005,0.006064404,1%
8152-UOBNY,Female,1,0,0,50,One year,2,106.8,4463,5340,0,0.2654,0.09,0.286437189,24%
7351-KYHQH,Female,1,0,0,7,Month-to-month,2,64.95,4181,454.65,0,0.2654,0.07,0.454927639,11%
7643-RCHXS,Female,0,1,1,63,Two year,2,19.35,481,1219.05,0,0.2654,0,0.00235629,1%
8246-SHFGA,Male,0,0,0,17,Month-to-month,1,21.1,3296,358.7,0,0.2654,0.04,0.109733054,8%
8387-MOJJT,Female,0,1,1,42,Month-to-month,1,77.95,2936,3273.9,1,0.2654,0.75,0.324525577,43%
0620-XEFWH,Male,0,1,1,4,Month-to-month,3,18.85,6171,75.4,0,0.2654,0.055,0.189733267,3%
6485-QXWWE,Female,0,0,1,62,Two year,0,26,1110,1612,0,0.2654,0.01,0.003342492,0%
2761-OCIAX,Male,1,0,0,2,Month-to-month,2,74.7,1128,149.4,1,0.2654,0.4,0.616603443,63%
7321-VGNKU,Female,0,1,0,2,Month-to-month,2,70.35,369,140.7,0,0.2654,0.155,0.636168924,53%
5327-CNLUQ,Male,0,1,0,48,Two year,0,96.9,3796,4651.2,0,0.2654,0.035,0.069636342,7%
7552-KEYGT,Male,0,1,0,27,Two year,0,19.55,4358,527.85,0,0.2654,0,0.015984975,0%
5816-JMLGY,Female,0,1,1,70,Two year,0,80.4,4718,5628,0,0.2654,0.005,0.015146152,1%
3068-OMWZA,Male,1,0,0,1,Month-to-month,2,88.8,6283,88.8,1,0.2654,0.925,0.790167612,91%
2927-QRRQV,Male,0,1,0,46,One year,2,94.65,3672,4353.9,0,0.2654,0.055,0.237007144,18%
6032-KRXXO,Male,0,0,0,30,Month-to-month,2,90.25,2395,2707.5,1,0.2654,0.805,0.550789045,45%
7459-RRWQZ,Female,0,0,0,15,Month-to-month,0,64.65,6519,969.75,1,0.2654,0.72,0.384411278,51%
6265-SXWBU,Male,0,1,1,69,One year,1,95.75,5215,6606.75,0,0.2654,0.05,0.094875865,15%
7941-RCJOW,Male,0,0,0,65,Two year,1,19.55,402,1270.75,0,0.2654,0,0.003147709,0%
6374-NTQLP,Male,1,1,1,72,Two year,1,104.1,5747,7495.2,0,0.2654,0.04,0.043027759,1%
4154-AQUGT,Male,1,1,0,13,Month-to-month,0,89.05,314,1157.65,1,0.2654,0.82,0.487590293,69%
2387-KDZQY,Male,0,0,0,17,One year,3,20.1,2417,341.7,0,0.2654,0.005,0.074553991,3%
3584-WKTTW,Male,0,1,0,51,One year,2,111.55,4723,5689.05,0,0.2654,0.09,0.204607235,22%
3399-BMLVW,Male,0,1,1,51,Two year,1,60.5,2713,3085.5,0,0.2654,0.035,0.006032142,2%
1971-DTCZB,Female,0,1,0,72,Two year,0,90.95,5194,6548.4,0,0.2654,0.005,0.017250448,0%
3092-IGHWF,Male,0,1,1,67,One year,2,87.4,4854,5855.8,1,0.2654,0.665,0.080841311,32%
3374-PZLXD,Male,0,0,0,34,Month-to-month,3,19.7,5347,669.8,0,0.2654,0.02,0.06112919,3%
3813-DHBBB,Male,0,1,0,67,Two year,0,50.95,3053,3413.65,0,0.2654,0,0.011548116,1%
2812-REYAT,Female,0,1,0,49,One year,0,20.05,6376,982.45,0,0.2654,0.01,0.020018817,3%
6518-PPLMZ,Male,0,1,1,53,Two year,3,19.4,213,1028.2,0,0.2654,0.03,0.005157247,5%
4939-KYYPY,Male,0,0,0,27,Month-to-month,2,59.45,1073,1605.15,0,0.2654,0.035,0.154681349,8%
8017-LXHFA,Female,1,0,0,23,Month-to-month,2,94.75,1936,2179.25,1,0.2654,0.475,0.602126388,44%
5930-GBIWP,Male,0,0,0,69,Two year,1,81.5,4607,5623.5,0,0.2654,0,0.013116937,1%
6022-KOUQO,Female,0,1,1,2,Month-to-month,0,29.05,3747,58.1,0,0.2654,0.57,0.391079807,45%
6352-TWCAU,Female,0,0,0,35,Month-to-month,2,86.45,2633,3025.75,1,0.2654,0.885,0.521975076,69%
2361-UPSND,Female,0,1,0,46,One year,3,70.6,2810,3247.6,0,0.2654,0.015,0.031552845,12%
6035-RIIOM,Female,0,0,0,54,Two year,0,97.2,4319,5248.8,0,0.2654,0.21,0.12737971,18%
2929-QNSRW,Female,0,1,0,56,One year,2,98.25,4573,5502,1,0.2654,0.73,0.263540848,40%
1262-OPMFY,Female,0,1,0,9,Month-to-month,0,75.75,5238,681.75,1,0.2654,0.88,0.609425999,67%
9504-DSHWM,Male,0,0,0,20,Month-to-month,0,59.2,356,1184,0,0.2654,0.075,0.118782344,8%
5035-BVCXS,Male,0,0,0,11,Month-to-month,3,75.9,6257,834.9,0,0.2654,0.23,0.584476994,36%
6267-DCFFZ,Female,1,1,0,30,Month-to-month,2,90.05,2275,2701.5,0,0.2654,0.22,0.553727713,61%
3533-UVMOM,Male,0,1,0,68,Two year,0,70.95,4011,4824.6,0,0.2654,0.03,0.008613145,3%
2439-LYPMQ,Male,1,1,0,38,Month-to-month,2,102.6,3421,3898.8,0,0.2654,0.31,0.573015622,56%
4248-QPAVC,Female,1,1,0,17,Month-to-month,0,85.35,857,1450.95,1,0.2654,0.71,0.488399031,43%
1899-VXWXM,Male,0,0,0,48,One year,1,106.1,4294,5092.8,1,0.2654,0.145,0.304380222,35%
1478-VPOAD,Female,0,0,0,1,Month-to-month,2,43.8,3659,43.8,0,0.2654,0.145,0.392518548,46%
9995-HOTOH,Male,0,1,1,63,Two year,2,59,3196,3717,0,0.2654,0.14,0.015872116,1%
2988-PLAHS,Female,0,0,0,3,One year,2,69.95,1825,209.85,0,0.2654,0.14,0.351205965,15%
1371-OJCEK,Female,0,0,0,48,One year,0,24.35,262,1168.8,0,0.2654,0,0.014688393,3%
4999-IEZLT,Male,0,0,0,66,One year,1,29.45,1591,1943.7,0,0.2654,0.025,0.017748736,1%
8883-ANODQ,Female,0,1,1,68,Two year,1,84.4,4746,5739.2,0,0.2654,0.035,0.045764777,4%
4690-LLKUA,Male,1,0,0,17,Month-to-month,2,45.05,5871,765.85,1,0.2654,0.795,0.376236154,36%
2351-RRBUE,Female,0,1,1,7,One year,3,20.65,616,144.55,0,0.2654,0.02,0.072126395,3%
5980-BDHPY,Male,0,1,0,72,Two year,0,87.1,5058,6271.2,0,0.2654,0,0.014080992,0%
1498-DQNRX,Female,0,1,0,29,Month-to-month,3,19.85,4728,575.65,0,0.2654,0.04,0.079628184,2%
9469-WEJBT,Male,0,1,0,37,Month-to-month,2,90.35,2962,3342.95,0,0.2654,0.41,0.376621737,23%
3331-HQDTW,Female,0,0,0,34,Month-to-month,3,109.8,3106,3733.2,1,0.2654,0.79,0.48123713,37%
9490-DFPMD,Female,1,0,0,42,Month-to-month,2,84.65,3068,3555.3,1,0.2654,0.76,0.500509143,60%
2581-VKIRT,Female,0,1,1,59,One year,3,65.5,3260,3864.5,0,0.2654,0,0.015930072,1%
5442-XSDCW,Male,0,1,1,11,Month-to-month,0,79.5,6264,874.5,1,0.2654,0.84,0.59542739,54%
7426-WEIJX,Male,1,1,1,60,Month-to-month,2,80.95,4097,4857,0,0.2654,0.085,0.205905532,9%
2851-MMUTZ,Female,0,0,0,27,Month-to-month,3,56.15,807,1516.05,0,0.2654,0.08,0.154863119,7%
3049-NDXFL,Female,0,0,0,1,Month-to-month,3,85.8,6214,85.8,1,0.2654,0.86,0.755302251,95%
8580-AECUZ,Male,1,0,0,1,Month-to-month,2,79.1,5962,79.1,1,0.2654,0.98,0.748933872,91%
3307-TLCUD,Male,0,1,0,17,Month-to-month,3,34.4,4857,584.8,0,0.2654,0.18,0.290914625,19%
6625-FLENO,Male,0,1,0,58,Two year,3,20.75,346,1203.5,0,0.2654,0,0.003733777,1%
2967-MXRAV,Male,0,1,1,1,One year,3,18.8,1342,18.8,0,0.2654,0.045,0.089042482,7%
7963-GQRMY,Female,0,1,1,3,Month-to-month,3,44.3,618,132.9,1,0.2654,0.695,0.319064806,40%
8189-HBVRW,Female,0,0,0,53,Month-to-month,2,90.8,4176,4812.4,0,0.2654,0.185,0.178003676,8%
4163-KIUHY,Male,0,0,0,35,Month-to-month,2,25.6,6330,896,0,0.2654,0.03,0.106995094,10%
1228-FZFRV,Male,0,1,1,50,Month-to-month,1,105.95,4462,5297.5,1,0.2654,0.78,0.301254495,54%
3500-NSDOA,Male,0,1,1,68,Two year,1,70.8,4099,4814.4,0,0.2654,0.01,0.011235123,3%
1171-TYKUR,Male,0,1,0,47,Month-to-month,2,25.4,268,1193.8,0,0.2654,0.09,0.036705019,15%
3761-FLYZI,Female,1,1,0,65,Month-to-month,0,108.8,5558,7072,0,0.2654,0.155,0.468177569,13%
2058-DCJBE,Male,0,0,0,5,Month-to-month,2,69.75,2820,348.75,1,0.2654,0.8,0.619283433,51%
5364-XYIRR,Male,0,1,0,51,Month-to-month,2,94.65,4067,4827.15,1,0.2654,0.85,0.499821802,56%
4829-AUOAX,Female,0,0,0,46,Month-to-month,0,96.05,3733,4418.3,1,0.2654,0.71,0.44182079,58%
1219-NNDDO,Female,0,0,0,9,Month-to-month,2,76.85,5281,691.65,0,0.2654,0.62,0.697950411,73%
8388-DMKAE,Female,0,0,0,8,Two year,3,20.25,1252,162,0,0.2654,0.005,0.038920712,1%
4403-BWPAY,Male,0,0,0,14,One year,1,24.8,2792,347.2,0,0.2654,0.025,0.10105546,5%
9659-QEQSY,Female,0,0,0,45,Month-to-month,2,115.65,4315,5204.25,0,0.2654,0.175,0.35100657,27%
5405-ZMYXQ,Female,0,0,0,8,Month-to-month,1,74.6,4547,596.8,0,0.2654,0.41,0.675174705,59%
5047-LHVLY,Male,1,0,1,1,Month-to-month,3,50.15,4226,50.15,1,0.2654,0.695,0.474327365,76%
1442-OKRJE,Male,0,1,1,66,One year,0,103.15,5535,6807.9,0,0.2654,0.155,0.094219501,18%
4737-AQCPU,Male,0,1,1,72,Two year,1,72.1,4248,5191.2,0,0.2654,0,0.00477498,1%
9158-VCTQB,Female,0,1,0,41,Month-to-month,0,113.6,3902,4657.6,1,0.2654,0.81,0.337766446,63%
2808-CHTDM,Female,0,1,1,23,Two year,3,25.1,4990,577.3,0,0.2654,0,0.026905573,1%
6311-UEUME,Female,0,0,0,29,Month-to-month,2,78.9,2021,2288.1,1,0.2654,0.845,0.467376939,57%
0793-TWELN,Female,0,0,0,4,Month-to-month,2,80.15,2774,320.6,0,0.2654,0.04,0.593077379,38%
3283-WCWXT,Male,0,1,1,6,Two year,3,25.4,956,152.4,0,0.2654,0,0.045214507,1%
1060-ENTOF,Female,1,1,0,67,One year,1,105.4,5537,7061.8,0,0.2654,0.035,0.116157523,8%
0999-QXNSA,Male,1,0,1,7,Month-to-month,3,45.75,2979,320.25,0,0.2654,0.075,0.411852632,23%
5451-MHQOF,Male,0,1,1,56,One year,3,24.45,800,1369.2,0,0.2654,0.03,0.013821748,4%
4836-WNFNO,Female,0,1,0,72,Two year,1,25,1410,1800,0,0.2654,0,0.002680871,0%
9225-BZLNZ,Male,0,1,0,72,Two year,2,85.25,4972,6138,0,0.2654,0.03,0.022838466,1%
0354-VXMJC,Male,0,1,1,23,Two year,1,19.6,3629,450.8,0,0.2654,0,0.016329475,1%
4422-QVIJA,Female,0,0,1,35,Month-to-month,3,50.15,1142,1755.25,0,0.2654,0.05,0.149230573,6%
9365-SRSZE,Male,1,1,0,27,Month-to-month,2,70.55,1548,1904.85,0,0.2654,0.19,0.47046477,40%
6839-ITVZJ,Female,0,1,1,26,Month-to-month,2,60.05,1081,1561.3,1,0.2654,0.695,0.170619117,23%
8332-OSJDW,Male,0,1,1,12,One year,3,26.4,2731,316.8,0,0.2654,0,0.080567658,3%
4735-BJKOU,Female,0,0,0,40,Two year,3,20.15,6037,806,0,0.2654,0,0.011308633,0%
0274-JKUJR,Male,0,1,1,7,Month-to-month,3,58.85,3936,411.95,0,0.2654,0.095,0.398769098,14%
5740-YHGTW,Male,0,1,1,70,Month-to-month,1,97.55,5297,6828.5,0,0.2654,0.08,0.177158069,14%
8917-SZTTJ,Male,0,1,1,60,Two year,1,19.65,304,1179,0,0.2654,0,0.002478481,1%
1696-MZVAU,Male,0,1,1,39,One year,1,25.25,6436,984.75,0,0.2654,0.065,0.113552177,6%
7359-WWYJV,Male,0,1,0,72,Two year,1,114.45,6165,8240.4,0,0.2654,0,0.041593863,2%
0375-HVGXO,Female,0,0,0,1,Month-to-month,2,34.7,2942,34.7,1,0.2654,0.875,0.661774534,81%
4906-ZHGPK,Male,0,1,1,54,One year,2,70.7,3236,3817.8,0,0.2654,0.025,0.046811603,6%
8593-WHYHV,Male,0,0,0,3,Month-to-month,2,85.3,2287,255.9,1,0.2654,0.88,0.748862363,84%
3795-GWTRD,Female,0,1,1,63,Two year,1,75.55,3986,4759.65,0,0.2654,0.015,0.006168621,1%
1298-PHBTI,Male,0,1,1,71,Two year,2,84.8,5021,6020.8,0,0.2654,0.02,0.031578462,3%
6223-DHJGV,Female,0,0,0,42,One year,3,20.65,6460,867.3,0,0.2654,0.06,0.031468226,2%
6961-MJKBO,Male,0,0,0,47,Two year,0,20.45,6428,961.15,0,0.2654,0,0.006983333,3%
6097-EQISJ,Female,0,1,1,66,One year,1,102.45,5277,6761.7,1,0.2654,0.68,0.184890841,33%
4423-YLHDV,Female,0,1,0,21,Month-to-month,0,104.4,1831,2192.4,1,0.2654,0.665,0.557572548,53%
8158-WPEZG,Male,0,0,0,11,Month-to-month,2,35.65,3622,392.15,0,0.2654,0.17,0.384464348,30%
0107-YHINA,Male,0,0,1,1,Month-to-month,2,99.75,6511,99.75,1,0.2654,0.93,0.785222629,92%
4918-FYJNT,Female,1,1,0,55,Month-to-month,2,90.45,4275,4974.75,0,0.2654,0.055,0.214466585,8%
0727-BNRLG,Male,0,0,0,69,Two year,1,97.65,5343,6737.85,0,0.2654,0.025,0.04963524,4%
4854-CIDCF,Female,1,0,0,3,Month-to-month,2,73.85,1565,221.55,0,0.2654,0.24,0.580035821,50%
8640-SDGKB,Male,0,0,0,4,Month-to-month,2,74.4,2587,297.6,1,0.2654,0.84,0.437382962,64%
3280-MRDOF,Male,1,0,0,30,Two year,1,69.1,1723,2073,0,0.2654,0.015,0.065202188,1%
6435-SRWBJ,Female,0,0,0,5,Month-to-month,2,82.75,3566,413.75,0,0.2654,0.265,0.598059657,72%
9964-WBQDJ,Female,0,1,0,71,Two year,1,24.4,1231,1732.4,0,0.2654,0,0.00375365,0%
6303-KFWSL,Female,0,0,0,29,One year,2,55.25,1088,1602.25,0,0.2654,0.015,0.120794606,6%
1702-CCFNJ,Male,0,1,0,52,Month-to-month,0,61.35,2752,3190.2,0,0.2654,0.045,0.062960893,6%
8932-CZHRQ,Male,0,0,0,68,One year,1,76.75,4387,5219,0,0.2654,0.05,0.027669492,13%
0386-CWRGM,Female,0,1,1,46,Two year,3,19.4,6478,892.4,0,0.2654,0,0.007363838,0%
5515-RUGKN,Male,0,0,0,8,Month-to-month,1,54.75,3719,438,0,0.2654,0.065,0.458478486,19%
0404-AHASP,Male,0,1,0,72,Two year,1,19.7,773,1418.4,0,0.2654,0,0.001732612,0%
7279-NMVJC,Female,0,0,0,17,One year,0,19.9,2807,338.3,0,0.2654,0.06,0.050799237,5%
2081-VEYEH,Male,0,0,0,3,Month-to-month,2,107.95,2762,323.85,0,0.2654,0.3,0.62067727,38%
6407-UTSLV,Female,1,0,0,2,Month-to-month,0,83.8,1104,167.6,0,0.2654,0.735,0.638421949,85%
4116-TZAQJ,Female,0,0,0,9,Month-to-month,1,74.25,5152,668.25,1,0.2654,0.265,0.49823106,40%
9060-HJJRW,Female,0,0,0,51,One year,1,56.4,2528,2876.4,0,0.2654,0.065,0.121354621,26%
2587-YNLES,Female,0,1,1,6,Two year,3,20.1,3,120.6,0,0.2654,0.005,0.034665,1%
7398-SKNQZ,Female,0,1,0,3,Month-to-month,2,94.9,2374,284.7,0,0.2654,0.27,0.732347118,65%
5935-FCCNB,Female,1,0,0,17,Month-to-month,2,94.2,1065,1601.4,0,0.2654,0.245,0.728088295,56%
1958-RNRKS,Male,0,1,0,30,Month-to-month,2,49.9,818,1497,0,0.2654,0.1,0.190042822,10%
5136-RGMZO,Male,0,0,0,31,Month-to-month,2,71.05,1780,2202.55,0,0.2654,0.085,0.204077843,24%
8345-MVDYC,Female,0,0,0,45,Two year,0,81.65,3127,3674.25,0,0.2654,0.02,0.020677254,1%
8226-BXGES,Male,0,1,0,64,One year,0,89.45,4700,5724.8,0,0.2654,0.155,0.059293618,2%
3877-JRJIP,Male,0,0,0,1,Month-to-month,2,59.85,4846,59.85,1,0.2654,0.495,0.586559519,72%
8375-DKEBR,Female,1,0,0,1,Month-to-month,2,69.6,5448,69.6,1,0.2654,1,0.723295606,92%
9705-IOVQQ,Male,1,1,1,61,One year,2,99,4889,6039,0,0.2654,0.225,0.181506213,9%
1015-OWJKI,Male,0,0,0,1,Month-to-month,3,19.05,1476,19.05,0,0.2654,0.02,0.199575436,20%
7511-YMXVQ,Male,0,0,0,9,Month-to-month,2,45.4,3575,408.6,1,0.2654,0.85,0.652554975,71%
2040-XBAVJ,Male,0,1,1,72,Two year,0,114.45,6067,8240.4,0,0.2654,0,0.033272407,1%
7551-JOHTI,Female,0,0,0,1,Month-to-month,3,19.5,1484,19.5,1,0.2654,0.715,0.208607813,23%
8887-IPQNC,Female,0,1,0,7,Month-to-month,3,44.25,2721,309.75,0,0.2654,0.23,0.421945783,20%
8646-JCOMS,Female,0,1,0,66,One year,0,90.55,5006,5976.3,0,0.2654,0,0.091673472,4%
9804-ICWBG,Male,0,0,0,1,Month-to-month,2,69.9,5454,69.9,1,0.2654,0.654363095,0.680961477,81%
1222-KJNZD,Male,0,1,1,40,Month-to-month,0,20.4,5748,816,0,0.2654,0.025,0.050316128,7%
0106-GHRQR,Male,0,0,0,16,Month-to-month,0,71.4,387,1142.4,0,0.2654,0.355,0.363927085,20%
5318-IXUZF,Female,0,0,0,2,Month-to-month,0,87.15,1382,174.3,1,0.2654,0.905,0.621071076,88%
3768-VHXQO,Male,0,1,0,67,Two year,1,24.85,1036,1664.95,0,0.2654,0,0.003140637,0%
8952-WCVCD,Female,0,1,0,41,One year,0,104.45,3559,4282.45,0,0.2654,0.23,0.192213469,23%
2418-TPEUN,Female,0,1,1,56,Two year,1,19.8,228,1108.8,0,0.2654,0,0.004327802,3%
3963-RYFNS,Female,0,0,0,72,Two year,0,116.45,6029,8384.4,0,0.2654,0.005,0.058834514,1%
3198-VELRD,Female,0,1,1,3,Month-to-month,0,84.75,2288,254.25,1,0.2654,0.86,0.707014392,91%
8540-ZQGEA,Female,0,1,0,54,Two year,1,20.05,200,1082.7,0,0.2654,0.01,0.004141629,2%
1320-REHCS,Male,1,0,0,52,Month-to-month,2,110.75,4807,5759,0,0.2654,0.16,0.443352706,37%
4137-JOPHL,Female,0,0,0,50,Two year,0,89.7,3666,4485,0,0.2654,0.005,0.07533613,3%
9436-ZBZCT,Male,0,0,0,14,Month-to-month,2,89.95,332,1259.3,1,0.2654,0.85,0.545801937,78%
7801-CEDNV,Male,0,1,0,27,One year,1,48.7,772,1314.9,0,0.2654,0.01,0.051253603,3%
2057-BOYKM,Female,1,1,0,72,Two year,0,96.6,5394,6955.2,0,0.2654,0.005,0.032378837,1%
3658-QQJYD,Male,0,0,0,62,One year,1,74.3,3977,4606.6,0,0.2654,0.02,0.038759485,6%
1803-BGNBD,Female,0,0,0,12,Month-to-month,2,54.3,5229,651.6,0,0.2654,0.145,0.268092107,20%
0134-XWXCE,Female,1,0,0,44,One year,0,74.85,2844,3293.4,0,0.2654,0.015,0.072600406,9%
6950-TWMYB,Male,0,1,1,54,Two year,0,79.95,3706,4317.3,0,0.2654,0.035,0.032918879,3%
5848-FHRFC,Female,0,0,0,68,Two year,0,20.05,697,1363.4,0,0.2654,0,0.002041218,0%
2243-FNMMI,Male,0,0,0,20,Month-to-month,3,19.4,3546,388,0,0.2654,0.03,0.102308766,3%
2511-MORQY,Male,0,1,1,50,One year,0,54.9,2263,2745,0,0.2654,0.06,0.039346165,6%
5356-KZCKT,Male,0,0,0,58,Two year,1,24.45,931,1418.1,0,0.2654,0.005,0.006211699,1%
9470-XCCEM,Male,0,1,1,35,Month-to-month,0,89.65,2746,3137.75,0,0.2654,0.085,0.399929641,24%
6519-CFDBX,Female,0,0,0,2,Month-to-month,2,45.4,6024,90.8,0,0.2654,0.16,0.500093561,57%
3902-MIVLE,Male,0,1,1,63,Two year,3,75.7,3958,4769.1,0,0.2654,0.02,0.011532677,1%
0409-WTMPL,Female,0,1,0,58,One year,1,110.65,5221,6417.7,0,0.2654,0.39,0.202209192,44%
8763-KIAFH,Female,0,1,1,27,One year,3,20.55,4804,554.85,0,0.2654,0,0.049281486,2%
3669-WHAFY,Female,0,1,0,71,Two year,1,115.15,6049,8175.65,0,0.2654,0,0.061703266,1%
3055-VTCGS,Female,0,0,0,63,One year,1,58.55,3040,3688.65,0,0.2654,0.06,0.033343173,6%
3144-KMTWZ,Male,0,1,0,71,Month-to-month,0,93.25,5298,6620.75,0,0.2654,0.06,0.25792997,7%
7279-BUYWN,Female,1,0,0,41,Month-to-month,2,113.2,3968,4641.2,1,0.2654,0.85,0.505497094,82%
7156-MHUGY,Male,1,0,0,13,Month-to-month,2,90.5,371,1176.5,1,0.2654,0.87,0.685011631,74%
7198-GLXTC,Male,0,0,0,2,Month-to-month,2,79,795,158,1,0.2654,0.85,0.577829052,75%
2007-QVGAW,Female,0,1,1,68,Two year,0,19.35,535,1315.8,0,0.2654,0,0.002349213,0%
5207-PLSTK,Male,0,1,1,1,Month-to-month,3,48.75,4053,48.75,0,0.2654,0.145,0.330753303,33%
2307-FYNNL,Male,1,0,0,65,Two year,2,109.05,5576,7088.25,0,0.2654,0.105,0.08371061,16%
5605-XNWEN,Male,1,1,0,72,Two year,0,25,1352,1800,0,0.2654,0,0.003969896,0%
2155-AMQRX,Female,0,0,0,28,Month-to-month,1,54.9,915,1537.2,0,0.2654,0.025,0.197208083,10%
6181-AXXYF,Male,0,1,1,72,Two year,1,24.75,1425,1782,0,0.2654,0,0.002123472,0%
5091-HFAZW,Female,0,0,0,2,Month-to-month,2,91.15,1170,182.3,0,0.2654,0.225,0.52303044,45%
0516-VRYBW,Female,0,0,1,18,One year,0,20.15,3344,362.7,1,0.2654,0.665,0.042260435,5%
2519-LBNQL,Male,1,1,0,60,One year,2,104.35,5122,6261,0,0.2654,0.235,0.286010505,31%
8623-ULFNQ,Female,1,0,0,26,Month-to-month,2,66.05,1133,1717.3,0,0.2654,0.195,0.325703677,17%
8380-PEFPE,Male,0,0,1,1,Month-to-month,2,71.65,5571,71.65,1,0.2654,0.73,0.651177608,73%
5687-DKDTV,Female,0,0,0,4,Month-to-month,3,20.35,5866,81.4,1,0.2654,0.69,0.224757288,26%
1568-LJSZU,Male,0,1,1,68,Two year,1,92.2,5154,6269.6,0,0.2654,0,0.017043085,1%
7530-HDYDS,Female,0,0,0,38,Month-to-month,1,84.25,2841,3201.5,1,0.2654,0.325,0.243894978,41%
7789-HKSBS,Female,1,1,0,42,One year,0,105.2,3903,4418.4,0,0.2654,0.105,0.310511093,39%
7416-CKTEP,Female,0,1,0,57,Two year,0,19.6,264,1117.2,0,0.2654,0,0.004682773,2%
2586-CWXVV,Male,0,1,0,54,Month-to-month,2,30.4,1092,1641.6,0,0.2654,0.295,0.079450491,24%
3096-IZETN,Female,0,0,0,12,Month-to-month,0,78.1,6434,937.2,1,0.2654,0.8,0.578032129,78%
2348-KCJLT,Female,0,1,0,44,One year,3,61.5,2364,2706,0,0.2654,0.02,0.043717825,6%
8401-EMUWF,Male,0,1,1,42,Month-to-month,0,69.4,2657,2914.8,0,0.2654,0.04,0.109557533,18%
4193-IBKSW,Male,0,1,1,72,Two year,0,24.75,1294,1782,0,0.2654,0,0.0020117,0%
5377-NDTOU,Female,0,1,1,71,Two year,3,91.05,5086,6464.55,0,0.2654,0,0.012425829,0%
5922-ABDVO,Female,0,1,0,19,Month-to-month,3,89.65,1287,1703.35,1,0.2654,0.25,0.578653689,44%
2474-LCNUE,Female,0,1,0,23,Month-to-month,1,73.65,1119,1693.95,0,0.2654,0.05,0.34218756,16%
0839-QNXME,Female,0,0,0,30,Two year,1,19.4,4768,582,0,0.2654,0.015,0.015022356,1%
3506-OVLKD,Male,0,0,0,35,One year,0,26.2,6454,917,0,0.2654,0.035,0.035814477,3%
9172-ANCRX,Female,0,0,0,10,Month-to-month,2,98.7,6490,987,1,0.2654,0.91,0.694490396,82%
6650-VJONK,Male,0,0,0,1,Month-to-month,0,43.85,3660,43.85,0,0.2654,0.085,0.437519979,44%
2178-PMGCJ,Male,0,0,0,22,Month-to-month,3,69.7,884,1533.4,0,0.2654,0.29,0.462445292,17%
7492-TAFJD,Male,0,1,1,7,Two year,3,38.55,2427,269.85,0,0.2654,0.025,0.074616093,2%
2773-MADBQ,Female,0,0,0,36,Two year,3,53.1,1501,1911.6,0,0.2654,0.04,0.037818516,1%
6016-LVTJQ,Female,0,1,1,34,Month-to-month,3,20.65,5607,702.1,0,0.2654,0.01,0.05769405,4%
7860-KSUGX,Male,0,1,1,72,Two year,1,64.45,3996,4640.4,0,0.2654,0.07,0.005577696,1%
8966-KZXXA,Male,0,1,1,36,Two year,1,25.1,6400,903.6,0,0.2654,0.005,0.014039638,1%
6910-HADCM,Female,0,0,0,1,Month-to-month,2,76.35,5822,76.35,1,0.2654,0.705,0.62056517,87%
4816-LXZYW,Female,0,0,0,23,Month-to-month,2,79.15,1162,1820.45,1,0.2654,0.895,0.482455845,60%
9606-PBKBQ,Male,1,1,0,32,Month-to-month,2,85,2290,2720,1,0.2654,0.81,0.595706452,73%
5149-QYTTU,Female,0,1,1,71,One year,1,95.15,5359,6755.65,0,0.2654,0.025,0.049753416,2%
2070-XYMFH,Female,1,0,0,23,Month-to-month,3,79.35,1388,1825.05,0,0.2654,0.185,0.578821544,38%
2085-BOJKI,Male,0,1,0,17,One year,0,96.65,1039,1643.05,0,0.2654,0.095,0.425528839,16%
0817-HSUSE,Male,0,0,0,1,Month-to-month,2,75.5,5772,75.5,0,0.2654,0.21,0.507636566,35%
5442-PPTJY,Male,0,1,1,12,Two year,3,19.7,2234,236.4,0,0.2654,0,0.027847648,1%
1927-QEWMY,Female,0,1,0,72,Two year,1,20.5,911,1476,0,0.2654,0,0.001884065,0%
1663-MHLHE,Male,0,0,0,1,Month-to-month,3,19.2,1479,19.2,0,0.2654,0.045,0.20014143,25%
5663-QBGIS,Male,1,1,0,72,Two year,0,98.35,5467,7081.2,0,0.2654,0.24,0.076109786,3%
4450-MDZFX,Male,0,1,1,60,Month-to-month,0,74.35,3780,4461,0,0.2654,0.095,0.165569761,10%
6701-DHKWQ,Female,0,1,1,61,Two year,1,51.35,2824,3132.35,0,0.2654,0,0.013218089,1%
7554-AKDQF,Female,0,1,0,6,Month-to-month,3,45.65,2809,273.9,0,0.2654,0.255,0.363313902,26%
3536-IQCTX,Male,1,1,0,32,Month-to-month,2,85.3,2317,2729.6,1,0.2654,0.8,0.518293981,62%
4911-BANWH,Female,0,0,1,31,Month-to-month,1,86.55,2344,2683.05,1,0.2654,0.835,0.492872684,52%
8496-EJAUI,Male,0,0,0,19,Month-to-month,1,73.85,784,1403.15,1,0.2654,0.785,0.414770383,40%
0794-YVSGE,Male,0,1,1,72,Two year,0,20.3,736,1461.6,0,0.2654,0,0.001412225,0%
5423-BHIXO,Female,0,0,0,32,Month-to-month,2,54.2,1248,1734.4,0,0.2654,0.055,0.206252092,19%
6908-VVYHM,Male,0,1,0,65,Month-to-month,2,90.65,4868,5892.25,0,0.2654,0.05,0.31881424,25%
2959-EEXWB,Female,0,1,1,45,Month-to-month,0,50.9,1969,2290.5,0,0.2654,0.1,0.181949093,20%
1839-UMACK,Male,0,0,0,42,One year,2,25.05,6439,1052.1,0,0.2654,0.02,0.02783847,4%
3030-YDNRM,Male,0,0,0,8,Month-to-month,2,74.85,4721,598.8,0,0.2654,0.13,0.67896746,51%
7321-KKSDU,Male,0,0,1,32,Two year,3,20.5,5481,656,0,0.2654,0,0.012900261,1%
3402-XRIUO,Female,1,1,0,22,Month-to-month,3,63.55,691,1398.1,0,0.2654,0.105,0.176256499,17%
3132-TVFDZ,Male,1,1,0,57,Month-to-month,2,44.85,2230,2556.45,1,0.2654,0.31,0.229936286,32%
8286-AFUYI,Male,0,0,0,1,Month-to-month,2,47.95,3980,47.95,0,0.2654,0.06,0.278799957,27%
8080-DDEMJ,Male,1,0,0,1,Month-to-month,2,45.1,3812,45.1,1,0.2654,0.76,0.430421839,64%
8356-WUAOJ,Female,0,1,0,1,Month-to-month,2,45,3810,45,0,0.2654,0.74,0.488349847,79%
6365-MTGZX,Male,0,0,0,24,Month-to-month,2,96,1750,2304,1,0.2654,0.725,0.509046676,39%
1349-WXNGG,Male,0,0,0,1,Month-to-month,0,20.05,1607,20.05,1,0.2654,0.75,0.181973305,45%
8058-DMYRU,Male,1,0,0,54,Month-to-month,2,90.05,4183,4862.7,0,0.2654,0.135,0.411723144,25%
9350-ZXYJC,Female,0,0,0,4,Two year,1,25.3,301,101.2,0,0.2654,0.13,0.071047609,3%
6990-YNRIO,Male,0,1,1,65,Two year,0,108.65,5471,7062.25,1,0.2654,0.105,0.04120817,24%
8958-JPTRR,Female,0,1,0,56,One year,2,24.3,479,1360.8,0,0.2654,0.035,0.011692668,7%
6959-GQEGV,Male,0,0,0,45,Month-to-month,2,75.95,2848,3417.75,0,0.2654,0.03,0.159712378,14%
3173-WSSUE,Female,0,1,1,71,Two year,1,19.7,765,1398.7,0,0.2654,0,0.0015873,0%
1265-HVPZB,Male,0,1,0,59,One year,1,66.4,3382,3917.6,0,0.2654,0.14,0.019233755,2%
4115-UMJFQ,Male,0,0,0,69,One year,0,35.75,2138,2466.75,0,0.2654,0.075,0.027140805,5%
7369-TRPFD,Male,0,0,0,19,One year,3,18.8,2414,357.2,0,0.2654,0.005,0.048682839,1%
1098-KFQEC,Female,0,1,1,55,Two year,1,19.4,166,1067,0,0.2654,0,0.003224657,3%
7190-XHTWJ,Female,0,0,0,38,One year,3,19.3,5800,733.4,0,0.2654,0,0.025574061,1%
0621-TWIEM,Male,0,0,0,10,Month-to-month,2,45.55,3440,455.5,1,0.2654,0.745,0.379155683,37%
3537-RYBHH,Female,1,1,0,47,Month-to-month,1,67.45,2832,3170.15,0,0.2654,0.09,0.121659795,18%
2485-ITVKB,Female,0,1,0,2,Month-to-month,2,35.1,5381,70.2,1,0.2654,0.935,0.712367547,90%
3669-OYSJI,Male,0,0,0,1,Month-to-month,1,46.2,3905,46.2,1,0.2654,0.785,0.386250657,50%
1612-EOHDH,Female,0,0,0,1,Month-to-month,2,45.15,3813,45.15,1,0.2654,0.855,0.401644853,64%
6702-OHFWR,Male,1,0,0,1,Month-to-month,2,43.3,3658,43.3,1,0.2654,0.905,0.663611388,88%
5296-BFCYD,Male,0,1,1,46,Two year,3,20.1,6410,924.6,0,0.2654,0.01,0.009914647,1%
4510-PYUSH,Female,1,0,0,38,Month-to-month,1,57.15,1889,2171.7,1,0.2654,0.68,0.112792522,46%
9359-JANWS,Female,0,1,0,65,Two year,1,58.9,3300,3828.5,0,0.2654,0.01,0.005118442,1%
7517-SAWMO,Female,0,1,0,19,Month-to-month,2,73.2,815,1390.8,1,0.2654,0.65,0.376198732,49%
4143-HHPMK,Male,0,0,0,52,Month-to-month,2,85.35,3688,4438.2,1,0.2654,0.455,0.309904465,55%
3279-DYZQM,Male,0,1,1,71,Two year,3,19.45,683,1380.95,0,0.2654,0,0.001646011,1%
7054-LGEQW,Female,0,0,0,1,Month-to-month,3,45.95,3826,45.95,1,0.2654,0.89,0.417713146,56%
0523-VNGTF,Female,1,0,0,52,Month-to-month,2,50.5,2221,2626,0,0.2654,0.18,0.143871954,23%
9575-IWCAZ,Male,0,1,0,6,One year,3,25.1,1207,150.6,0,0.2654,0.015,0.110079649,2%
7105-MXJLL,Female,1,1,0,26,One year,3,60.7,1054,1578.2,0,0.2654,0.1,0.150499182,5%
7064-FRRSW,Male,1,0,0,48,One year,2,99,4012,4752,0,0.2654,0.1,0.327307659,24%
7940-UQQUG,Female,0,1,1,64,One year,0,104.4,5332,6681.6,0,0.2654,0.04,0.11971383,7%
0923-PNFUB,Female,0,0,0,3,Month-to-month,2,83.75,2120,251.25,1,0.2654,0.33,0.547931964,48%
3961-SXAXY,Male,0,0,0,1,Month-to-month,0,44.05,3735,44.05,0,0.2654,0.07,0.439544662,43%
7010-BRBUU,Male,0,1,1,72,Two year,1,24.1,1245,1735.2,0,0.2654,0,0.002050661,0%
3566-HJGPK,Male,0,0,0,1,Month-to-month,3,45.55,3819,45.55,0,0.2654,0.74,0.484556583,65%
3062-ICYZQ,Female,0,1,1,51,Month-to-month,2,93.8,3864,4783.8,0,0.2654,0.285,0.269060456,34%
9938-PRCVK,Female,0,1,1,41,Two year,0,19.7,6036,807.7,0,0.2654,0,0.007970349,1%
0973-KYVNF,Female,0,1,1,72,Two year,1,70.65,4243,5086.8,0,0.2654,0,0.008459739,1%
5129-HHMZC,Female,0,1,0,43,Two year,1,86.45,3096,3717.35,0,0.2654,0.025,0.027385064,1%
9637-CDTKZ,Male,0,1,0,72,Two year,1,114.1,6051,8215.2,0,0.2654,0,0.055609756,1%
3946-JEWRQ,Male,0,1,0,47,One year,1,95.2,3886,4474.4,0,0.2654,0.065,0.331690921,24%
7873-CVMAW,Male,0,0,0,72,Two year,1,88.55,5130,6375.6,0,0.2654,0,0.011043126,0%
0463-WZZKO,Male,0,0,0,3,Month-to-month,1,20.75,5316,62.25,0,0.2654,0.095,0.264060579,22%
3494-JCHRQ,Male,0,0,0,1,Month-to-month,2,70.05,5502,70.05,1,0.2654,0.854291667,0.682211573,79%
6474-FVJLC,Male,0,0,0,2,Month-to-month,2,86,1129,172,1,0.2654,0.97,0.746899701,93%
4524-QCSSM,Male,0,0,0,26,Month-to-month,0,44.65,295,1160.9,0,0.2654,0.105,0.238084442,26%
5832-EXGTT,Male,0,1,1,29,Month-to-month,3,60.2,1386,1745.8,0,0.2654,0.1,0.17422189,10%
8840-DQLGN,Female,1,1,0,35,Month-to-month,0,100.5,3159,3517.5,1,0.2654,0.225,0.328740756,22%
2039-JONDJ,Male,0,0,0,27,One year,0,55.45,876,1497.15,0,0.2654,0.01,0.042893213,2%
7217-JYHOQ,Male,0,1,1,24,Month-to-month,1,70.3,1204,1687.2,0,0.2654,0.035,0.121841989,7%
6695-FRVEC,Male,0,1,1,67,Two year,0,60.4,3379,4046.8,0,0.2654,0.025,0.005328651,1%
4547-LYTDD,Female,0,0,0,16,Month-to-month,2,72.65,362,1162.4,1,0.2654,0.75,0.482437822,41%
9894-QMIMJ,Female,0,0,0,23,One year,0,55.8,595,1283.4,0,0.2654,0.055,0.076990495,3%
8069-YQQAJ,Male,0,0,0,14,Month-to-month,3,31.1,3582,435.4,0,0.2654,0.155,0.451219091,24%
6770-XUAGN,Female,0,1,1,1,Month-to-month,2,21,1728,21,1,0.2654,0.782,0.238872742,61%
4193-ORFCL,Female,1,0,0,1,Month-to-month,3,45.1,3812,45.1,1,0.2654,0.61,0.453294781,57%
1636-NTNCO,Male,1,0,0,4,Month-to-month,1,50.95,1693,203.8,0,0.2654,0.245,0.663176088,56%
3466-WAESX,Male,0,0,1,16,Month-to-month,2,69.1,167,1105.6,0,0.2654,0.305,0.242055903,26%
9281-PKKZE,Female,0,1,0,46,Month-to-month,2,43.95,1634,2021.7,0,0.2654,0.275,0.280864063,26%
3638-VBZTA,Male,0,0,1,68,Two year,0,86.5,4827,5882,0,0.2654,0.005,0.014456781,1%
7459-IMVYU,Male,0,0,0,38,Month-to-month,2,69.95,2307,2658.1,0,0.2654,0.03,0.069123152,10%
7776-QWNFX,Male,1,1,0,30,Month-to-month,0,50.4,951,1512,1,0.2654,0.15,0.183628153,13%
6689-TCZHQ,Female,1,0,0,5,Month-to-month,2,78.95,3246,394.75,1,0.2654,0.805,0.660425318,56%
8563-OYMQY,Male,0,0,0,17,Month-to-month,1,90.95,1074,1546.15,0,0.2654,0.135,0.524089298,20%
0754-EEBDC,Male,0,1,1,4,Two year,3,19.9,5825,79.6,0,0.2654,0.005,0.04763005,2%
5777-ZPQNC,Female,0,0,0,12,One year,2,20.15,2249,241.8,0,0.2654,0.005,0.067916901,2%
1951-IEYXM,Male,0,1,1,72,Two year,1,90.6,5182,6523.2,0,0.2654,0,0.014290181,0%
3318-NMQXL,Male,0,0,0,3,Month-to-month,2,92,2313,276,0,0.2654,0.235,0.738320368,48%
3143-ILDAL,Male,0,0,0,56,Month-to-month,2,94.45,4314,5289.2,1,0.2654,0.69,0.290980449,31%
1022-RKXDR,Female,0,0,0,41,One year,3,24.85,6471,1018.85,0,0.2654,0.08,0.043320397,2%
2361-FJWNO,Male,0,0,0,40,One year,1,36,692,1440,0,0.2654,0.015,0.047482495,4%
2272-UOINI,Female,0,0,0,7,Month-to-month,2,78.5,4711,549.5,0,0.2654,0.135,0.301385084,13%
8232-UTFOZ,Male,0,0,0,69,Two year,1,19.95,728,1376.55,0,0.2654,0,0.00194852,0%
3750-YHRYO,Male,0,1,1,7,One year,3,20.65,902,144.55,0,0.2654,0,0.070083667,2%
6637-KYRCV,Female,0,1,1,5,Month-to-month,2,30.5,1153,152.5,0,0.2654,0.17,0.479005582,40%
5668-MEISB,Female,0,1,1,72,Two year,1,106.1,5850,7639.2,0,0.2654,0.01,0.024655176,1%
0129-QMPDR,Male,0,1,1,44,One year,0,20.5,6251,902,0,0.2654,0.01,0.020387118,2%
7188-CBBBA,Female,0,0,0,65,One year,2,95.5,5022,6207.5,0,0.2654,0.075,0.168564899,19%
5356-CSVSQ,Female,0,0,0,3,Month-to-month,2,64.6,1249,193.8,0,0.2654,0.205,0.366468575,30%
3221-CJMSG,Male,0,0,0,24,Month-to-month,1,51.1,495,1226.4,0,0.2654,0.03,0.171867784,7%
4720-VSTSI,Female,0,0,0,44,Month-to-month,0,84.8,3304,3731.2,1,0.2654,0.36,0.331781861,29%
3219-JQRSL,Female,1,1,0,72,Two year,1,89.1,5129,6415.2,0,0.2654,0,0.014310728,0%
2801-NISEI,Male,0,0,0,24,Month-to-month,2,54.95,635,1318.8,0,0.2654,0.12,0.090130203,9%
3946-MHCZW,Male,0,0,0,1,Month-to-month,3,50.9,4236,50.9,1,0.2654,0.915,0.402385721,78%
4623-ZKHLY,Male,0,1,0,22,Month-to-month,0,20.45,3988,449.9,0,0.2654,0.01,0.118946357,5%
6732-VAILE,Male,0,1,1,70,Two year,1,85.95,4869,6016.5,0,0.2654,0,0.021959647,1%
8201-AAXCB,Male,0,1,1,25,Month-to-month,2,60.35,740,1508.75,0,0.2654,0.235,0.23139761,18%
7696-CFTAT,Male,0,1,1,37,Two year,0,19.8,5646,732.6,0,0.2654,0,0.0090359,1%
1845-CSBRZ,Female,1,1,1,22,Month-to-month,0,85.35,1569,1877.7,0,0.2654,0.115,0.499175833,24%
2123-VSCOT,Female,0,1,1,59,Two year,0,72.1,3587,4253.9,0,0.2654,0.005,0.022238942,1%
6651-AZVTJ,Male,0,1,1,49,Month-to-month,2,99.8,4119,4890.2,1,0.2654,0.515,0.476605958,66%
4566-GOLUK,Male,0,1,1,47,Month-to-month,0,107.35,4308,5045.45,1,0.2654,0.84,0.414684001,62%
2484-DGXPZ,Female,0,1,1,31,Month-to-month,3,19.55,5251,606.05,1,0.2654,0.63,0.084797389,36%
2018-QKYGT,Male,0,1,1,1,Month-to-month,2,81.05,6056,81.05,0,0.2654,0.315,0.720521596,82%
2792-VPPET,Male,0,0,0,3,Month-to-month,2,20.5,5826,61.5,0,0.2654,0.04,0.277307572,27%
7409-JURKQ,Female,0,1,0,53,One year,0,111.8,4787,5925.4,0,0.2654,0.065,0.23581444,30%
3247-MHJKM,Male,0,0,0,1,Month-to-month,3,20.2,1610,20.2,0,0.2654,0.303529762,0.204836263,48%
1964-SVLEA,Male,0,0,0,20,One year,3,19.7,3548,394,0,0.2654,0,0.068221903,2%
4587-NUKOX,Female,0,0,0,3,Month-to-month,2,79.1,2109,237.3,1,0.2654,0.285,0.473497174,37%
7297-DVYGA,Female,0,0,0,51,One year,0,19.85,6524,1012.35,0,0.2654,0.005,0.017723899,2%
2239-CGBUZ,Female,0,1,0,51,One year,0,60.5,2734,3085.5,0,0.2654,0.02,0.021320648,8%
0854-UYHZD,Female,0,1,1,13,Two year,3,19.55,2294,254.15,0,0.2654,0,0.027773188,1%
7243-LCGGZ,Female,0,0,0,1,Month-to-month,3,20.9,1624,20.9,0,0.2654,0.667119048,0.215045435,37%
8267-KFGYD,Male,0,0,1,1,Month-to-month,3,21.05,1729,21.05,0,0.2654,0.119166667,0.234019367,42%
4890-VMUAV,Male,0,0,0,63,One year,2,71.5,3892,4504.5,0,0.2654,0.085,0.016269917,4%
9261-WDCAF,Male,0,0,0,3,Month-to-month,3,54.65,1467,163.95,0,0.2654,0.435,0.421187137,59%
3764-MNMOI,Male,0,0,0,46,Two year,1,19.2,6339,883.2,0,0.2654,0,0.007323672,0%
7442-YGZFK,Male,0,0,0,1,Month-to-month,1,49.8,4145,49.8,0,0.2654,0.2,0.525794087,46%
0420-BWTPW,Male,0,0,1,8,Month-to-month,3,25.5,1766,204,1,0.2654,0.79,0.412975632,46%
8229-BUJHX,Female,0,1,1,71,Two year,0,20.5,909,1455.5,0,0.2654,0,0.001573554,0%
7449-HVPIV,Male,0,1,1,55,Month-to-month,1,90.4,4299,4972,0,0.2654,0.11,0.334291513,18%
5504-WSIUR,Female,0,0,0,70,One year,0,90.25,5149,6317.5,0,0.2654,0.01,0.079678572,3%
8183-ONMXC,Female,0,0,0,2,Month-to-month,2,80.75,1046,161.5,1,0.2654,0.99,0.629475948,78%
8466-PZBLH,Male,0,1,1,67,Two year,0,104.6,5430,7008.2,0,0.2654,0.02,0.038938388,12%
9614-RMGHA,Male,0,1,0,65,Month-to-month,0,91.85,4872,5970.25,1,0.2654,0.69,0.283520397,34%
8735-IJJEG,Male,0,1,0,14,Month-to-month,1,50.2,5303,702.8,0,0.2654,0.08,0.281791451,18%
0564-MUUQK,Female,0,1,1,20,Month-to-month,0,95.5,1519,1910,0,0.2654,0.14,0.496367651,22%
5054-IEXZT,Male,0,0,1,1,Month-to-month,2,75.35,5770,75.35,1,0.2654,0.955,0.600672886,71%
5834-ASPWA,Male,0,0,0,1,Month-to-month,2,75.45,5771,75.45,1,0.2654,0.845,0.740321705,86%
0701-RFGFI,Female,0,1,1,49,Month-to-month,0,95.4,3915,4674.6,0,0.2654,0.095,0.461273186,41%
0019-EFAEP,Female,0,0,0,72,Two year,0,101.3,5647,7293.6,0,0.2654,0,0.048375473,1%
5619-PTMIK,Female,0,1,0,46,Month-to-month,2,53.1,2106,2442.6,0,0.2654,0.035,0.079942233,12%
3737-XBQDD,Male,0,0,0,24,Month-to-month,0,84.85,1679,2036.4,0,0.2654,0.15,0.448510801,28%
5882-CMAZQ,Female,0,1,1,5,Month-to-month,2,34.25,1102,171.25,0,0.2654,0.135,0.310358111,37%
5846-QFDFI,Female,0,1,1,33,Month-to-month,1,88.6,2492,2923.8,0,0.2654,0.2,0.233968136,25%
4445-KWOKW,Female,0,0,0,42,One year,0,60.15,2068,2526.3,0,0.2654,0.04,0.049927747,7%
3511-APPBJ,Male,0,0,0,23,One year,1,99.95,1935,2298.85,0,0.2654,0.06,0.290625191,15%
7967-HYCDE,Male,0,0,0,8,Month-to-month,0,70.7,4592,565.6,0,0.2654,0.13,0.518266947,31%
2430-RRYUW,Male,0,0,0,66,One year,3,54.8,2999,3616.8,0,0.2654,0.035,0.017231405,1%
3948-XHGNA,Male,0,0,0,24,Month-to-month,0,49.55,385,1189.2,1,0.2654,0.32,0.145273381,18%
3723-BFBGR,Male,1,0,0,24,Month-to-month,1,54.8,531,1315.2,0,0.2654,0.225,0.212211944,17%
0565-IYCGT,Male,0,0,0,69,One year,1,78.6,4468,5423.4,1,0.2654,0.59,0.024937549,23%
5447-WZAFP,Female,0,0,0,53,One year,3,100.3,4360,5315.9,0,0.2654,0.06,0.237816308,13%
5110-CHOPY,Female,0,0,0,60,Two year,2,53.6,2814,3216,0,0.2654,0.02,0.023384914,1%
5445-UTODQ,Female,0,1,0,7,Month-to-month,2,81.1,4753,567.7,1,0.2654,0.92,0.68973954,68%
4425-OWHWB,Female,0,0,0,20,One year,1,19.35,3684,387,0,0.2654,0.025,0.064914544,1%
7892-QVYKW,Female,0,1,1,23,Month-to-month,2,85.6,1440,1968.8,0,0.2654,0.12,0.504005384,33%
9675-ICXCT,Male,0,1,1,72,Two year,2,80.8,4727,5817.6,0,0.2654,0.005,0.011651033,1%
1024-VRZHF,Male,0,1,0,11,Month-to-month,2,74.95,6114,824.45,1,0.2654,0.885,0.679411386,71%
4703-MQYKT,Male,0,0,0,21,Two year,3,19.6,3343,411.6,0,0.2654,0,0.022433212,0%
9497-QCMMS,Male,1,0,0,1,Month-to-month,2,93.55,6393,93.55,1,0.2654,1,0.838195178,97%
5692-ICXLW,Male,1,0,0,31,Month-to-month,2,90.7,2459,2811.7,0,0.2654,0.165,0.53468901,53%
0602-DDUML,Female,0,0,0,57,Two year,3,69.75,3335,3975.75,0,0.2654,0.035,0.013330489,1%
2208-MPXIO,Female,0,1,1,45,Two year,0,20,6288,900,0,0.2654,0.01,0.009336576,1%
1960-UYCNN,Male,0,0,0,10,Month-to-month,2,95.25,41,952.5,0,0.2654,0.205,0.634990508,44%
0348-SDKOL,Female,0,1,0,58,Month-to-month,1,102.1,4829,5921.8,1,0.2654,0.75,0.373396705,38%
3190-FZATL,Male,0,0,1,14,Month-to-month,3,19.95,2330,279.3,0,0.2654,0.02,0.107650126,6%
7336-RLLRH,Male,0,1,0,27,One year,3,80.85,1837,2182.95,0,0.2654,0.025,0.10229929,7%
4373-MAVJG,Female,0,1,1,14,Month-to-month,0,90.9,472,1272.6,1,0.2654,0.765,0.574690704,58%
8901-HJXTF,Female,0,1,1,12,Month-to-month,3,29.2,2682,350.4,1,0.2654,0.72,0.347875627,27%
7710-JSYOA,Female,0,1,1,69,Two year,0,93.3,5158,6437.7,0,0.2654,0.005,0.046766114,2%
5419-KLXBN,Female,0,1,1,25,Month-to-month,0,89.15,1891,2228.75,1,0.2654,0.74,0.396684956,39%
3424-NMNBO,Male,1,1,0,58,One year,2,108.85,5079,6313.3,1,0.2654,0.725,0.21786147,57%
9885-MFVSU,Female,0,1,1,35,Two year,1,46.35,1146,1622.25,0,0.2654,0.005,0.034647748,1%
4514-GFCFI,Female,1,0,0,16,Month-to-month,2,84.75,641,1356,1,0.2654,0.895,0.665590633,66%
0607-MVMGC,Male,0,1,1,45,One year,1,78.75,3119,3543.75,0,0.2654,0.015,0.080706762,6%
3365-SAIGS,Female,0,0,0,17,Month-to-month,2,83.55,598,1420.35,0,0.2654,0.575,0.500246658,52%
9828-AOQLM,Female,0,1,1,1,Month-to-month,2,45.7,3822,45.7,1,0.2654,0.94,0.447814675,80%
8022-BECSI,Male,0,0,0,22,One year,3,19.6,3602,431.2,0,0.2654,0,0.045952852,1%
8000-REIQB,Female,1,0,0,1,Month-to-month,2,69.95,5455,69.95,1,0.2654,0.965,0.724945398,85%
9993-LHIEB,Male,0,1,1,67,Two year,3,67.85,3924,4545.95,0,0.2654,0.01,0.006440434,2%
0266-CLZKZ,Female,0,1,1,67,Two year,0,105.65,5327,7078.55,0,0.2654,0.06,0.085284839,8%
7615-ESMYF,Female,0,1,0,2,Month-to-month,2,44.6,6482,89.2,1,0.2654,0.82,0.687944084,75%
3858-VOBET,Male,0,0,0,23,Month-to-month,2,74.95,1211,1723.85,1,0.2654,0.825,0.519700046,59%
7020-OZKXZ,Female,1,0,0,9,Month-to-month,1,75.5,5136,679.5,0,0.2654,0.135,0.572143788,27%
3977-QCRSL,Female,0,0,0,5,Month-to-month,3,20.15,317,100.75,0,0.2654,0.045,0.17314736,16%
0017-DINOC,Male,0,0,0,54,Two year,1,45.2,2114,2440.8,0,0.2654,0.02,0.01327601,2%
1447-PJGGA,Female,0,0,0,57,Two year,2,95.25,4539,5429.25,1,0.2654,0.74,0.123267719,36%
8565-CLBZW,Male,0,0,0,24,Month-to-month,3,89.85,1779,2156.4,1,0.2654,0.765,0.581565009,48%
9139-WQQDY,Female,0,1,1,49,One year,3,100.45,4189,4922.05,1,0.2654,0.685,0.225414215,28%
0224-HJAPT,Male,0,0,0,5,Month-to-month,2,47.15,1861,235.75,1,0.2654,0.835,0.37588394,62%
8086-OVPWV,Male,0,0,0,2,Month-to-month,2,80.2,1357,160.4,1,0.2654,0.89,0.692644267,86%
9430-FRQOC,Female,0,0,1,4,Month-to-month,3,87.1,2953,348.4,1,0.2654,0.83,0.591090954,77%
7639-OPLNG,Male,0,1,1,70,Two year,0,79.25,4736,5547.5,0,0.2654,0.005,0.008576675,1%
3074-GQWYX,Male,0,0,0,5,Month-to-month,0,75.9,3094,379.5,1,0.2654,0.915,0.667750418,77%
1492-QGCLU,Male,0,1,1,53,Month-to-month,2,85.7,3920,4542.1,0,0.2654,0.08,0.088914125,12%
6845-RGTYS,Female,0,1,0,47,Month-to-month,2,98.75,3859,4641.25,1,0.2654,0.75,0.308570091,44%
7328-OWMOM,Female,0,0,1,31,One year,1,20.1,4831,623.1,0,0.2654,0.005,0.026347491,2%
4418-LZMSV,Male,0,1,1,13,Month-to-month,0,61.8,5779,803.4,0,0.2654,0.07,0.169646396,7%
5155-AZQPB,Female,0,1,1,28,Month-to-month,3,49.9,751,1397.2,0,0.2654,0.03,0.1883691,5%
8861-HGGKB,Female,0,0,0,10,Month-to-month,2,86.45,6137,864.5,1,0.2654,0.85,0.693420921,76%
1087-GRUYI,Male,0,1,0,38,Two year,0,20.4,5742,775.2,0,0.2654,0,0.010547336,1%
7065-YUNRY,Female,0,0,0,1,Month-to-month,3,45.3,3816,45.3,1,0.2654,0.79,0.49436277,67%
7694-VLBWQ,Male,0,1,0,67,One year,2,104.1,5541,6974.7,1,0.2654,0.745,0.171407264,50%
2546-KZAAT,Male,0,1,0,52,One year,3,75.4,3305,3920.8,0,0.2654,0.08,0.060393082,5%
0181-RITDD,Male,0,1,1,62,Two year,3,108.15,5393,6705.3,0,0.2654,0.01,0.032004065,2%
5989-PGKJB,Female,0,0,0,16,Month-to-month,2,86.25,622,1380,0,0.2654,0.58,0.555532814,59%
4795-KTRTH,Female,1,1,0,5,Month-to-month,2,81,3200,405,1,0.2654,0.885,0.700588996,78%
8272-ONJLV,Male,0,0,0,12,One year,2,95.7,344,1148.4,0,0.2654,0.31,0.382517072,22%
1488-PBLJN,Female,0,1,1,72,Two year,0,116.85,6202,8413.2,0,0.2654,0,0.052332924,1%
0308-GIQJT,Male,1,0,0,71,One year,0,105.75,5705,7508.25,0,0.2654,0.065,0.130927614,12%
3778-FOAQW,Female,0,1,0,24,One year,3,20.15,3885,483.6,0,0.2654,0,0.046455605,1%
4452-ROHMO,Female,0,0,0,15,Two year,3,19.6,2875,294,0,0.2654,0,0.030151989,1%
6481-OGDOO,Male,0,1,0,67,One year,1,90.6,4951,6070.2,1,0.2654,0.085,0.085813237,6%
3090-LETTY,Male,0,0,1,2,Month-to-month,0,60.95,619,121.9,0,0.2654,0.15,0.215012083,21%
5349-AZPEW,Female,0,1,1,5,Month-to-month,3,25.05,455,125.25,0,0.2654,0.31,0.44652182,22%
3753-TSEMP,Female,0,1,0,15,Month-to-month,2,88.15,713,1322.25,1,0.2654,0.755,0.564607396,58%
8305-VHZBZ,Male,0,0,0,1,Month-to-month,3,20.2,1610,20.2,1,0.2654,0.824345238,0.262787664,60%
9720-JJJOR,Male,0,1,1,41,One year,0,60.3,2171,2472.3,0,0.2654,0.05,0.032562976,6%
8100-HZZLJ,Female,0,0,1,43,Month-to-month,2,63.95,2380,2749.85,0,0.2654,0.05,0.095938131,19%
8775-ERLNB,Male,1,1,0,1,Month-to-month,2,74.3,5717,74.3,0,0.2654,0.28,0.708811203,72%
8309-IEYJD,Female,1,0,0,1,Month-to-month,3,70.6,5513,70.6,0,0.2654,0.265,0.737768841,76%
9172-JITSM,Female,0,1,1,26,Month-to-month,2,90.8,1998,2360.8,1,0.2654,0.83,0.553454815,51%
6298-QDFNH,Male,0,0,0,22,Month-to-month,2,79.35,1238,1745.7,1,0.2654,0.875,0.481587526,59%
7398-HPYZQ,Male,0,1,0,71,Two year,0,90.55,5161,6429.05,0,0.2654,0,0.012121244,0%
3546-GHEAE,Male,0,0,0,7,Two year,3,19.45,1127,136.15,0,0.2654,0,0.038043967,0%
7361-YPXFS,Female,1,0,0,28,Month-to-month,0,64.45,1438,1804.6,0,0.2654,0.07,0.146013959,7%
6557-BZXLQ,Male,1,0,0,16,Month-to-month,2,69.65,83,1114.4,0,0.2654,0.225,0.452237774,35%
2550-QHZGP,Male,0,0,0,7,One year,3,19.5,513,136.5,0,0.2654,0,0.077006674,2%
7519-JTWQH,Female,0,0,0,69,Two year,0,110.5,5749,7624.5,0,0.2654,0.155,0.085249666,11%
2538-OIMXF,Female,0,0,1,1,Month-to-month,3,24.7,2042,24.7,0,0.2654,0.075,0.501836833,31%
8543-MSDMF,Male,0,0,0,3,Month-to-month,2,77.4,1685,232.2,0,0.2654,0.12,0.426462242,22%
9961-JBNMK,Male,1,0,0,21,Month-to-month,0,96.8,1663,2032.8,1,0.2654,0.82,0.630091973,32%
1170-SASML,Female,0,1,0,69,Month-to-month,0,85.4,4820,5892.6,0,0.2654,0.075,0.207092369,18%
4872-JCVCA,Female,0,1,0,71,Two year,0,47.6,2931,3379.6,0,0.2654,0,0.007339306,0%
5346-BZCHP,Female,0,1,1,69,Two year,3,19.4,631,1338.6,0,0.2654,0.01,0.001882492,1%
2038-LLMLM,Female,0,0,0,48,Month-to-month,2,103.85,4190,4984.8,0,0.2654,0.11,0.448579125,32%
6173-ITPWD,Male,0,1,0,47,Month-to-month,0,83.35,3476,3917.45,1,0.2654,0.72,0.299898547,31%
9734-UYXQI,Female,0,0,0,2,Month-to-month,2,49.4,116,98.8,1,0.2654,0.775,0.487142268,70%
1216-BGTSP,Male,0,0,0,45,Month-to-month,1,108.45,4200,4880.25,0,0.2654,0.09,0.344214643,22%
4138-NAXED,Male,0,0,0,51,Month-to-month,0,81,3485,4131,0,0.2654,0.075,0.221074372,20%
2189-UXTKY,Female,0,1,0,22,Month-to-month,2,79.2,1260,1742.4,1,0.2654,0.145,0.271041169,16%
0744-BIKKF,Male,0,0,0,72,Two year,0,86.65,5055,6238.8,0,0.2654,0,0.009732554,0%
7483-IQWIB,Male,0,1,1,37,Month-to-month,2,92.95,2959,3439.15,0,0.2654,0.165,0.399944808,25%
5248-KWLAR,Male,0,1,1,71,Two year,2,90.35,5111,6414.85,0,0.2654,0,0.011042305,1%
4958-GZWIY,Male,0,1,1,7,Month-to-month,2,48.7,2945,340.9,1,0.2654,0.735,0.2801144,38%
7996-MHXLW,Female,0,0,0,66,Two year,1,25.15,1178,1659.9,0,0.2654,0.005,0.004693752,0%
7833-PKIHD,Male,0,1,1,51,One year,0,76.4,3390,3896.4,0,0.2654,0.17,0.040664214,9%
7061-OVMIM,Female,0,1,1,30,One year,0,19.55,4969,586.5,0,0.2654,0.02,0.026872899,2%
5153-RTHKF,Female,0,0,0,34,Month-to-month,2,85.35,2500,2901.9,0,0.2654,0.205,0.438615698,58%
1852-QSWCD,Male,0,1,1,64,Two year,3,24.8,932,1587.2,0,0.2654,0,0.004544275,0%
4832-VRBMR,Male,1,1,0,65,One year,0,103.15,5374,6704.75,0,0.2654,0.14,0.236110647,18%
9079-LWTFD,Male,0,0,0,47,Month-to-month,3,100.75,3948,4735.25,0,0.2654,0.065,0.195842212,18%
6356-ELRKD,Female,0,0,0,1,Month-to-month,2,95.6,6445,95.6,1,0.2654,0.86,0.700037215,86%
8624-GIOUT,Female,0,0,0,49,Month-to-month,1,59.75,2537,2927.75,1,0.2654,0.665,0.085341095,31%
3392-EHMNK,Female,0,1,1,67,Two year,1,94.1,5097,6304.7,0,0.2654,0.01,0.034729189,8%
5986-WWXDV,Male,0,0,1,39,One year,0,19.35,5904,754.65,0,0.2654,0.015,0.017156447,0%
3061-BCKYI,Male,0,0,0,14,Month-to-month,3,19.9,2444,278.6,0,0.2654,0.02,0.126604186,6%
6179-GJPSO,Female,1,0,0,43,Month-to-month,1,108.15,3911,4650.45,1,0.2654,0.8,0.328232765,66%
7901-TBKJX,Male,1,0,0,56,Month-to-month,2,101.05,4629,5658.8,0,0.2654,0.25,0.524950947,49%
7228-PAQPD,Female,0,0,0,14,One year,1,59.1,5880,827.4,0,0.2654,0.07,0.153407843,15%
3177-LASXD,Female,0,0,0,1,Month-to-month,2,71.35,5569,71.35,1,0.2654,0.485,0.626419756,64%
7746-QYVCO,Male,0,1,1,16,One year,3,55.85,6236,893.6,0,0.2654,0.045,0.109913727,3%
5804-HYIEZ,Male,0,1,1,70,Month-to-month,2,106.05,5804,7423.5,0,0.2654,0.065,0.255310538,19%
9919-FZDED,Male,1,1,0,72,Two year,1,84.1,4900,6055.2,0,0.2654,0.015,0.02438948,0%
5934-TSSAU,Female,0,1,1,23,Month-to-month,1,75.3,1202,1731.9,0,0.2654,0.1,0.41051539,26%
3486-KHMLI,Male,0,0,1,21,Month-to-month,3,24.7,3949,518.7,0,0.2654,0.02,0.110666348,4%
4897-QSUYC,Female,0,0,0,1,Month-to-month,3,20.15,1609,20.15,1,0.2654,0.75047619,0.271373385,61%
1084-UQCHV,Male,0,0,1,1,Month-to-month,0,69.75,5451,69.75,1,0.2654,0.935,0.538696109,86%
8290-YWKHZ,Female,1,1,0,32,Month-to-month,2,93.2,2534,2982.4,1,0.2654,0.845,0.652433645,63%
2955-BJZHG,Male,0,1,1,17,Month-to-month,2,80.85,735,1374.45,1,0.2654,0.83,0.432181611,49%
3806-DXQOM,Female,0,0,0,4,Month-to-month,2,33.65,667,134.6,1,0.2654,0.45,0.396531726,41%
6784-XYJAE,Female,0,0,0,36,One year,2,55.8,1546,2008.8,0,0.2654,0.03,0.084860469,4%
3933-DQPWX,Female,0,0,0,50,Two year,1,39.7,1535,1985,0,0.2654,0.005,0.015691688,1%
6661-EIPZC,Female,0,1,1,48,Month-to-month,1,29.5,777,1416,0,0.2654,0.085,0.095022287,10%
8957-THMOA,Female,0,0,1,50,Two year,1,20.15,6487,1007.5,0,0.2654,0.015,0.005532962,0%
2251-PYLPB,Male,0,1,0,72,Two year,1,79.55,4790,5727.6,0,0.2654,0,0.008334692,0%
5555-RNPGT,Male,0,0,1,10,Month-to-month,1,24.8,1865,248,0,0.2654,0.08,0.144653322,8%
1057-FOGLZ,Female,0,0,0,18,Month-to-month,3,19.65,3349,353.7,0,0.2654,0.05,0.115493671,4%
9300-RENDD,Male,0,0,0,1,Month-to-month,2,79.95,5975,79.95,1,0.2654,0.96,0.720729657,91%
0761-AETCS,Female,0,0,0,1,Month-to-month,2,19.3,1481,19.3,1,0.2654,0.675,0.200090803,22%
8087-LGYHQ,Male,0,0,0,9,Month-to-month,2,94.05,6069,846.45,0,0.2654,0.285,0.720716374,54%
4137-BTIKL,Male,0,0,0,2,Month-to-month,3,90.75,1254,181.5,0,0.2654,0.495,0.584550182,39%
2190-BCXEC,Female,0,1,0,40,Month-to-month,1,78.85,2717,3154,0,0.2654,0.095,0.324176279,24%
6227-FBDXH,Male,0,1,0,69,One year,0,99.5,5405,6865.5,0,0.2654,0.055,0.167732332,27%
2153-MREFK,Female,0,1,0,37,One year,2,99.2,3225,3670.4,1,0.2654,0.725,0.202170748,34%
2911-WDXMV,Male,0,0,1,18,Month-to-month,1,80.55,743,1449.9,0,0.2654,0.09,0.498701047,24%
7206-PQBBZ,Male,1,1,0,11,Month-to-month,2,70.2,6157,772.2,0,0.2654,0.225,0.657115292,49%
3106-ULWFW,Female,0,1,0,8,Month-to-month,1,85.2,5074,681.6,1,0.2654,0.84,0.75063888,83%
0925-VYDLG,Female,0,0,0,3,Month-to-month,2,75.25,2063,225.75,1,0.2654,0.855,0.625726082,66%
4547-FZJWE,Male,0,1,1,55,One year,1,59.45,2740,3269.75,0,0.2654,0.075,0.02479027,16%
7422-WNBTY,Male,0,1,0,33,Month-to-month,2,93.35,2689,3080.55,0,0.2654,0.33,0.501645255,36%
0842-IWYCP,Female,0,0,0,46,Month-to-month,0,44.95,1781,2067.7,0,0.2654,0.04,0.080905892,9%
3521-HTQTV,Male,0,0,0,34,Two year,0,26.1,6502,887.4,0,0.2654,0,0.017568709,2%
3744-ZBHON,Female,0,0,0,3,Month-to-month,2,20.2,5207,60.6,0,0.2654,0.22,0.218385652,27%
3373-DIUUN,Male,0,1,1,30,Two year,3,21.25,5578,637.5,0,0.2654,0,0.014975905,1%
8383-SGHJU,Female,0,0,0,33,One year,2,59.4,1556,1960.2,0,0.2654,0.065,0.044910763,4%
7607-QKKTJ,Male,0,1,1,45,One year,1,95,3709,4275,0,0.2654,0.01,0.225212303,9%
7707-PYBBH,Male,0,0,0,40,Month-to-month,3,61.9,2291,2476,0,0.2654,0.155,0.072100716,10%
8984-HPEMB,Female,0,0,0,71,Two year,2,118.65,6201,8424.15,0,0.2654,0.035,0.071912394,5%
4349-GFQHK,Male,0,0,0,1,Month-to-month,2,54.35,4487,54.35,1,0.2654,0.835,0.449042105,75%
4139-DETXS,Female,0,1,1,72,Two year,0,64.45,3855,4640.4,0,0.2654,0.005,0.008688559,1%
9779-DPNEJ,Female,0,1,1,22,Month-to-month,2,80.15,1331,1763.3,0,0.2654,0.44,0.516578893,52%
9805-FILKB,Male,0,1,1,46,One year,0,20.2,6192,929.2,0,0.2654,0.025,0.018365758,1%
5793-YOLJN,Female,0,1,1,55,Two year,3,21,384,1155,0,0.2654,0,0.003795966,1%
0673-IGUQO,Male,0,0,0,1,Month-to-month,3,20.45,1615,20.45,0,0.2654,0.1025,0.205798741,24%
4123-FCVCB,Female,0,0,0,12,One year,3,75.85,6222,910.2,0,0.2654,0.22,0.334666781,37%
8819-IMISP,Male,0,0,0,31,Month-to-month,2,80.45,2077,2493.95,0,0.2654,0.115,0.428214351,52%
7802-EFKNY,Male,0,1,0,5,Month-to-month,2,24.95,4,124.75,1,0.2654,0.34,0.542896057,32%
8311-UEUAB,Female,0,1,1,67,Two year,2,75.5,4379,5058.5,0,0.2654,0.1,0.024476341,10%
5858-EAFCZ,Male,0,0,0,1,Month-to-month,3,44.45,3742,44.45,0,0.2654,0.285,0.397649078,39%
8035-BUYVG,Male,0,1,0,40,One year,2,42.35,1221,1694,1,0.2654,0.06,0.067994221,5%
1163-ONYEY,Male,0,1,1,41,Month-to-month,1,74.55,2626,3056.55,0,0.2654,0.045,0.119451774,15%
9787-XVQIU,Male,0,0,0,1,Month-to-month,2,75.3,5769,75.3,1,0.2654,0.8,0.739650207,86%
8945-MUQUF,Male,0,0,0,51,One year,2,94.8,4083,4834.8,1,0.2654,0.71,0.148757443,22%
5656-MJEFC,Male,0,1,1,42,Two year,1,48.15,1666,2022.3,0,0.2654,0,0.017200626,0%
6082-OQFBA,Male,0,1,1,23,One year,3,19.65,3704,451.95,0,0.2654,0,0.03833938,1%
8051-HJRLT,Female,1,0,0,1,Month-to-month,2,70.55,5512,70.55,1,0.2654,0.865,0.728199135,77%
8974-OVACP,Female,0,0,0,1,Month-to-month,3,20.15,1609,20.15,0,0.2654,0.245761905,0.212073277,47%
4010-YLMVT,Female,0,0,0,56,Month-to-month,1,106.6,4835,5969.6,0,0.2654,0.07,0.355760508,23%
1379-FRVEB,Male,0,0,1,15,Month-to-month,2,91,797,1365,0,0.2654,0.195,0.547675719,45%
8612-GXIDD,Male,0,1,1,12,Two year,0,25.4,2719,304.8,0,0.2654,0.01,0.045022829,2%
6288-CHQJB,Female,0,1,1,54,Two year,0,69.95,3313,3777.3,0,0.2654,0.04,0.009599053,1%
8160-HOWOX,Female,0,0,0,7,Month-to-month,2,66.85,3895,467.95,0,0.2654,0.105,0.550252782,26%
3023-GFLBR,Female,0,1,1,33,Month-to-month,1,86.15,2385,2842.95,1,0.2654,0.79,0.431692999,46%
6648-INWPS,Male,0,1,1,16,Month-to-month,2,20.15,2952,322.4,0,0.2654,0.07,0.100677638,12%
4223-BKEOR,Female,0,0,1,21,One year,3,64.85,610,1361.85,0,0.2654,0.045,0.082615698,3%
4079-VTGLK,Male,1,1,0,30,Two year,2,74.85,1797,2245.5,0,0.2654,0.065,0.09946476,1%
1763-WQFUK,Male,0,0,0,3,Month-to-month,3,50.5,867,151.5,0,0.2654,0.145,0.343036679,33%
1391-UBDAR,Male,0,0,0,11,Month-to-month,2,72.9,6091,801.9,0,0.2654,0.11,0.511045026,36%
8894-JVDCV,Female,0,0,0,62,One year,1,115.05,5597,7133.1,0,0.2654,0.01,0.142759207,6%
2023-VQFDL,Male,0,0,0,18,Month-to-month,2,19,3016,342,0,0.2654,0.04,0.103175163,7%
1345-GKDZZ,Male,0,0,1,6,Month-to-month,3,19.55,513,117.3,0,0.2654,0.035,0.137135825,8%
2014-MKGMH,Female,0,0,0,46,One year,2,101.1,3956,4650.6,0,0.2654,0.235,0.363928996,28%
5628-FCGYG,Male,0,0,0,21,Month-to-month,2,84.1,1246,1766.1,0,0.2654,0.285,0.61178102,52%
2560-WBWXF,Male,0,0,0,68,Two year,0,24.15,901,1642.2,0,0.2654,0,0.003708005,0%
0248-IPDFW,Female,0,0,0,1,Month-to-month,2,50.1,4225,50.1,0,0.2654,0.27,0.55150709,59%
7978-DKUQH,Female,0,1,0,25,Month-to-month,2,74.6,1338,1865,0,0.2654,0.13,0.446585747,40%
4335-UPJSI,Female,0,0,1,24,Two year,3,19.75,4211,474,0,0.2654,0.005,0.017941063,0%
0524-IAVZO,Female,0,1,0,30,Month-to-month,2,85,2271,2550,1,0.2654,0.52,0.581426459,62%
2737-YNGYW,Female,0,0,0,2,Month-to-month,2,80.55,1395,161.1,1,0.2654,0.965,0.632422051,82%
1784-EZDKJ,Male,0,1,0,51,One year,0,106.8,4557,5446.8,0,0.2654,0.215,0.292578518,44%
9297-FVVDH,Female,0,1,1,57,Two year,2,84.5,4086,4816.5,0,0.2654,0.01,0.02493131,3%
8007-YYPWD,Female,0,0,0,15,Two year,0,25.05,3180,375.75,0,0.2654,0.03,0.035276315,2%
7101-HRBLJ,Female,0,1,1,72,Two year,0,83.7,4980,6026.4,0,0.2654,0,0.009270409,0%
5159-YFPKQ,Female,0,0,0,2,Month-to-month,2,75.8,1056,151.6,1,0.2654,0.92,0.630888843,82%
6635-CPNUN,Male,0,1,0,28,Month-to-month,1,96.6,2335,2704.8,0,0.2654,0.16,0.434578963,21%
4021-RQSNY,Male,1,1,0,29,Month-to-month,2,98.5,2601,2856.5,1,0.2654,0.965,0.663818345,76%
5453-YBTWV,Male,0,1,1,70,Two year,1,101.1,5498,7077,0,0.2654,0.065,0.023877032,4%
5039-LZRQT,Female,0,0,0,13,One year,3,20.2,2375,262.6,0,0.2654,0.005,0.068450833,1%
2931-VUVJN,Female,1,1,0,59,One year,2,94.05,4550,5548.95,0,0.2654,0.035,0.091229894,8%
9061-TIHDA,Male,1,1,0,13,Month-to-month,2,95.25,428,1238.25,1,0.2654,0.715,0.746537511,72%
8699-ASUFO,Male,1,1,0,7,Month-to-month,3,74.4,4411,520.8,1,0.2654,0.465,0.730936305,74%
6418-PIQSP,Female,0,1,0,62,Two year,3,81,4217,5022,0,0.2654,0.01,0.014883514,1%
8220-OCUFY,Female,0,0,0,21,One year,2,60.25,470,1265.25,0,0.2654,0.055,0.068132105,6%
3995-WFCSM,Female,0,0,0,2,Month-to-month,2,60.85,210,121.7,0,0.2654,0.185,0.412636688,32%
1895-QTKDO,Female,0,0,0,1,Month-to-month,1,43.95,3661,43.95,0,0.2654,0.115,0.382023723,34%
2038-OEQZH,Male,0,0,0,4,Month-to-month,2,86.05,2672,344.2,0,0.2654,0.185,0.616501136,44%
1178-PZGAB,Female,0,0,0,19,One year,1,20.25,3279,384.75,0,0.2654,0.02,0.050163279,2%
7927-AUXBZ,Female,0,0,0,30,Month-to-month,2,85.15,2214,2554.5,1,0.2654,0.795,0.316946624,42%
2626-VEEWG,Male,0,1,1,67,Two year,1,19.4,517,1299.8,0,0.2654,0,0.00247119,0%
2878-RMWXY,Male,1,1,0,72,Two year,1,102.65,5802,7390.8,0,0.2654,0.04,0.069102214,1%
1657-DYMBM,Male,0,1,0,53,Two year,1,19.9,212,1054.7,0,0.2654,0.02,0.004129562,3%
7311-MQJCH,Female,0,0,0,5,One year,2,19.55,6510,97.75,0,0.2654,0.045,0.109552015,2%
7375-WMVMT,Male,1,1,0,71,Two year,1,95.5,5323,6780.5,0,0.2654,0.03,0.050764587,1%
1136-XGEQU,Female,0,1,1,50,One year,1,84.15,3560,4207.5,0,0.2654,0.05,0.076479965,10%
2530-FMFXO,Male,0,1,1,56,Two year,2,103.2,4825,5779.2,0,0.2654,0.105,0.104078491,16%
6844-DZKRF,Male,0,0,0,2,Month-to-month,1,50.2,174,100.4,0,0.2654,0.17,0.321483801,38%
4695-WJZUE,Female,1,0,0,2,Month-to-month,2,88.55,1325,177.1,1,0.2654,0.965,0.770189756,95%
7619-ODSGN,Male,0,1,1,24,Month-to-month,2,54.75,614,1314,1,0.2654,0.76,0.136648363,28%
5970-GHJAW,Male,0,1,1,46,Two year,1,19.95,6245,917.7,0,0.2654,0.005,0.006449875,0%
8879-XUAHX,Male,0,1,0,71,Two year,2,116.25,6232,8253.75,0,0.2654,0.02,0.065000108,8%
3689-MOZGR,Female,0,0,0,29,Month-to-month,2,31.2,6380,904.8,0,0.2654,0.1,0.292099853,18%
4195-PNGZS,Male,0,1,1,69,Two year,0,24.45,1222,1687.05,0,0.2654,0,0.002271372,0%
5003-XZWWO,Male,0,1,0,71,Two year,1,84.2,4880,5978.2,0,0.2654,0,0.01726496,1%
3988-RQIXO,Female,1,0,0,1,Month-to-month,2,91.3,6344,91.3,1,0.2654,0.95,0.815821596,90%
7622-FWGEW,Male,1,1,0,56,Two year,0,85.65,4076,4796.4,0,0.2654,0.03,0.020866071,1%
6922-NCEDI,Male,0,0,1,56,One year,3,21.2,437,1187.2,0,0.2654,0.015,0.010129251,3%
2514-GINMM,Male,0,0,0,1,Month-to-month,2,79.5,5968,79.5,1,0.2654,0.995,0.718607434,91%
9891-NQDBD,Female,0,1,0,28,One year,3,25.55,5329,715.4,0,0.2654,0.02,0.055656242,3%
6131-IUNXN,Female,0,1,1,19,Month-to-month,3,20.2,3271,383.8,0,0.2654,0,0.097942618,3%
8548-AWOFC,Male,0,1,0,66,Month-to-month,2,63.85,3635,4214.1,0,0.2654,0.115,0.068331402,12%
9798-DRYDS,Female,0,1,1,17,One year,3,61.95,140,1053.15,0,0.2654,0.045,0.140224634,8%
8532-UEFWH,Male,0,1,1,52,Two year,3,25.75,630,1339,0,0.2654,0.005,0.005779563,1%
6296-DDOOR,Female,0,0,0,19,One year,2,58.2,87,1105.8,0,0.2654,0.03,0.108208788,4%
7951-VRDVK,Female,0,0,0,36,One year,0,85.85,2600,3090.6,0,0.2654,0.145,0.047350121,14%
5931-FLJJF,Male,1,1,0,7,Month-to-month,3,70.1,3951,490.7,1,0.2654,0.765,0.673656477,50%
4815-YOSUK,Male,0,1,1,72,One year,1,104.9,5790,7552.8,0,0.2654,0.045,0.072099136,3%
2659-VXMWZ,Male,0,1,1,67,One year,2,111.3,5762,7457.1,1,0.2654,0.65,0.152182773,31%
0380-NEAVX,Male,1,0,0,34,One year,2,99.85,2901,3394.9,0,0.2654,0.095,0.339656414,20%
3207-OYBWH,Male,1,1,0,57,Month-to-month,0,95.25,4507,5429.25,1,0.2654,0.21,0.388094459,22%
4285-GYRQC,Female,0,1,0,7,Month-to-month,2,86.25,4821,603.75,1,0.2654,0.855,0.684784162,69%
7216-EWTRS,Female,1,1,0,1,Month-to-month,2,100.8,5,100.8,1,0.2654,0.85,0.805155714,94%
4365-MSDYN,Male,0,1,0,8,Month-to-month,0,19.55,1066,156.4,0,0.2654,0.07,0.180315147,10%
7036-TYDEC,Female,0,0,0,69,Two year,2,104,5532,7176,0,0.2654,0.205,0.071776428,8%
5802-ADBRC,Female,0,1,0,50,One year,3,104.4,4386,5220,0,0.2654,0.12,0.263112974,16%
8076-FEZKJ,Male,0,0,0,10,One year,3,19.5,1888,195,0,0.2654,0,0.07197159,2%
5197-YPYBZ,Female,0,1,1,12,Two year,1,25.25,2382,303,0,0.2654,0,0.035332114,1%
8337-MSSXB,Female,0,0,0,14,Month-to-month,2,86.3,338,1208.2,1,0.2654,0.825,0.567421456,64%
4312-GVYNH,Female,0,1,0,70,Two year,0,49.85,2926,3489.5,0,0.2654,0.02,0.011972197,1%
8495-LJDFO,Female,1,0,0,64,Month-to-month,0,108.95,5581,6972.8,0,0.2654,0.06,0.29507484,4%
0839-JTCUD,Female,0,1,1,66,Two year,1,89.9,4882,5933.4,0,0.2654,0,0.012384933,1%
5494-WOZRZ,Female,0,1,1,71,Two year,1,82,4909,5822,0,0.2654,0.005,0.012684209,1%
1302-UHBDD,Male,1,0,0,20,Month-to-month,2,89.95,1124,1799,0,0.2654,0.2,0.56661139,39%
2234-EOFPT,Male,0,1,0,72,Two year,0,79.35,4750,5713.2,0,0.2654,0.01,0.010223756,0%
8619-IJNDK,Female,0,1,1,71,Two year,1,64.05,3807,4547.55,0,0.2654,0.015,0.003167503,3%
8378-LKJAF,Male,0,1,1,38,Month-to-month,1,101.15,3381,3843.7,0,0.2654,0.235,0.540872145,36%
8182-BJDSI,Female,0,0,0,28,Month-to-month,2,89.95,2273,2518.6,1,0.2654,0.52,0.548616098,56%
2528-HFYZX,Male,1,1,0,17,Month-to-month,2,76.45,427,1299.65,1,0.2654,0.815,0.504361185,63%
1153-GNOLC,Male,0,0,0,33,One year,2,39.1,566,1290.3,0,0.2654,0.18,0.138831929,10%
3298-QEICA,Female,0,1,1,23,Two year,3,34.6,6078,795.8,0,0.2654,0.02,0.043296257,2%
0788-DXBFY,Male,0,1,1,58,One year,2,19.55,208,1133.9,0,0.2654,0.03,0.008458901,9%
3597-YASZG,Female,1,1,0,70,Two year,0,104.45,5694,7311.5,0,0.2654,0.04,0.091608458,3%
3496-LFSZU,Male,0,1,0,4,Month-to-month,2,70.5,2541,282,0,0.2654,0.58,0.557434971,57%
5242-UOWHD,Male,0,1,1,45,Two year,3,20.35,6387,915.75,0,0.2654,0.005,0.007580775,1%
2482-CZGBB,Male,0,0,0,10,Month-to-month,2,70,5726,700,1,0.2654,0.825,0.613783995,65%
6479-SZPLM,Male,0,1,1,36,Two year,1,19.45,5792,700.2,0,0.2654,0,0.009887135,0%
8097-VBQTZ,Male,0,0,0,54,Month-to-month,3,69.9,3322,3774.6,0,0.2654,0.07,0.057718287,3%
4500-HKANN,Male,0,1,1,23,Two year,3,59.7,759,1373.1,0,0.2654,0.03,0.033266904,1%
9917-KWRBE,Female,0,1,1,41,One year,1,78.35,2796,3212.35,0,0.2654,0.015,0.069371654,5%
3420-ZDBMA,Male,1,0,0,5,Month-to-month,3,71.45,3199,357.25,0,0.2654,0.225,0.680865647,33%
2212-LYASK,Male,0,1,1,27,One year,1,45.85,450,1237.95,0,0.2654,0.05,0.16657317,10%
1393-IMKZG,Female,0,0,0,1,Month-to-month,2,95.85,6447,95.85,0,0.2654,0.32,0.722311571,69%
8069-RHUXK,Female,0,1,1,67,Two year,1,35.7,2197,2391.9,0,0.2654,0.005,0.005259159,0%
3398-GCPMU,Female,1,1,1,72,Two year,1,89.55,5185,6447.6,0,0.2654,0,0.016856508,0%
2908-WGAXL,Female,0,1,1,56,Two year,1,24.95,863,1397.2,0,0.2654,0.035,0.006228419,2%
3378-AJRAO,Male,0,1,1,44,One year,2,24.85,32,1093.4,0,0.2654,0.035,0.016052357,3%
1013-QCWAM,Female,1,1,0,66,Month-to-month,2,100.8,5312,6652.8,0,0.2654,0.205,0.443298233,44%
0866-QLSIR,Female,0,0,0,34,One year,3,64.4,1716,2189.6,1,0.2654,0.63,0.053681596,18%
6050-FFXES,Female,0,1,0,69,Two year,0,105.35,5639,7269.15,0,0.2654,0.115,0.071361046,8%
7181-BQYBV,Female,0,1,1,1,Month-to-month,2,102.45,36,102.45,1,0.2654,0.84,0.630727349,91%
0362-RAOQO,Female,0,0,0,40,Two year,1,19.65,6134,786,0,0.2654,0.005,0.010175119,0%
9554-DFKIC,Male,0,1,1,30,Month-to-month,0,54.45,1040,1633.5,0,0.2654,0.1,0.138046769,12%
5527-ACHSO,Female,0,0,0,11,Month-to-month,3,70.5,6128,775.5,0,0.2654,0.38,0.379796014,33%
0829-DDVLK,Female,0,0,0,15,One year,1,20.1,2620,301.5,0,0.2654,0.005,0.057851278,4%
1399-UBQIU,Male,0,0,0,11,Month-to-month,2,69.35,5586,762.85,0,0.2654,0.365,0.502788302,28%
1813-JLKWR,Female,0,1,1,64,One year,0,19.8,609,1267.2,0,0.2654,0,0.004533673,2%
0336-PIKEI,Male,1,1,0,72,Two year,0,74.4,4472,5356.8,0,0.2654,0.005,0.005758517,1%
7322-OCWHC,Male,1,1,0,72,Two year,0,93.05,5340,6699.6,0,0.2654,0.02,0.026922956,0%
9537-VHDTA,Female,0,0,1,1,Month-to-month,3,51.2,4301,51.2,0,0.2654,0.105,0.279357118,30%
4957-TIALW,Female,0,0,1,15,One year,1,65.6,24,984,0,0.2654,0.03,0.041564214,4%
2054-PJOCK,Female,0,0,0,60,One year,1,80.55,4087,4833,0,0.2654,0.01,0.058635258,3%
9150-HEPMB,Male,0,0,0,56,One year,3,52.7,2618,2951.2,0,0.2654,0.03,0.019424134,2%
9030-QGZNL,Female,0,0,0,8,Two year,3,20.85,1069,166.8,0,0.2654,0,0.039129603,1%
6204-IEUXJ,Female,0,0,0,3,Month-to-month,1,80.1,1788,240.3,1,0.2654,0.87,0.447768092,63%
3126-WQMGH,Female,0,1,0,49,Month-to-month,1,52.15,2235,2555.35,0,0.2654,0.13,0.150568542,21%
4529-CKBCL,Female,0,0,0,2,Month-to-month,2,80.2,845,160.4,1,0.2654,0.97,0.671198966,79%
2506-CLAKW,Female,0,0,0,6,Month-to-month,0,98.15,4685,588.9,1,0.2654,0.47,0.428628223,56%
7176-WRTNX,Male,0,0,0,70,Two year,0,114.95,5874,8046.5,0,0.2654,0.185,0.055283125,17%
1583-IHQZE,Male,0,0,0,12,Month-to-month,3,112.95,694,1355.4,1,0.2654,0.82,0.619316806,69%
5732-IKGQH,Male,1,1,0,52,One year,0,104.45,4549,5431.4,0,0.2654,0.33,0.15193566,35%
9239-GZHZE,Female,0,1,0,72,Two year,1,113.65,6073,8182.8,0,0.2654,0,0.057102634,1%
7205-BAIAD,Female,0,0,0,40,Two year,0,20.6,6119,824,0,0.2654,0.005,0.013780605,1%
0151-ONTOV,Female,0,0,0,1,Month-to-month,3,70.9,5519,70.9,1,0.2654,0.955,0.634591587,75%
4140-MUHUG,Female,1,0,0,3,Month-to-month,2,86.85,1830,260.55,1,0.2654,0.845,0.710557581,75%
0093-EXYQL,Female,1,0,0,40,Month-to-month,2,91.55,3168,3662,0,0.2654,0.165,0.549454732,35%
8064-RAVOH,Male,0,0,1,1,Month-to-month,2,49.85,4146,49.85,0,0.2654,0.81,0.4192287,71%
0219-QAERP,Male,0,1,0,30,One year,1,19.8,4753,594,0,0.2654,0.01,0.031965017,2%
0320-JDNQG,Male,0,1,1,23,Month-to-month,2,99.85,1967,2296.55,1,0.2654,0.755,0.367270638,63%
7180-PISOG,Male,0,1,1,1,Month-to-month,2,74.5,5721,74.5,1,0.2654,0.9,0.705810184,91%
9168-INPSZ,Female,1,1,0,44,Month-to-month,2,104.15,3809,4582.6,0,0.2654,0.44,0.44029776,64%
3571-RFHAR,Male,0,0,0,65,Month-to-month,2,109.15,5472,7094.75,1,0.2654,0.685,0.323245347,51%
0015-UOCOJ,Female,1,0,0,7,Month-to-month,2,48.2,2946,337.4,0,0.2654,0.105,0.331680712,21%
5334-AFQJB,Male,1,0,0,72,Two year,1,25.1,1324,1807.2,0,0.2654,0,0.0040482,0%
2754-SDJRD,Female,1,0,0,8,Month-to-month,1,100.15,6340,801.2,0,0.2654,0.235,0.754668989,66%
9578-VRMNM,Female,0,0,0,16,Month-to-month,1,65.2,84,1043.2,1,0.2654,0.745,0.417208578,37%
1587-FKLZB,Male,1,1,1,66,Month-to-month,1,99.5,5391,6567,1,0.2654,0.8,0.404379984,68%
6140-QNRQQ,Male,0,0,0,1,Month-to-month,3,71.55,5570,71.55,1,0.2654,0.485,0.700345214,64%
8963-JLGJT,Male,0,0,1,3,Month-to-month,3,55.9,1019,167.7,0,0.2654,0.48,0.218426533,45%
4307-KTUMW,Male,0,1,0,53,Month-to-month,2,93.9,4258,4976.7,1,0.2654,0.7,0.256302205,42%
1465-LNTLJ,Male,1,1,0,8,Month-to-month,1,64.4,4788,515.2,0,0.2654,0.14,0.423243206,16%
5440-FLBQG,Male,1,1,0,69,Two year,0,108.4,5676,7479.6,1,0.2654,0.23,0.090382727,31%
2135-DQWAQ,Female,0,0,0,5,Month-to-month,3,85.3,3592,426.5,0,0.2654,0.195,0.648355201,52%
4056-QHXHZ,Female,0,1,1,72,Two year,3,107.45,5813,7736.4,0,0.2654,0.06,0.040505624,1%
7470-MCQTK,Female,0,1,0,13,Month-to-month,0,48.75,5114,633.75,1,0.2654,0.74,0.612880601,60%
7488-MXJIV,Female,0,0,0,4,Month-to-month,2,85.65,2791,342.6,1,0.2654,0.905,0.735211757,80%
7401-JIXNM,Female,0,1,1,54,Two year,1,91.3,4201,4930.2,0,0.2654,0.005,0.017859514,1%
9339-FIIJL,Male,0,1,0,72,Two year,0,85.95,5019,6188.4,0,0.2654,0,0.017236909,0%
2027-FECZV,Male,0,0,0,12,Month-to-month,2,106.7,465,1280.4,1,0.2654,0.96,0.678075476,84%
2672-DZUOY,Male,0,0,0,1,Month-to-month,2,25.15,2150,25.15,1,0.2654,0.875,0.606878261,70%
4706-DGAHW,Male,1,0,0,1,Month-to-month,2,45.2,3814,45.2,0,0.2654,0.305,0.431000401,64%
3870-MQAMG,Female,0,1,0,54,One year,2,110.35,4833,5958.9,1,0.2654,0.68,0.185607602,36%
6670-MFRPK,Male,0,1,1,69,Two year,1,79.2,4504,5464.8,0,0.2654,0.055,0.046498662,8%
6177-PEVRA,Female,0,0,0,48,Two year,1,55.5,2276,2664,0,0.2654,0.025,0.010799307,2%
4800-CZMPC,Female,0,1,1,48,One year,1,103.25,4267,4956,1,0.2654,0.695,0.188971511,36%
4813-HQMGZ,Female,0,1,0,8,Month-to-month,2,90.25,5743,722,0,0.2654,0.61,0.696370754,74%
7579-KKLOE,Male,0,1,1,71,Two year,3,91.25,5257,6478.75,0,0.2654,0.005,0.016637869,0%
7377-DMMRI,Male,0,0,0,2,Month-to-month,2,47.8,6368,95.6,1,0.2654,0.615,0.365598129,54%
8402-EIVQS,Male,0,1,0,67,One year,1,100.9,5339,6760.3,0,0.2654,0.04,0.118242357,12%
4947-DSMXK,Male,0,1,1,34,Month-to-month,0,97.7,2955,3321.8,0,0.2654,0.065,0.484353209,23%
7245-NIIWQ,Female,0,0,0,3,Month-to-month,2,69.85,1596,209.55,0,0.2654,0.35,0.632419192,58%
0002-ORFBO,Female,0,1,1,9,One year,3,65.6,4863,590.4,0,0.2654,0.095,0.172368833,9%
3324-OIRTO,Male,0,1,1,71,One year,0,104.65,5657,7430.15,0,0.2654,0.05,0.088748121,4%
5414-OFQCB,Male,0,0,0,57,Two year,1,90.45,4380,5155.65,0,0.2654,0.015,0.078009525,3%
4967-WPNCF,Male,0,0,0,72,Two year,0,63.7,3791,4586.4,0,0.2654,0.01,0.01284421,1%
8552-OBVRU,Female,1,1,1,48,Month-to-month,2,104.5,4286,5016,0,0.2654,0.125,0.291121833,25%
8499-BRXTD,Male,0,0,0,18,One year,3,20.1,3425,361.8,0,0.2654,0.005,0.055167222,1%
9154-QDGTH,Male,0,1,1,43,One year,1,104.3,3779,4484.9,0,0.2654,0.105,0.250120387,29%
8197-BFWVU,Female,0,1,1,72,Two year,0,93.25,5307,6714,0,0.2654,0,0.015922552,0%
2577-GVSIL,Male,0,1,1,35,One year,0,73.45,2317,2570.75,0,0.2654,0.06,0.113882894,14%
9367-OIUXP,Male,0,0,0,4,Month-to-month,3,20.7,5663,82.8,0,0.2654,0.175,0.216692704,14%
6770-UAYGJ,Female,0,1,1,49,Two year,3,25.25,386,1237.25,0,0.2654,0.005,0.006722425,1%
6463-HHXJR,Female,0,1,1,71,Two year,0,100.5,5534,7135.5,0,0.2654,0.025,0.030376318,1%
7928-VJYAB,Male,0,1,1,11,Month-to-month,2,90.6,39,996.6,0,0.2654,0.17,0.545832684,36%
1187-WILMM,Male,0,1,1,63,Two year,1,89.4,4631,5632.2,0,0.2654,0,0.017266479,0%
9776-OJUZI,Female,1,0,0,65,Month-to-month,0,95.45,5053,6204.25,0,0.2654,0.12,0.320525278,15%
1306-RPWXZ,Female,0,0,1,49,Two year,1,20.45,52,1002.05,0,0.2654,0.005,0.004269809,1%
8949-JTMAY,Female,0,0,0,29,Month-to-month,1,98.6,2535,2859.4,1,0.2654,0.485,0.618202825,63%
2774-LVQUS,Female,1,1,0,15,Month-to-month,2,83.05,469,1245.75,1,0.2654,0.78,0.533480362,68%
3097-PYWXL,Female,0,1,1,4,Month-to-month,2,19.95,6103,79.8,0,0.2654,0.045,0.248377416,6%
2266-SJNAT,Female,0,1,0,72,One year,1,109.15,5903,7858.8,0,0.2654,0.14,0.123039047,9%
0869-PAPRP,Female,1,1,0,26,Month-to-month,1,85.7,1691,2228.2,0,0.2654,0.11,0.535671841,25%
4238-JSSWH,Female,1,1,0,35,Month-to-month,0,102.05,2988,3571.75,0,0.2654,0.22,0.566942145,33%
2972-YDYUW,Female,0,0,0,57,One year,2,94.7,4541,5397.9,0,0.2654,0.105,0.124100619,17%
1104-FEJAM,Male,0,1,1,28,Month-to-month,2,64.4,1351,1803.2,0,0.2654,0.05,0.205351538,9%
2809-ILCYT,Female,0,1,0,25,One year,3,26.8,5684,670,0,0.2654,0.03,0.089735648,5%
5499-ECUTN,Female,0,1,0,47,One year,1,66.05,2624,3104.35,0,0.2654,0.04,0.053309728,10%
4981-FLTMF,Female,0,1,1,57,Month-to-month,0,65.2,3177,3716.4,0,0.2654,0.06,0.031224578,4%
9121-PHQSR,Male,1,1,0,16,Month-to-month,1,85.05,715,1360.8,0,0.2654,0.25,0.654262636,57%
3113-IWHLC,Male,0,0,0,5,Month-to-month,3,55.8,2381,279,0,0.2654,0.08,0.3139173,12%
3211-ILJTT,Male,0,1,0,17,Month-to-month,0,70.4,390,1196.8,1,0.2654,0.795,0.476076115,39%
4612-THJBS,Female,1,0,0,56,One year,0,104.75,4578,5866,1,0.2654,0.365,0.288190789,32%
4277-BWBML,Male,0,1,1,72,Two year,0,19.95,588,1436.4,0,0.2654,0.01,0.001382439,0%
4094-NSEDU,Female,1,0,0,21,Month-to-month,2,94.25,1578,1979.25,1,0.2654,0.725,0.710427301,62%
0234-TEVTT,Female,0,1,1,48,One year,1,45,1817,2160,0,0.2654,0.015,0.048786307,8%
4304-TSPVK,Female,0,1,0,68,Two year,0,114.9,5931,7813.2,0,0.2654,0.03,0.04566273,4%
1552-AAGRX,Female,0,0,0,30,Month-to-month,0,106.4,2797,3192,0,0.2654,0.145,0.35976234,30%
2637-FKFSY,Female,0,1,0,3,Month-to-month,3,46.1,547,138.3,0,0.2654,0.26,0.446240548,35%
9796-MVYXX,Female,1,0,0,14,Two year,3,39.7,5463,555.8,0,0.2654,0.095,0.080020017,5%
7874-ECPQJ,Female,0,0,1,4,Month-to-month,0,20.05,6211,80.2,0,0.2654,0.04,0.226917687,7%
0020-INWCK,Female,0,1,1,71,Two year,1,95.75,5408,6798.25,0,0.2654,0.065,0.069825654,5%
7089-RKVSZ,Male,0,1,1,8,One year,3,24.4,1662,195.2,0,0.2654,0.005,0.086668855,3%
2683-JXWQQ,Male,0,1,1,61,Month-to-month,0,33.6,1744,2049.6,0,0.2654,0.185,0.035501273,5%
9548-ZMVTX,Male,0,1,1,72,Two year,0,90.45,5244,6512.4,0,0.2654,0.03,0.022159806,1%
8739-XNIKG,Female,0,0,0,5,Month-to-month,2,84,3619,420,0,0.2654,0.3,0.729582248,82%
9755-JHNMN,Female,0,0,0,49,Two year,0,67.4,2871,3302.6,0,0.2654,0.075,0.008244301,1%
3981-QSVQI,Male,0,0,0,8,Month-to-month,0,19.7,1173,157.6,0,0.2654,0.025,0.177114304,11%
2789-HQBOU,Male,0,0,0,3,Month-to-month,2,80.35,2183,241.05,0,0.2654,0.255,0.695241844,52%
9424-CMPOG,Male,0,1,1,9,Two year,3,19.6,1572,176.4,0,0.2654,0.005,0.030854794,1%
5067-WJEUN,Male,0,1,1,67,Two year,0,54.2,3284,3631.4,0,0.2654,0.03,0.005717442,1%
3450-WXOAT,Male,0,0,0,46,Month-to-month,1,45.2,1688,2079.2,0,0.2654,0.085,0.109215391,8%
9251-WNSOD,Female,0,1,0,67,One year,3,75.1,4283,5031.7,0,0.2654,0.105,0.031535565,7%
6974-DAFLI,Female,0,1,0,55,One year,2,19.7,272,1083.5,0,0.2654,0,0.008879749,8%
2616-UUTFK,Male,0,1,0,33,Month-to-month,0,72.75,2097,2400.75,0,0.2654,0.05,0.15710712,12%
7064-JHXCE,Male,0,1,1,62,Two year,1,20.05,482,1243.1,0,0.2654,0,0.002311252,0%
5103-MHMHY,Female,0,0,1,1,Month-to-month,3,45.95,3826,45.95,1,0.2654,0.895,0.374846244,59%
7989-AWGEH,Male,0,1,1,49,Month-to-month,2,39.2,1393,1920.8,0,0.2654,0.02,0.121515139,10%
4373-VVHQL,Male,0,0,0,1,Month-to-month,2,44.75,3747,44.75,0,0.2654,0.14,0.467258676,60%
4559-UWIHT,Male,0,1,0,14,Month-to-month,2,82.65,345,1157.1,0,0.2654,0.245,0.526318894,60%
7268-IGMFD,Male,1,0,0,18,Month-to-month,0,93.9,1264,1690.2,0,0.2654,0.105,0.452941837,13%
1846-XWOQN,Female,1,0,0,1,Month-to-month,2,70.15,5504,70.15,1,0.2654,0.82,0.726327049,78%
0235-KGSLC,Female,0,0,0,1,Month-to-month,1,85.55,6212,85.55,1,0.2654,0.945,0.717732848,94%
6650-BWFRT,Female,0,1,0,72,Two year,1,117.15,6219,8434.8,0,0.2654,0.005,0.065591445,2%
9570-KYEUA,Male,0,0,0,64,Two year,1,99.25,5234,6352,0,0.2654,0.055,0.037941335,2%
6993-YGFJV,Male,0,1,0,69,Two year,0,112.55,5922,7765.95,0,0.2654,0.085,0.053332348,11%
2712-SYWAY,Female,0,0,0,1,Month-to-month,2,25.7,2156,25.7,0,0.2654,0.075,0.324188907,30%
0730-BGQGF,Male,0,1,1,71,Two year,1,90.3,5080,6411.3,0,0.2654,0,0.010496505,0%
5498-IBWPI,Female,0,1,1,66,One year,1,49.4,2831,3260.4,0,0.2654,0.035,0.017167457,4%
9101-NTIXF,Male,0,0,0,2,Month-to-month,3,19.4,4231,38.8,0,0.2654,0.005,0.215502058,4%
0013-SMEOE,Female,1,1,0,71,Two year,0,109.7,5979,7788.7,0,0.2654,0.01,0.04862132,2%
9314-QDMDW,Male,0,0,0,11,One year,2,61.25,5658,673.75,0,0.2654,0.11,0.235306165,9%
9308-ANMVE,Male,0,0,1,47,Month-to-month,2,55.3,2302,2599.1,0,0.2654,0.09,0.058114115,14%
2884-GBPFB,Female,0,1,0,35,Month-to-month,2,70.3,2060,2460.5,1,0.2654,0.805,0.37860873,54%
3757-NJYBX,Male,1,1,0,32,Month-to-month,0,106.35,3052,3403.2,1,0.2654,0.76,0.531957321,43%
3413-DHLPB,Male,0,1,1,60,Month-to-month,0,103.75,4891,6225,0,0.2654,0.1,0.281402665,13%
7649-PHJVR,Male,0,0,0,11,One year,3,19.5,1897,214.5,0,0.2654,0.005,0.068925095,2%
6114-TCFID,Female,0,0,0,29,One year,1,39.5,164,1145.5,0,0.2654,0.02,0.048207246,3%
3787-TRIAL,Male,0,1,1,21,Month-to-month,2,26.05,4677,547.05,0,0.2654,0.1,0.383091819,22%
2573-GYRUU,Male,1,1,0,48,Month-to-month,1,91.05,3712,4370.4,0,0.2654,0.22,0.493374503,33%
5156-UMKOW,Female,0,0,1,3,Month-to-month,3,29.65,6321,88.95,0,0.2654,0.08,0.483024295,18%
1247-QBVSH,Female,0,1,1,43,Month-to-month,3,50.2,1782,2158.6,0,0.2654,0.06,0.079459256,14%
6734-GMPVK,Male,0,0,0,5,Month-to-month,2,105.3,4570,526.5,0,0.2654,0.61,0.68306894,68%
9822-OAOVB,Female,0,0,0,1,Month-to-month,2,55.45,4564,55.45,0,0.2654,0.22,0.56260918,53%
6161-ERDGD,Male,0,1,1,71,One year,2,85.45,5095,6066.95,0,0.2654,0.105,0.026439787,7%
1226-JZNKR,Female,0,1,1,8,One year,2,19.8,1055,158.4,0,0.2654,0.045,0.066118301,5%
7318-EIVKO,Male,0,0,0,8,Month-to-month,2,59.25,3703,474,0,0.2654,0.085,0.504905209,28%
3771-PZOBW,Male,0,0,0,20,Month-to-month,1,90.7,1312,1814,0,0.2654,0.16,0.587196554,29%
5136-KCKGI,Female,0,1,1,33,One year,3,103.7,3000,3422.1,1,0.2654,0.8,0.298084972,50%
8231-BSWXX,Male,0,0,0,71,One year,1,79.05,4606,5612.55,0,0.2654,0.025,0.089403388,4%
6486-LHTMA,Female,1,1,0,31,One year,2,90.7,2448,2811.7,0,0.2654,0.095,0.400730982,16%
4083-BFNYK,Female,1,1,0,38,One year,1,95,3110,3610,0,0.2654,0.1,0.193058908,13%
3722-WPXTK,Male,0,0,0,1,Month-to-month,2,88.35,6282,88.35,1,0.2654,0.95,0.770083474,88%
7389-KBFIT,Female,0,1,1,2,Month-to-month,3,30.25,5092,60.5,0,0.2654,0.21,0.570807786,47%
7176-WIONM,Female,0,1,0,12,Month-to-month,0,49.85,5028,598.2,0,0.2654,0.55,0.627803244,53%
5141-ZUVBH,Female,0,0,1,9,Month-to-month,0,93,6269,837,0,0.2654,0.205,0.351309976,24%
1089-HDMKP,Male,1,0,1,11,Month-to-month,2,54.55,4920,600.05,0,0.2654,0.07,0.262200141,14%
7623-HKYRK,Male,0,0,1,6,Month-to-month,3,19.7,211,118.2,0,0.2654,0.05,0.13580094,14%
0310-SUCIN,Female,0,1,0,71,One year,0,84.8,4943,6020.8,0,0.2654,0.025,0.025492855,1%
5197-PYEPU,Female,0,1,1,42,One year,1,94.45,3359,3966.9,0,0.2654,0.1,0.156138711,6%
2929-ERCFZ,Female,0,1,1,8,Month-to-month,2,94.2,5898,753.6,1,0.2654,0.41,0.704387699,53%
7548-SEPYI,Female,0,0,0,5,Month-to-month,2,96.25,4310,481.25,1,0.2654,0.73,0.713723325,73%
8835-VSDSE,Female,0,1,0,2,Month-to-month,2,70.7,746,141.4,1,0.2654,0.52,0.642304167,64%
6619-RPLQZ,Female,0,1,1,45,Two year,3,20.85,6308,938.25,0,0.2654,0.005,0.008028843,1%
3275-RHRNE,Male,0,1,1,28,One year,1,60,1176,1680,0,0.2654,0.045,0.149413433,5%
3503-TYDAY,Female,0,1,0,43,Month-to-month,2,80.45,2940,3459.35,0,0.2654,0.105,0.293423198,30%
6901-GOGZG,Male,0,0,1,60,Two year,2,84.95,4216,5097,0,0.2654,0.005,0.0216293,1%
1623-NLDOT,Female,0,1,0,42,One year,3,33.55,827,1409.1,1,0.2654,0.065,0.048023984,6%
7021-XSNYE,Male,0,1,1,7,Two year,1,49.65,2651,347.55,0,0.2654,0.035,0.07977779,2%
9621-OUPYD,Female,0,1,0,25,One year,0,20.2,4289,505,0,0.2654,0,0.053886216,2%
9898-KZQDZ,Female,1,1,1,40,Month-to-month,1,94.55,3144,3782,1,0.2654,0.245,0.56119269,32%
8982-NHAVY,Male,0,0,0,27,One year,0,100.5,2326,2713.5,0,0.2654,0.1,0.428816359,16%
4307-KWMXE,Male,0,0,0,10,Month-to-month,2,35.75,3332,357.5,0,0.2654,0.035,0.317715693,11%
0141-YEAYS,Female,1,0,0,27,Month-to-month,0,86.45,2047,2334.15,0,0.2654,0.2,0.493777088,42%
2450-ZKEED,Female,0,0,0,11,One year,0,53.8,5213,591.8,0,0.2654,0.115,0.117517714,10%
3694-DELSO,Male,0,1,1,4,Month-to-month,1,38.55,1004,154.2,0,0.2654,0.13,0.352365286,28%
3893-JRNFS,Male,0,0,0,68,Month-to-month,0,39.9,2422,2713.2,0,0.2654,0.11,0.098043842,15%
9603-OAIHC,Male,1,0,0,1,Month-to-month,2,70.05,5502,70.05,0,0.2654,0.337,0.716804037,75%
1133-KXCGE,Female,0,0,0,18,One year,3,20.1,3479,361.8,0,0.2654,0.005,0.057707401,1%
5236-PERKL,Female,0,0,0,57,Two year,0,112.95,5193,6438.15,1,0.2654,0.775,0.107195189,54%
0142-GVYSN,Male,0,0,0,26,Month-to-month,2,20.3,4306,527.8,0,0.2654,0,0.107808712,4%
1049-FYSYG,Female,0,1,0,17,Month-to-month,1,35.65,5189,606.05,0,0.2654,0.175,0.426029429,36%
7854-FOKSF,Male,0,0,0,1,Month-to-month,2,35.9,3036,35.9,1,0.2654,0.91,0.611068164,81%
2519-FAKOD,Male,0,0,1,38,Month-to-month,0,99.25,3241,3771.5,1,0.2654,0.755,0.504546787,50%
8406-LNMHF,Male,1,1,0,59,One year,1,82.95,4153,4894.05,0,0.2654,0.035,0.07630874,2%
1821-BUCWY,Male,0,0,0,30,Two year,3,55.65,1136,1669.5,0,0.2654,0.015,0.033914713,1%
8263-JQAIK,Male,1,0,0,2,Month-to-month,3,24.45,3978,48.9,1,0.2654,0.91,0.662682877,80%
0023-UYUPN,Female,1,1,0,50,One year,2,25.2,562,1260,0,0.2654,0.03,0.018664921,5%
8314-DPQHL,Male,0,0,0,9,One year,3,50.8,3928,457.2,0,0.2654,0.08,0.195675833,12%
1465-WCZVT,Female,0,1,1,3,Month-to-month,3,19.65,4913,58.95,0,0.2654,0.045,0.19731372,29%
9481-SFCQY,Female,0,0,1,14,Month-to-month,1,59.8,6108,837.2,0,0.2654,0.065,0.36556864,13%
6360-SVNWV,Female,1,0,0,31,Month-to-month,1,73.55,1724,2280.05,0,0.2654,0.46,0.316738053,46%
0567-GGCAC,Female,0,0,0,7,Month-to-month,2,61.4,3722,429.8,0,0.2654,0.05,0.215221522,8%
7089-IVVAZ,Female,0,0,0,8,Month-to-month,0,103.35,6198,826.8,1,0.2654,0.88,0.599600277,82%
8884-MRNSU,Male,0,1,1,17,One year,0,19.9,2856,338.3,0,0.2654,0.02,0.042332769,6%
2171-UDMFD,Male,0,1,1,32,Month-to-month,1,19.45,5341,622.4,0,0.2654,0.065,0.071431329,7%
9050-IKDZA,Female,1,0,0,2,Month-to-month,3,81.5,1087,163,0,0.2654,0.295,0.655406221,63%
2205-YMZZJ,Male,1,0,0,7,Month-to-month,2,84.8,4536,593.6,1,0.2654,0.89,0.752980765,79%
9802-CAQUT,Female,0,1,1,72,Two year,1,109.55,5956,7887.6,0,0.2654,0,0.047293542,1%
1254-IZEYF,Female,1,0,0,31,Month-to-month,2,99.95,2769,3098.45,1,0.2654,0.85,0.630076402,66%
0187-WZNAB,Female,0,1,1,27,Month-to-month,3,74.4,1577,2008.8,0,0.2654,0.24,0.238760833,19%
9492-TOKRI,Female,0,0,0,18,Month-to-month,1,90,950,1620,1,0.2654,0.435,0.564800387,42%
1475-VWVDO,Male,0,0,0,7,Month-to-month,2,74.9,4149,524.3,0,0.2654,0.52,0.612190789,45%
9221-OTIVJ,Female,1,0,0,14,Month-to-month,2,104.85,960,1467.9,1,0.2654,0.91,0.706913836,85%
1357-MVDOZ,Male,0,1,1,11,Month-to-month,0,59.65,5395,656.15,0,0.2654,0.095,0.367919008,21%
7602-MVRMB,Female,0,1,1,72,Two year,0,110.45,6043,7952.4,0,0.2654,0.03,0.054598959,1%
3325-FUYCG,Male,0,1,1,28,One year,2,106.1,2461,2970.8,1,0.2654,0.73,0.221265592,45%
5908-QMGOE,Male,1,0,0,15,Month-to-month,1,74.2,263,1113,1,0.2654,0.835,0.59768967,66%
1197-BVMVG,Female,1,0,0,4,Month-to-month,2,74.45,2542,297.8,0,0.2654,0.81,0.726151198,86%
5406-KGRMX,Female,0,0,0,71,Two year,2,24.55,1225,1743.05,0,0.2654,0.005,0.002777543,0%
8481-YYXWG,Female,0,0,0,5,Month-to-month,2,89.35,3914,446.75,1,0.2654,0.835,0.578994486,68%
5968-HYJRZ,Male,0,1,1,47,Two year,3,24.55,302,1153.85,0,0.2654,0,0.006844706,1%
5198-EFNBM,Male,1,1,0,57,One year,2,90.65,4352,5167.05,0,0.2654,0.02,0.171124293,5%
7516-GMHUV,Male,1,1,0,50,Two year,1,105.05,4337,5252.5,0,0.2654,0.245,0.146654767,28%
7140-ADSMJ,Male,0,0,0,8,Month-to-month,1,20.45,1085,163.6,0,0.2654,0.025,0.186275707,7%
2230-XTUWL,Female,0,1,1,48,Two year,3,19.55,6287,938.4,0,0.2654,0,0.006679083,0%
7706-YLMQA,Female,0,0,0,70,One year,0,19.7,623,1379,0,0.2654,0.01,0.003959112,1%
2585-KTFRE,Male,0,0,1,1,Month-to-month,0,70.45,5510,70.45,0,0.2654,0.12,0.260084306,20%
7994-UYIVZ,Male,0,1,0,8,Month-to-month,0,85.65,5259,685.2,0,0.2654,0.345,0.736787963,73%
2609-IAICY,Female,0,0,0,1,Month-to-month,2,77.15,5865,77.15,1,0.2654,0.965,0.756900055,93%
1740-CSDJP,Male,0,0,0,1,Month-to-month,0,35.25,3031,35.25,1,0.2654,0.78,0.6606586,88%
7717-BICXI,Male,0,1,1,60,Two year,3,20.55,375,1233,0,0.2654,0,0.002828326,0%
6559-RAKOZ,Male,0,1,1,49,One year,2,97.95,4169,4799.55,0,0.2654,0.095,0.221730444,23%
2636-OHFMN,Male,0,1,0,4,Month-to-month,2,48.55,1635,194.2,1,0.2654,0.835,0.630026427,71%
4716-MRVEN,Female,0,0,0,29,One year,3,20,4906,580,0,0.2654,0,0.037668674,1%
2143-LJULT,Female,0,1,0,67,Two year,1,25.25,1242,1691.75,0,0.2654,0,0.004657489,0%
1323-OOEPC,Female,0,1,0,53,Month-to-month,1,98.4,4327,5215.2,1,0.2654,0.4,0.444242901,48%
3200-MNQTF,Male,0,1,0,67,Two year,1,70.9,3959,4750.3,0,0.2654,0,0.006360841,3%
6164-HXUGH,Female,0,1,1,6,Month-to-month,3,19.85,352,119.1,0,0.2654,0.115,0.146253166,19%
5630-IXDXV,Female,0,0,0,47,Month-to-month,2,106.35,4089,4998.45,0,0.2654,0.265,0.516447066,49%
0320-DWVTU,Female,0,0,0,53,Two year,3,99.5,4505,5273.5,0,0.2654,0.055,0.036364167,2%
9135-MGVPY,Male,0,1,0,69,Two year,3,84.7,4826,5844.3,0,0.2654,0.005,0.013802633,1%
1212-GLHMD,Male,0,0,0,3,Month-to-month,3,86.05,2091,258.15,0,0.2654,0.285,0.603792875,16%
7878-JGDKK,Male,0,0,0,4,Month-to-month,3,44.55,1828,178.2,0,0.2654,0.145,0.347545585,42%
1088-AUUZZ,Male,0,1,1,56,Two year,1,75.85,3630,4247.6,0,0.2654,0.005,0.015374406,1%
0397-GZBBC,Male,1,1,0,59,Month-to-month,0,93.85,4618,5537.15,1,0.2654,0.68,0.459773889,47%
6614-YWYSC,Male,1,1,0,61,Two year,0,25,910,1525,0,0.2654,0,0.004633107,0%
9588-OZDMQ,Female,0,1,0,2,Month-to-month,2,45,6303,90,0,0.2654,0.235,0.508934036,52%
7641-EUYET,Male,1,1,1,46,Month-to-month,2,100.7,3870,4632.2,1,0.2654,0.79,0.315882097,58%
6476-EPYZR,Male,0,1,1,12,Month-to-month,3,20.5,2205,246,0,0.2654,0.015,0.121025871,7%
9921-ZVRHG,Female,0,0,0,14,Month-to-month,2,80.45,143,1126.3,1,0.2654,0.83,0.589606039,65%
1174-FGIFN,Female,0,1,1,28,One year,2,90.45,2163,2532.6,0,0.2654,0.275,0.291928737,25%
6620-HVDUJ,Male,0,0,0,24,Month-to-month,0,60.45,814,1450.8,0,0.2654,0.015,0.072257378,8%
4701-MLJPN,Male,0,0,0,31,Month-to-month,2,55.25,1220,1712.75,1,0.2654,0.065,0.143180828,8%
1032-MAELW,Female,0,1,1,68,One year,2,78.45,4459,5334.6,0,0.2654,0.075,0.024224696,18%
7641-TQFHN,Male,0,0,1,39,Two year,3,100.55,3336,3921.45,0,0.2654,0.055,0.117037504,4%
1552-TKMXS,Female,0,1,0,42,Month-to-month,1,20.35,6266,854.7,0,0.2654,0.035,0.044783073,6%
9206-GVPEQ,Male,0,1,0,13,Month-to-month,2,54.45,5549,707.85,1,0.2654,0.71,0.443647181,46%
8622-ZLFKO,Female,0,1,0,6,Month-to-month,2,90.75,4309,544.5,0,0.2654,0.35,0.73035406,63%
1596-BBVTG,Male,0,0,0,35,Month-to-month,1,75.35,2284,2637.25,1,0.2654,0.725,0.347996718,28%
6188-UXBBR,Female,0,1,0,38,One year,1,20.25,6080,769.5,0,0.2654,0.005,0.034350155,1%
2333-KWEWW,Male,0,0,0,18,Two year,1,20.05,3319,360.9,0,0.2654,0,0.023701214,1%
5702-SKUOB,Female,0,1,0,4,Month-to-month,3,19.6,6392,78.4,0,0.2654,0.04,0.231658648,7%
1134-YWTYF,Male,0,1,0,27,Month-to-month,2,53.8,707,1452.6,0,0.2654,0.05,0.137985984,9%
6061-GWWAV,Male,0,0,1,41,One year,3,70.2,2497,2878.2,0,0.2654,0.02,0.03457971,5%
0679-TDGAK,Male,0,1,1,50,One year,2,75.5,3444,3775,0,0.2654,0.07,0.032739442,10%
6585-WCEWR,Male,0,1,1,72,Two year,2,20.35,642,1465.2,0,0.2654,0,0.00154935,0%
9067-YGSCA,Female,0,0,0,70,One year,1,26.05,1420,1823.5,0,0.2654,0.02,0.006427396,1%
9067-SQTNS,Male,0,1,1,44,One year,0,20.6,6379,906.4,0,0.2654,0,0.014958218,2%
8433-WXGNA,Male,0,0,0,2,Month-to-month,2,75.7,1468,151.4,1,0.2654,0.83,0.520287894,66%
1776-SPBWV,Female,0,1,1,34,One year,0,20.1,5389,683.4,0,0.2654,0,0.0318364,3%
8735-SDUFN,Female,1,1,0,72,Two year,0,24.3,1305,1749.6,0,0.2654,0,0.002914298,0%
9668-PUGNU,Male,0,1,0,71,Two year,2,24.5,1370,1739.5,0,0.2654,0,0.003804563,0%
9405-GPBBG,Female,0,0,0,64,Two year,1,110.5,5551,7072,0,0.2654,0.015,0.098633492,3%
1926-QUZNN,Female,0,1,0,72,Two year,0,25.25,1401,1818,0,0.2654,0,0.003567721,0%
3707-GNWHM,Male,0,0,0,1,Month-to-month,3,74.25,5716,74.25,1,0.2654,0.94,0.743743281,84%
7016-NVRIC,Male,1,1,0,29,One year,0,90.1,2306,2612.9,0,0.2654,0.055,0.191302212,6%
5829-NVSQN,Female,0,1,0,23,One year,0,68.75,1185,1581.25,0,0.2654,0.08,0.081281901,4%
9565-AXSMR,Male,0,1,1,52,Two year,3,19.2,104,998.4,0,0.2654,0.06,0.003863121,1%
8922-LIEGH,Female,1,0,0,25,Month-to-month,2,89.7,1803,2242.5,1,0.2654,0.91,0.603062586,77%
8869-LIHMK,Female,0,0,0,64,Two year,0,115.1,5687,7366.4,0,0.2654,0.035,0.065600222,3%
8245-UMPYT,Female,1,0,0,16,Month-to-month,2,96.4,1033,1542.4,1,0.2654,0.78,0.744557021,71%
5186-SAMNZ,Male,1,0,0,1,Month-to-month,0,69.5,5446,69.5,1,0.2654,0.9,0.693817154,87%
0447-RXSGD,Male,0,0,0,24,Month-to-month,0,99.65,2050,2391.6,0,0.2654,0.25,0.59224839,65%
4927-WWOOZ,Male,0,1,0,2,Month-to-month,2,91.45,1209,182.9,0,0.2654,0.82,0.725567866,84%
5788-YPOEG,Female,0,1,1,34,Two year,3,84.75,2452,2881.5,0,0.2654,0.025,0.022696061,2%
5373-SFODM,Male,1,1,0,36,Month-to-month,1,85.25,2725,3069,1,0.2654,0.525,0.561169196,46%
0661-KBKPA,Male,0,1,1,53,One year,3,78.75,3369,4173.75,0,0.2654,0.18,0.081271027,9%
9081-WWXKP,Female,0,1,1,47,Two year,1,20.25,6272,951.75,0,0.2654,0,0.006512342,0%
0784-ZQJZX,Male,0,0,1,72,Two year,1,19.9,954,1432.8,0,0.2654,0,0.001428806,0%
3133-PZNSR,Male,0,1,1,72,Two year,1,97.75,5494,7038,0,0.2654,0.01,0.029843206,1%
5766-ZJYBB,Male,0,0,0,1,Month-to-month,3,19.4,1482,19.4,1,0.2654,0.3275,0.200890038,31%
8931-GJJIQ,Female,0,0,0,9,Month-to-month,2,83.3,6033,749.7,1,0.2654,0.925,0.748166843,79%
4277-PVRAN,Female,0,0,0,8,Month-to-month,0,80.1,5370,640.8,1,0.2654,0.79,0.65634794,75%
0022-TCJCI,Male,1,0,0,45,One year,1,62.7,2420,2821.5,1,0.2654,0.61,0.045422957,19%
0722-SVSFK,Female,0,0,0,7,Month-to-month,2,100.4,5602,702.8,0,0.2654,0.215,0.669199106,63%
3612-YVGSJ,Female,0,1,0,71,Two year,1,24.45,1175,1735.95,0,0.2654,0,0.003750773,0%
9825-YCXWZ,Female,1,0,0,41,One year,0,101.1,3431,4145.1,0,0.2654,0.075,0.268022265,16%
5397-NSKQG,Male,0,1,1,67,Two year,1,50.9,2853,3410.3,0,0.2654,0.055,0.01483423,1%
8565-HBFNN,Male,0,1,0,69,One year,1,107.2,5675,7396.8,0,0.2654,0.125,0.098593865,24%
2000-DHJUY,Female,1,1,0,70,Two year,0,92.2,5199,6454,0,0.2654,0.01,0.022547421,1%
0203-HHYIJ,Male,0,0,0,25,One year,0,25.3,5352,632.5,1,0.2654,0.685,0.051183707,12%
8670-ERCJH,Male,0,0,0,72,Two year,0,113.4,6085,8164.8,0,0.2654,0.02,0.036903201,2%
7758-UJWYS,Male,0,1,1,34,Two year,2,40.55,590,1378.7,0,0.2654,0.01,0.051577538,1%
2050-ONYDQ,Female,0,1,1,65,Two year,1,26,1141,1690,0,0.2654,0,0.003160657,0%
7055-JCGNI,Female,0,0,0,70,Two year,1,111.95,5906,7836.5,0,0.2654,0.02,0.054014913,5%
0739-UUAJR,Female,0,1,1,72,Two year,1,53.8,3376,3873.6,0,0.2654,0.045,0.017456145,2%
4826-DXMUP,Male,0,0,1,35,One year,3,72.1,2140,2523.5,0,0.2654,0.38,0.105442415,22%
0952-KMEEH,Male,0,0,0,13,Month-to-month,3,98.15,421,1275.95,1,0.2654,0.865,0.525774701,68%
7285-KLOTR,Female,0,1,0,12,One year,2,78.85,6278,946.2,0,0.2654,0.095,0.230869143,13%
0654-PQKDW,Female,0,1,1,62,One year,0,70.75,3632,4386.5,0,0.2654,0.005,0.020132806,3%
7175-NTIXE,Female,0,0,0,25,Month-to-month,1,76.15,1601,1903.75,0,0.2654,0.02,0.200519376,7%
7963-SHNDT,Female,0,0,0,52,Two year,3,39.1,1589,2033.2,0,0.2654,0.005,0.010214945,0%
9796-BPKIW,Male,1,0,0,8,Month-to-month,1,69.95,4655,559.6,0,0.2654,0.205,0.644556045,23%
0188-GWFLE,Male,0,0,0,2,Month-to-month,3,20.05,2863,40.1,0,0.2654,0.01,0.206733432,11%
8129-GMVGI,Female,0,1,1,56,Two year,3,20.05,179,1122.8,0,0.2654,0.005,0.003466626,1%
2882-DDZPG,Female,0,0,0,12,Month-to-month,0,19.45,1906,233.4,0,0.2654,0.025,0.121998906,9%
3547-LQRIK,Female,0,1,0,47,One year,2,26.9,458,1264.3,0,0.2654,0.01,0.019120581,3%
9137-NOQKA,Male,1,0,0,2,Month-to-month,2,19.2,3189,38.4,0,0.2654,0.065,0.225992811,9%
5843-TTHGI,Female,0,0,0,18,Month-to-month,3,50,6310,900,0,0.2654,0.13,0.351078307,21%
1849-RJYIG,Female,0,0,0,8,Month-to-month,2,60,4113,480,0,0.2654,0.065,0.348989758,17%
8868-GAGIO,Male,0,1,0,45,Month-to-month,3,84.55,3202,3804.75,0,0.2654,0.06,0.292260321,14%
4061-UKJWL,Male,0,0,0,3,Month-to-month,3,45.45,750,136.35,0,0.2654,0.17,0.349449344,34%
5380-XPJNZ,Female,0,0,0,38,One year,3,20.05,5361,761.9,0,0.2654,0,0.025627377,1%
8263-QMNTJ,Male,0,1,0,72,Two year,2,115.55,6187,8319.6,0,0.2654,0,0.061828402,2%
8178-EYZUO,Male,0,0,0,46,Month-to-month,2,93.7,3551,4310.2,1,0.2654,0.7,0.316162306,36%
3230-JCNZS,Female,0,1,1,71,Two year,1,99,5550,7029,0,0.2654,0.01,0.041101371,1%
0277-ORXQS,Male,0,1,1,66,Two year,0,50.55,2919,3336.3,0,0.2654,0.01,0.016112712,1%
5130-IEKQT,Male,1,0,0,25,Month-to-month,3,105.95,2303,2648.75,1,0.2654,0.805,0.591671444,69%
3230-WYKIR,Male,0,0,0,18,One year,1,82,788,1476,1,0.2654,0.685,0.217572464,16%
7996-BPXHY,Female,0,1,1,13,Two year,0,25,2882,325,0,0.2654,0,0.044908729,2%
3227-WLKLI,Female,0,1,1,65,Two year,0,91.55,4886,5950.75,0,0.2654,0,0.012953208,1%
0407-BDJKB,Male,0,1,0,60,Month-to-month,2,95.75,4741,5745,1,0.2654,0.74,0.332255641,46%
2266-FUBDZ,Male,0,1,1,15,Two year,3,19.35,2409,290.25,0,0.2654,0,0.024268233,1%
8237-ULIXL,Female,0,1,0,72,Two year,1,24.85,1445,1789.2,0,0.2654,0,0.002669422,0%
9600-UDOPK,Male,0,1,0,30,Month-to-month,1,94.05,2472,2821.5,1,0.2654,0.345,0.611139029,45%
8216-AZUUZ,Female,0,1,1,42,Two year,2,100.4,3664,4216.8,0,0.2654,0.24,0.115437092,8%
9153-BTBVV,Female,0,1,0,71,Two year,0,25,1276,1775,0,0.2654,0,0.002657666,0%
4074-SJFFA,Female,0,0,0,1,Month-to-month,3,54.75,4491,54.75,1,0.2654,0.835,0.56955823,65%
3269-ATYWD,Male,1,0,0,39,Month-to-month,0,95.65,3228,3730.35,1,0.2654,0.395,0.591362378,38%
5186-PEIZU,Female,0,0,0,35,Month-to-month,0,19.25,5030,673.75,0,0.2654,0.045,0.051842074,4%
1074-AMIOH,Female,0,1,1,53,Month-to-month,0,108.25,4870,5737.25,0,0.2654,0.3,0.299534545,23%
4910-GMJOT,Female,0,0,0,1,Month-to-month,2,94.6,6424,94.6,1,0.2654,0.975,0.824980646,96%
0354-WYROK,Female,1,1,1,31,Month-to-month,2,98.9,2517,3065.9,1,0.2654,0.805,0.46880938,57%
4361-FEBGN,Male,0,0,0,48,Two year,1,20.15,6504,967.2,0,0.2654,0.01,0.006945095,0%
7748-UMTRK,Female,1,0,1,30,Month-to-month,2,101.3,2570,3039,0,0.2654,0.225,0.560837564,54%
0380-ZCSBI,Male,0,0,0,10,Month-to-month,1,20,1587,200,0,0.2654,0.01,0.132494944,8%
7145-FEJWU,Female,0,0,1,12,Month-to-month,2,105.3,506,1263.6,0,0.2654,0.64,0.640432986,66%
6463-MVYRY,Female,1,0,0,57,Two year,0,69.85,3419,3981.45,0,0.2654,0.01,0.010520765,2%
3969-JQABI,Female,0,1,0,58,Month-to-month,1,65.25,3251,3784.5,0,0.2654,0.085,0.066051471,9%
9624-EGDEQ,Female,0,0,0,37,Two year,3,19.8,6077,732.6,0,0.2654,0.005,0.012876056,0%
1051-EQPZR,Female,0,1,1,44,Month-to-month,3,19.6,5918,862.4,0,0.2654,0.03,0.036277874,2%
5849-ASHZJ,Male,0,0,1,27,One year,1,20.05,4586,541.35,0,0.2654,0,0.029858613,1%
5780-INQIK,Female,0,0,0,8,Month-to-month,2,49.4,3482,395.2,0,0.2654,0.08,0.255095642,19%
7576-OYWBN,Male,1,0,0,3,Month-to-month,2,76.05,1947,228.15,1,0.2654,0.975,0.725349643,83%
4526-ZJJTM,Female,1,1,0,25,Month-to-month,0,88.4,1810,2210,0,0.2654,0.145,0.423895515,23%
8384-FZBJK,Female,0,1,1,57,Month-to-month,2,100.6,4648,5734.2,0,0.2654,0.125,0.408634094,33%
3750-RNQKR,Female,0,0,0,12,Month-to-month,3,19.45,2107,233.4,0,0.2654,0.03,0.139366957,6%
0962-CQPWQ,Female,0,1,1,62,Two year,0,20.3,539,1258.6,0,0.2654,0,0.002333381,1%
3096-YXENJ,Female,0,1,0,65,Two year,0,107.65,5560,6997.25,0,0.2654,0.065,0.086038589,11%
1265-BCFEO,Female,0,1,0,71,Two year,0,80.45,4683,5711.95,0,0.2654,0.015,0.027401656,2%
5837-LXSDN,Female,0,1,1,21,One year,1,58.85,392,1235.85,0,0.2654,0.035,0.116855304,6%
5945-AZYHT,Male,0,1,0,71,One year,2,109.6,5938,7781.6,0,0.2654,0.09,0.155161406,18%
8325-QRPZR,Female,0,0,0,7,Month-to-month,2,75.15,4396,526.05,0,0.2654,0.22,0.627097709,43%
6384-VMJHP,Female,0,0,0,72,Two year,1,73,4406,5256,0,0.2654,0.01,0.007615429,1%
2262-SLNVK,Female,0,0,0,1,Month-to-month,2,70.1,5503,70.1,0,0.2654,0.37,0.619015104,80%
7730-CLDSV,Female,0,1,1,72,Two year,0,98.65,5589,7102.8,0,0.2654,0.025,0.046728851,1%
1135-HIORI,Female,0,1,1,64,One year,2,111.45,5650,7132.8,0,0.2654,0.025,0.182928035,5%
0164-APGRB,Female,0,0,0,72,Two year,2,114.9,6205,8272.8,0,0.2654,0,0.061199866,2%
6481-ESCNL,Female,0,0,0,29,Month-to-month,0,100.55,2485,2915.95,0,0.2654,0.08,0.541029741,25%
1790-NESIO,Female,0,0,0,13,Two year,3,20.4,2259,265.2,0,0.2654,0,0.044696676,0%
1550-EENBN,Female,0,0,0,31,Month-to-month,2,104.35,2786,3234.85,0,0.2654,0.17,0.400735928,18%
5539-TMZLF,Male,1,0,0,1,Month-to-month,2,69.75,5451,69.75,1,0.2654,0.99,0.714912483,87%
4323-SADQS,Male,0,1,1,7,Month-to-month,2,34.5,2415,241.5,1,0.2654,0.81,0.309295406,40%
4446-BZKHU,Male,0,1,0,61,Month-to-month,2,105.55,5077,6438.55,1,0.2654,0.375,0.428658832,49%
5202-IVJNU,Female,0,0,1,39,Month-to-month,1,30.1,257,1173.9,1,0.2654,0.66,0.131226431,31%
5976-JCJRH,Male,0,1,0,10,Month-to-month,2,70.3,5703,703,1,0.2654,0.92,0.622529564,60%
8198-RKSZG,Female,0,1,1,14,Month-to-month,1,80.45,266,1126.3,0,0.2654,0.125,0.262865837,14%
0137-OCGAB,Female,0,0,0,1,Month-to-month,3,80.2,6016,80.2,1,0.2654,0.75,0.721208419,86%
3351-NQLDI,Female,0,1,1,67,One year,1,94.35,5123,6321.45,1,0.2654,0.635,0.085988234,35%
9297-EONCV,Female,0,0,0,72,Two year,0,91.35,5314,6577.2,0,0.2654,0,0.017102443,0%
7593-JNWRU,Male,0,1,1,6,Month-to-month,0,44.6,2250,267.6,1,0.2654,0.665,0.341562519,50%
4588-YBNIB,Female,0,0,0,1,Month-to-month,3,19.6,1486,19.6,1,0.2654,0.208333333,0.267729939,38%
1069-QJOEE,Male,0,1,1,25,One year,2,19.9,4276,497.5,0,0.2654,0,0.03460918,1%
3336-JORSO,Female,1,0,0,33,Month-to-month,2,110.45,3160,3644.85,1,0.2654,0.735,0.547809011,50%
7799-DSEWS,Male,0,0,0,18,Month-to-month,2,68.35,545,1230.3,0,0.2654,0.055,0.165664515,6%
8766-PAFNE,Male,0,1,0,71,Two year,1,79.1,4612,5616.1,0,0.2654,0,0.016597311,1%
5315-CKEQK,Male,1,1,1,28,One year,2,51,691,1428,0,0.2654,0.125,0.140608336,6%
3130-ICDUP,Female,0,0,1,2,Month-to-month,1,80.55,1453,161.1,0,0.2654,0.465,0.458305256,50%
0820-FNRNX,Male,0,1,1,17,Month-to-month,3,66.7,148,1133.9,0,0.2654,0.09,0.219983219,12%
0880-FVFWF,Male,0,0,0,56,Month-to-month,2,86.4,4177,4838.4,0,0.2654,0.04,0.206364923,9%
4611-ANLQC,Female,0,1,0,60,One year,2,50.05,2518,3003,0,0.2654,0.055,0.034938854,6%
4213-HKBJO,Female,0,0,0,33,Two year,1,25.7,6117,848.1,0,0.2654,0.045,0.019512313,1%
2792-LSHWX,Female,0,0,0,1,Month-to-month,3,83.4,6132,83.4,0,0.2654,0.685,0.456690246,73%
5028-GZLDO,Male,0,0,0,2,Month-to-month,1,70.7,731,141.4,1,0.2654,0.86,0.534029571,55%
0014-BMAQU,Male,0,1,0,63,Two year,1,84.65,4478,5332.95,0,0.2654,0.01,0.034024498,2%
6861-XWTWQ,Male,1,1,0,7,Month-to-month,2,99.25,5289,694.75,1,0.2654,0.975,0.807791496,93%
9018-PCIOK,Female,0,0,0,55,Two year,3,64.75,3126,3561.25,0,0.2654,0.025,0.029141009,2%
4837-QUSFT,Female,0,1,0,65,One year,0,100.15,5288,6509.75,0,0.2654,0.04,0.085311452,10%
6877-TJMBR,Male,0,1,0,1,Month-to-month,2,84.8,6178,84.8,1,0.2654,0.9,0.650881437,87%
9953-ZMKSM,Male,0,0,0,63,Two year,3,25.25,1002,1590.75,0,0.2654,0,0.004072615,0%
0907-HQNTS,Female,1,1,0,70,Two year,1,113,6007,7910,0,0.2654,0,0.067804006,3%
7665-NKLAV,Female,0,1,1,36,Two year,1,40.65,983,1463.4,0,0.2654,0.005,0.018597127,1%
6769-DCQLI,Male,0,0,0,52,One year,0,105,4506,5460,1,0.2654,0.255,0.163990684,31%
2433-KMEAS,Male,0,0,0,22,Month-to-month,2,54.45,243,1197.9,1,0.2654,0.735,0.210798066,63%
4391-LNRXK,Male,0,0,0,22,Month-to-month,0,94.95,1762,2088.9,0,0.2654,0.055,0.394487746,10%
8250-ZNGGW,Female,1,0,0,5,Month-to-month,1,59.9,2478,299.5,0,0.2654,0.43,0.178672916,36%
2195-ZRVAX,Female,0,1,0,47,Month-to-month,2,85.3,3460,4009.1,1,0.2654,0.77,0.395287495,61%
3550-SAHFP,Female,0,0,0,33,Month-to-month,2,83.35,2396,2750.55,1,0.2654,0.895,0.540235142,71%
2011-TRQYE,Male,0,0,0,18,Month-to-month,1,33.5,4914,603,1,0.2654,0.68,0.380355981,38%
8562-GHPPI,Female,0,0,0,1,Month-to-month,1,19.8,1490,19.8,0,0.2654,0.005,0.194395532,19%
5893-PYOLZ,Male,0,0,0,56,Two year,1,81.8,3861,4580.8,0,0.2654,0.01,0.027441975,3%
4986-MXSFP,Female,0,0,0,2,Month-to-month,3,20,3416,40,0,0.2654,0.01625,0.279140328,9%
6131-FOYAS,Male,0,0,0,35,Month-to-month,2,59.6,1725,2086,0,0.2654,0.055,0.149773069,21%
3027-YNWZU,Female,0,1,0,64,Two year,1,25,1037,1600,0,0.2654,0,0.003786913,0%
5609-IMCGG,Female,0,0,0,15,Month-to-month,1,84.35,556,1265.25,0,0.2654,0.16,0.456708132,24%
4873-ILOLJ,Male,0,0,0,24,Month-to-month,2,90.35,1872,2168.4,1,0.2654,0.41,0.588554219,46%
4727-MCYZG,Male,0,0,0,1,Month-to-month,3,55.55,4565,55.55,0,0.2654,0.235,0.482990731,41%
9481-WHGWY,Female,0,1,1,70,Two year,1,75.35,4519,5274.5,0,0.2654,0.1,0.008324394,3%
2725-KXXWT,Male,0,1,0,1,Month-to-month,2,90.75,6326,90.75,1,0.2654,0.775,0.785153218,85%
9565-DJPIB,Female,0,0,1,4,Month-to-month,3,89.6,3155,358.4,1,0.2654,0.805,0.590394165,59%
4328-VUFWD,Female,0,0,0,39,One year,2,59.3,1840,2312.7,0,0.2654,0.125,0.058224017,16%
3301-LSLWQ,Female,0,0,0,29,Month-to-month,2,66.1,1514,1916.9,0,0.2654,0.05,0.253258028,17%
7473-ZBDSN,Female,0,1,1,14,Two year,3,18.8,2206,263.2,0,0.2654,0.015,0.025927465,1%
3166-PNEOF,Female,0,0,0,61,Two year,1,86.45,4342,5273.45,0,0.2654,0.005,0.019293543,1%
5639-NTUPK,Male,0,0,1,13,Month-to-month,1,52.1,5319,677.3,0,0.2654,0.05,0.238684212,15%
8780-YRMTT,Female,0,0,0,66,Two year,3,47.4,2759,3128.4,0,0.2654,0.005,0.009846546,0%
8348-HFYIV,Male,0,0,0,2,Month-to-month,2,49.25,6323,98.5,1,0.2654,0.825,0.72859613,87%
5140-FOMCQ,Female,0,1,0,59,One year,1,109.15,5240,6439.85,0,0.2654,0.33,0.18977577,28%
6242-SGYTS,Male,0,1,1,62,One year,1,94.95,4776,5886.9,0,0.2654,0.02,0.098572384,4%
8166-ORCHU,Male,1,1,0,33,One year,2,93.55,2655,3087.15,0,0.2654,0.045,0.16088994,20%
8414-OOEEL,Male,0,0,1,66,Two year,1,79.5,4351,5247,0,0.2654,0.015,0.015860986,3%
8454-AATJP,Female,0,0,0,72,Two year,1,115.05,6182,8283.6,0,0.2654,0.025,0.043185651,1%
6849-WLEYG,Male,0,0,1,1,Month-to-month,3,19.75,1489,19.75,1,0.2654,0.765541667,0.174827043,43%
4659-NZRUF,Female,0,0,0,19,Month-to-month,2,95.15,1322,1807.85,1,0.2654,0.645,0.494208722,54%
4531-AUZNK,Female,0,1,1,51,One year,3,95.15,4238,4852.65,0,0.2654,0.11,0.124939206,8%
4191-XOVOM,Male,0,0,0,63,Month-to-month,2,105.4,5325,6640.2,0,0.2654,0.115,0.266409629,16%
2150-OEGBV,Male,0,0,0,27,One year,0,20.1,4654,542.7,0,0.2654,0.01,0.034073507,2%
8429-XIBUM,Male,0,0,0,22,Month-to-month,0,101.35,1952,2229.7,1,0.2654,0.805,0.550128116,60%
1855-CFULU,Female,1,0,0,4,Month-to-month,3,20.05,6346,80.2,0,0.2654,0.05,0.257928726,7%
4878-BUNFV,Male,0,1,1,42,Two year,3,20.7,6125,869.4,0,0.2654,0,0.008699795,0%
1872-EBWSC,Female,0,0,0,29,One year,3,20.35,5029,590.15,0,0.2654,0,0.038267726,1%
2608-BHKFN,Female,0,0,0,4,Month-to-month,1,70.05,2314,280.2,1,0.2654,0.935,0.622563096,70%
7026-YMSBE,Male,0,0,0,30,One year,3,19.7,5065,591,0,0.2654,0,0.034439485,2%
7341-LXCAF,Male,0,1,0,4,Month-to-month,2,74.65,2607,298.6,1,0.2654,0.915,0.690839213,84%
6997-UVGOX,Male,0,1,1,71,Two year,0,85.45,4933,6066.95,0,0.2654,0,0.007083597,0%
9674-EHPPG,Male,0,1,0,46,Two year,1,40.4,1403,1858.4,0,0.2654,0.005,0.014245624,0%
9462-MJUAW,Male,0,0,0,4,Month-to-month,3,50.4,1686,201.6,1,0.2654,0.755,0.412912569,47%
8128-YVJRG,Female,0,0,0,7,Month-to-month,3,79.65,4940,557.55,1,0.2654,0.245,0.604257854,28%
5440-VHLUL,Male,0,0,0,69,One year,0,105.2,5707,7258.8,0,0.2654,0.205,0.154092704,34%
5781-BKHOP,Female,0,1,0,72,Two year,0,100.65,5687,7246.8,0,0.2654,0.005,0.035662123,0%
4283-FUTGF,Male,1,0,0,19,Month-to-month,2,79.85,871,1517.15,1,0.2654,0.82,0.584680389,63%
5213-TWWJU,Male,0,0,0,28,Month-to-month,2,91,2274,2548,0,0.2654,0.09,0.352301747,12%
1569-TTNYJ,Male,0,1,0,5,Month-to-month,2,78.75,3512,393.75,1,0.2654,0.935,0.646264379,77%
8628-MFKAX,Female,1,1,0,72,Two year,1,116.75,6122,8406,0,0.2654,0.005,0.074979882,1%
2397-BRLOM,Male,1,1,1,8,Month-to-month,1,80.45,4805,643.6,1,0.2654,0.805,0.656222782,61%
7629-WIXZF,Female,0,0,0,7,One year,2,59.1,3182,413.7,0,0.2654,0.115,0.212311937,10%
5445-GLVOT,Female,0,0,0,22,Month-to-month,2,49.8,94,1095.6,0,0.2654,0.57,0.173650047,33%
3976-HXHCE,Male,0,0,0,72,Two year,0,19.3,762,1389.6,0,0.2654,0.01,0.001575758,0%
2466-NEJOJ,Male,0,1,1,8,Month-to-month,1,19.65,1189,157.2,0,0.2654,0.01,0.123238709,10%
0254-KCJGT,Male,0,1,0,52,One year,1,81.4,3701,4232.8,0,0.2654,0.03,0.046352216,7%
5472-CVMDX,Female,0,0,0,68,Two year,3,38.9,2358,2645.2,0,0.2654,0.005,0.006313329,0%
6461-SZMCV,Female,0,1,0,71,Two year,0,87.95,5132,6244.45,0,0.2654,0,0.011422652,0%
8150-QUDFX,Male,0,0,0,2,Month-to-month,3,19.85,4303,39.7,0,0.2654,0.08,0.217850755,9%
9508-ILZDG,Female,1,0,0,34,Month-to-month,2,96.35,2775,3275.9,0,0.2654,0.505,0.452531212,33%
2346-DJQTB,Female,0,0,0,35,Month-to-month,2,24.15,6072,845.25,0,0.2654,0.15,0.225712832,24%
1697-LYYYX,Female,0,1,1,61,One year,1,19.1,273,1165.1,0,0.2654,0.015,0.00524077,2%
1942-OQFRW,Male,0,0,0,1,Month-to-month,2,44,3734,44,0,0.2654,0.08,0.383774344,42%
4749-VFKVB,Female,0,0,0,1,Month-to-month,3,50.1,4225,50.1,1,0.2654,0.78,0.563279199,59%
9640-ZSLDC,Female,0,1,1,53,One year,1,60.6,2860,3211.8,0,0.2654,0.115,0.044006662,26%
4231-LZUYM,Female,0,1,0,72,Two year,0,25.65,1462,1846.8,0,0.2654,0,0.002630357,0%
7598-UAASY,Male,0,1,0,2,Month-to-month,2,76.4,927,152.8,1,0.2654,0.715,0.550889846,72%
7938-OUHIO,Male,0,0,0,3,Month-to-month,2,98.7,2532,296.1,1,0.2654,0.84,0.64033128,79%
8510-AWCXC,Female,1,0,0,13,Month-to-month,2,100.8,564,1310.4,1,0.2654,0.85,0.660348166,79%
6128-AQBMT,Male,1,1,0,41,Month-to-month,2,53.95,1851,2211.95,0,0.2654,0.165,0.322954378,56%
3594-BDSOA,Female,0,1,0,24,One year,1,20.4,4072,489.6,0,0.2654,0.005,0.043073086,1%
0431-APWVY,Female,0,1,1,28,One year,0,90.1,2247,2522.8,1,0.2654,0.7,0.326653579,24%
5133-VRSAB,Male,0,0,0,8,Month-to-month,3,29.35,1775,234.8,0,0.2654,0.15,0.341518091,21%
5996-DAOQL,Male,0,0,0,1,Month-to-month,3,20.45,1615,20.45,0,0.2654,0.03,0.26393206,29%
6838-YAUVY,Female,0,0,0,54,Two year,0,95.1,4284,5135.4,0,0.2654,0.085,0.094955543,15%
0484-JPBRU,Male,0,0,0,41,Month-to-month,0,25.25,6522,1035.25,0,0.2654,0.09,0.076424687,10%
7883-ROJOC,Female,0,1,0,19,Month-to-month,3,44.9,6169,853.1,0,0.2654,0.095,0.280444114,13%
0244-LGNFY,Female,0,1,1,72,Two year,0,92.65,5338,6670.8,0,0.2654,0,0.011302996,0%
7274-CGTOD,Male,0,0,0,62,Two year,0,43.7,2264,2709.4,0,0.2654,0.005,0.008143642,0%
4295-YURET,Female,1,1,1,56,Two year,1,72.6,3484,4065.6,0,0.2654,0.06,0.018405566,3%
3426-NIYYL,Male,0,0,0,15,Month-to-month,2,51.55,5849,773.25,1,0.2654,0.69,0.355010303,31%
8225-BTJAU,Male,1,0,0,10,Month-to-month,2,79.25,5987,792.5,1,0.2654,0.725,0.716291289,54%
4635-EJYPD,Male,0,1,1,32,Two year,3,18.95,5004,606.4,0,0.2654,0.005,0.012404404,1%
1866-ZSLJM,Male,0,0,0,21,Month-to-month,1,20.5,3441,430.5,0,0.2654,0.015,0.092025361,3%
4636-TVXVG,Male,0,1,1,62,One year,0,19.95,447,1236.9,0,0.2654,0,0.004748005,2%
4236-UJPWO,Female,0,0,0,2,Month-to-month,2,24.5,3908,49,0,0.2654,0.265,0.545069474,52%
9392-XBGTD,Male,0,0,1,27,Two year,3,20.6,4789,556.2,0,0.2654,0.005,0.015748412,1%
3387-VATUS,Male,0,0,0,5,Month-to-month,0,94.85,3922,474.25,1,0.2654,0.97,0.764699666,90%
6402-SSEJG,Female,0,0,0,25,One year,2,61.05,978,1526.25,0,0.2654,0.09,0.14254869,12%
1143-NMNQJ,Female,0,0,0,2,Month-to-month,2,85.7,1190,171.4,1,0.2654,0.98,0.75460819,93%
1169-SAOCL,Male,0,0,0,49,One year,0,106.65,4340,5225.85,0,0.2654,0.125,0.230809756,30%
1110-KYLGQ,Female,0,0,0,63,Month-to-month,1,108.25,5365,6819.75,0,0.2654,0.06,0.23888685,9%
9929-PLVPA,Female,0,0,1,4,Month-to-month,1,20.4,6422,81.6,0,0.2654,0.265,0.184778633,14%
3518-PZXZQ,Female,0,1,0,1,Month-to-month,3,55.3,4562,55.3,0,0.2654,0.195,0.551826325,44%
2371-JUNGC,Male,0,0,0,11,Month-to-month,3,20.25,1705,222.75,0,0.2654,0.045,0.139626582,8%
7693-QPEFS,Male,1,0,0,52,Month-to-month,0,72.95,3277,3793.4,0,0.2654,0.06,0.313066408,21%
0924-BJCRC,Female,1,1,0,60,Month-to-month,2,89.45,4427,5367,0,0.2654,0.08,0.311409369,11%
5074-FBGHB,Male,0,0,0,64,One year,1,104.65,5432,6697.6,0,0.2654,0.085,0.197565342,18%
2351-BKRZW,Female,0,1,1,43,Two year,0,75.2,2833,3233.6,0,0.2654,0.02,0.024251956,1%
4455-BFSPD,Female,0,1,0,61,One year,0,101.15,5148,6170.15,0,0.2654,0.085,0.165908356,12%
0415-MOSGF,Female,0,0,0,1,Month-to-month,3,44.4,3741,44.4,1,0.2654,0.795,0.408201224,38%
1724-BQUHA,Male,1,0,0,5,Month-to-month,2,89.5,4039,447.5,1,0.2654,0.48,0.763141775,69%
3948-KXDUF,Male,0,0,0,66,Two year,0,68.75,3772,4537.5,0,0.2654,0.03,0.005553865,2%
2323-ARSVR,Male,0,1,0,67,Two year,2,111.05,5679,7440.35,0,0.2654,0.05,0.049661721,13%
0815-MFZGM,Female,0,1,0,42,Two year,1,99,3529,4158,0,0.2654,0.015,0.123765123,4%
4826-XTSOH,Male,1,1,0,1,Month-to-month,2,86.05,6240,86.05,1,0.2654,0.96,0.808895318,96%
5480-XTFFL,Female,0,1,1,31,Two year,3,21,5485,651,0,0.2654,0,0.014776757,2%
8295-FHIVV,Male,0,0,0,7,Month-to-month,3,19.4,1172,135.8,0,0.2654,0.035,0.205345072,10%
2495-INZWQ,Male,0,0,0,4,Month-to-month,2,44.55,1250,178.2,1,0.2654,0.7,0.667881517,65%
9086-YJYXS,Male,0,1,1,34,One year,0,77.2,2392,2624.8,0,0.2654,0.015,0.130255407,9%
1179-INLAT,Male,0,0,0,3,One year,3,19.45,5443,58.35,0,0.2654,0.035,0.150729812,5%
7909-FIOIY,Female,0,1,1,19,Month-to-month,3,24.85,3691,472.15,0,0.2654,0.295,0.407553764,12%
4139-SUGLD,Male,0,1,1,31,Month-to-month,0,35.4,149,1097.4,1,0.2654,0.7,0.087303223,35%
6857-VWJDT,Female,0,0,0,1,Month-to-month,3,95.65,6446,95.65,1,0.2654,0.82,0.785531914,94%
6351-SCJKT,Male,0,0,0,3,Month-to-month,3,41.35,135,124.05,0,0.2654,0.205,0.296592064,26%
5468-BPMMO,Male,0,1,0,46,Month-to-month,2,19.6,6215,901.6,0,0.2654,0.06,0.036534362,4%
5624-BQSSA,Female,0,0,0,1,Month-to-month,3,20.95,1625,20.95,1,0.2654,0.817857143,0.21524465,37%
0197-PNKNK,Female,0,1,1,69,One year,0,84.45,4814,5827.05,0,0.2654,0.06,0.050745606,8%
2439-QKJUL,Male,0,0,0,5,Month-to-month,3,20.25,178,101.25,0,0.2654,0.1175,0.166168734,15%
1194-SPVSP,Male,0,0,0,1,Month-to-month,0,19.65,1487,19.65,0,0.2654,0.22,0.179756146,23%
9534-NSXEM,Male,0,0,0,26,One year,1,20.65,4877,536.9,0,0.2654,0.01,0.052233507,2%
2408-WITXK,Female,1,0,0,10,Month-to-month,2,34.7,2857,347,1,0.2654,0.82,0.636775132,76%
8929-KSWIH,Male,0,0,0,25,Two year,0,99.3,2174,2482.5,0,0.2654,0.015,0.119335235,2%
2250-IVBWA,Male,0,1,1,64,Month-to-month,2,81.05,4321,5187.2,0,0.2654,0.055,0.08245615,9%
1810-MVMAI,Male,0,1,1,30,Month-to-month,2,67.6,1627,2028,0,0.2654,0.105,0.070692734,7%
9506-UXUSK,Male,0,0,0,13,Month-to-month,2,70.15,6402,911.95,0,0.2654,0.195,0.597942297,53%
1229-RCALF,Female,0,1,0,64,One year,2,115,5711,7360,0,0.2654,0.015,0.147143282,5%
3572-UOLYZ,Female,0,0,1,46,Month-to-month,0,84.8,3384,3900.8,0,0.2654,0.12,0.249106404,19%
1429-UYJSV,Female,0,0,0,12,One year,3,19.7,2251,236.4,0,0.2654,0,0.070259247,2%
5577-OTWWW,Female,0,0,0,15,Month-to-month,0,19.75,2565,296.25,1,0.2654,0.665,0.111624886,31%
6100-QQHEB,Male,0,1,1,17,Month-to-month,2,92.55,933,1573.35,1,0.2654,0.475,0.640212424,38%
6366-XIVKZ,Female,0,1,1,13,Month-to-month,3,63.15,6084,820.95,0,0.2654,0.265,0.31794578,11%
3470-OBUET,Female,0,1,1,67,Two year,1,74,4109,4958,0,0.2654,0.015,0.006894657,4%
2770-NSVDG,Male,0,1,0,24,Month-to-month,2,29.1,5425,698.4,0,0.2654,0.09,0.313178125,34%
9375-MHRRS,Male,0,0,0,6,Month-to-month,3,50.05,2489,300.3,0,0.2654,0.125,0.264393631,22%
2634-HCZGT,Male,1,1,0,53,One year,2,60.05,2806,3182.65,1,0.2654,0.67,0.037695689,27%
7503-QQRVF,Male,1,1,0,16,Month-to-month,1,74.3,331,1188.8,1,0.2654,0.855,0.485340976,64%
4860-YZGZM,Male,0,0,0,10,Month-to-month,2,20,1413,200,0,0.2654,0.025,0.137057874,13%
6599-GZWCM,Female,0,0,0,13,One year,3,74.65,6476,970.45,0,0.2654,0.27,0.383045438,13%
2691-NZETQ,Male,0,0,0,9,Month-to-month,2,85.35,5815,768.15,1,0.2654,0.755,0.72407712,78%
4404-HIBDJ,Female,0,0,0,25,One year,3,74.3,1434,1857.5,1,0.2654,0.64,0.049052814,9%
5533-NHFRF,Male,1,0,0,7,Month-to-month,2,44.4,2298,310.8,0,0.2654,0.155,0.516767284,36%
7037-MTYVW,Male,0,1,1,38,Two year,0,85.4,2860,3245.2,0,0.2654,0.03,0.037291221,2%
4760-THGOT,Female,0,1,0,43,Month-to-month,2,94.1,3496,4046.3,0,0.2654,0.125,0.354525699,27%
7295-JOMMD,Female,0,0,1,4,Month-to-month,0,98.1,3388,392.4,1,0.2654,0.88,0.586106741,85%
4016-BJKTZ,Female,0,0,0,25,Two year,2,108.9,2436,2722.5,0,0.2654,0.07,0.15026245,9%
6584-VQMYT,Male,0,0,1,27,One year,3,56.2,1018,1517.4,0,0.2654,0.005,0.042591252,2%
9838-BFCQT,Male,0,1,1,72,Two year,3,26.1,1417,1879.2,0,0.2654,0,0.002464336,0%
2790-XUYMV,Male,0,0,1,71,One year,1,85.45,4931,6066.95,0,0.2654,0.01,0.05693044,2%
0581-MDMPW,Female,0,0,0,24,Month-to-month,1,88.95,1698,2134.8,0,0.2654,0.365,0.56201753,41%
5013-SBUIH,Female,0,0,0,50,Two year,2,109.65,4604,5482.5,1,0.2654,0.78,0.089031524,45%
1023-BQXZE,Male,0,0,0,57,Two year,0,74.35,3673,4237.95,0,0.2654,0.01,0.023634716,3%
9163-GHAYE,Female,0,0,0,15,Month-to-month,2,48.85,5697,732.75,0,0.2654,0.04,0.252058888,11%
3904-UKFRE,Male,0,0,0,4,Month-to-month,2,80.1,2915,320.4,0,0.2654,0.06,0.583570763,40%
5353-WILCI,Female,0,0,0,28,Month-to-month,2,56.05,945,1569.4,0,0.2654,0.095,0.099189495,13%
0709-TVGUR,Female,1,0,0,9,Month-to-month,2,74.55,5052,670.95,1,0.2654,0.85,0.717972355,70%
0058-EVZWM,Female,0,1,0,55,Month-to-month,0,89.8,4198,4939,0,0.2654,0.085,0.275562253,13%
6023-YEBUP,Male,0,0,0,3,Month-to-month,2,100.95,2858,302.85,1,0.2654,0.97,0.780532537,91%
7209-JCUDS,Male,0,0,0,10,Month-to-month,2,94.9,93,949,1,0.2654,0.86,0.656023135,74%
7009-PCARS,Male,0,0,1,55,One year,0,19.1,8,1050.5,0,0.2654,0.19,0.006058692,10%
0519-DRGTI,Female,0,1,1,20,Month-to-month,3,20.35,3758,407,0,0.2654,0.035,0.096305298,3%
1017-FBQMM,Female,0,1,1,62,One year,1,106.05,5321,6575.1,0,0.2654,0.02,0.172946038,7%
3001-CBHLQ,Male,1,1,0,32,Month-to-month,2,104.9,2910,3356.8,1,0.2654,0.495,0.58205542,65%
1985-MBRYP,Female,0,0,0,43,Two year,0,19.65,5905,844.95,0,0.2654,0,0.01151409,1%
6158-DWPZT,Male,0,1,0,9,One year,0,24.1,2242,216.9,1,0.2654,0.735,0.246606521,34%
9372-TXXPS,Female,0,1,0,60,Two year,0,59.85,3020,3591,0,0.2654,0.04,0.005123938,1%
3259-QMXUN,Male,0,1,0,58,Two year,2,86.1,4132,4993.8,0,0.2654,0.035,0.034358122,1%
1015-JPFYW,Male,0,0,1,7,One year,3,19.45,655,136.15,0,0.2654,0.01,0.065544175,4%
6645-MXQJT,Male,0,1,1,2,Month-to-month,2,97.1,1396,194.2,0,0.2654,0.21,0.521477307,49%
4360-QRAVE,Male,1,0,0,37,Month-to-month,2,36.65,577,1356.05,0,0.2654,0.17,0.176227634,37%
8433-WPJTV,Female,1,1,1,65,One year,0,103.9,5355,6753.5,0,0.2654,0.06,0.190512056,15%
5804-JMYIO,Female,0,1,1,39,Two year,3,19.75,5812,770.25,0,0.2654,0,0.009986594,1%
3763-GCZHZ,Male,0,1,0,66,One year,2,104.05,5436,6867.3,1,0.2654,0.67,0.174077764,40%
6484-LATFU,Male,0,0,0,68,Two year,3,24.55,1143,1669.4,0,0.2654,0,0.00318029,0%
7599-NTMDP,Female,0,1,1,62,Two year,0,48.7,2605,3019.4,0,0.2654,0.03,0.007116938,1%
0772-GYEQQ,Male,0,0,0,3,Month-to-month,3,88.35,2267,265.05,1,0.2654,0.32,0.578520384,43%
0536-ACXIP,Female,0,1,0,72,Two year,2,109.55,6086,7887.6,0,0.2654,0.01,0.079828678,2%
0936-NQLJU,Female,0,1,0,41,Two year,1,20.65,6276,846.65,0,0.2654,0,0.010412357,1%
4831-EOBFE,Male,0,1,1,29,Month-to-month,1,94.65,2293,2744.85,1,0.2654,0.355,0.32274309,23%
1575-KRZZE,Female,0,0,0,4,Month-to-month,2,55.2,1827,220.8,0,0.2654,0.19,0.218977083,21%
3251-YMVWZ,Male,0,0,0,53,One year,0,24.05,555,1274.65,0,0.2654,0.02,0.011250857,10%
4102-OQUPX,Male,1,1,0,1,Month-to-month,2,74.4,5719,74.4,1,0.2654,0.84,0.771497172,90%
9170-GYZJC,Female,0,1,1,41,Month-to-month,1,79.9,2887,3275.9,1,0.2654,0.66,0.079609134,11%
4884-LEVMQ,Male,0,1,0,39,Two year,0,20.45,5976,797.55,0,0.2654,0,0.014062593,1%
8857-CUPFQ,Male,0,1,0,63,Two year,3,19.25,434,1212.75,0,0.2654,0.005,0.002808119,1%
7610-TVOPG,Male,0,0,0,15,Month-to-month,2,26.35,3247,395.25,0,0.2654,0.305,0.206680274,20%
3638-DIMPH,Female,0,1,0,13,One year,2,43.8,4856,569.4,0,0.2654,0.04,0.165998622,9%
1845-ZLLIG,Male,0,0,0,1,Month-to-month,3,50.15,4226,50.15,0,0.2654,0.21,0.438529882,37%
8559-WNQZS,Male,0,0,0,1,Two year,3,20.45,1615,20.45,0,0.2654,0.01,0.052073318,1%
3999-QGRJH,Male,1,0,0,8,Month-to-month,2,69.7,4638,557.6,1,0.2654,0.125,0.65384663,29%
1699-UOTXU,Male,0,0,0,60,Two year,2,61.4,3142,3684,0,0.2654,0.05,0.007688539,1%
2454-RPBRZ,Female,1,1,0,12,Month-to-month,2,98.1,120,1177.2,1,0.2654,0.935,0.667078391,94%
0635-WKOLD,Male,0,1,0,40,One year,1,70.75,2526,2830,0,0.2654,0.015,0.059550405,6%
5993-JSUWV,Female,0,0,0,66,Two year,0,61.15,3435,4035.9,0,0.2654,0.015,0.008155186,1%
4518-FZBSX,Male,0,1,1,42,One year,3,20.25,6224,850.5,0,0.2654,0,0.018524471,1%
5387-ASZNZ,Female,1,0,0,66,One year,1,63.85,3567,4214.1,0,0.2654,0.115,0.020256385,3%
6988-CJEYV,Male,0,0,0,49,Month-to-month,2,98.7,4174,4836.3,0,0.2654,0.18,0.386034507,29%
2002-MZHWP,Female,0,0,0,1,Month-to-month,3,20.5,1616,20.5,1,0.2654,0.516666667,0.213456534,38%
3097-FQTVJ,Female,0,0,0,41,Two year,3,20,6062,820,0,0.2654,0,0.010758251,0%
5465-BUBFA,Female,0,1,1,41,Two year,0,19.3,5879,791.3,0,0.2654,0,0.007808035,0%
7299-GNVPL,Female,0,1,1,23,Month-to-month,3,84.4,1537,1941.2,0,0.2654,0.075,0.177645263,14%
9743-DQKQW,Male,0,0,0,3,Month-to-month,2,25.1,5973,75.3,0,0.2654,0.32,0.551258248,49%
1215-VFYVK,Female,0,0,0,4,Month-to-month,3,48.25,1651,193,0,0.2654,0.155,0.36156897,30%
9371-BITHB,Female,0,1,1,52,Two year,3,19.85,139,1032.2,0,0.2654,0.005,0.004140603,1%
2265-CYWIV,Female,1,1,0,4,Month-to-month,2,99.6,3003,398.4,1,0.2654,0.83,0.736951017,91%
9093-FPDLG,Female,0,0,0,11,Month-to-month,2,94.2,6530,1036.2,0,0.2654,0.265,0.559824275,36%
0541-FITGH,Female,0,1,0,2,Month-to-month,3,62.15,248,124.3,0,0.2654,0.14,0.414337766,25%
6985-HAYWX,Female,0,1,0,26,Month-to-month,0,79.3,1644,2061.8,0,0.2654,0.16,0.370894394,24%
7508-KBIMB,Male,0,1,1,24,One year,1,56.25,841,1350,0,0.2654,0.01,0.069974302,6%
6838-HVLXG,Female,0,0,0,12,Month-to-month,3,20.3,2111,243.6,0,0.2654,0.01,0.141992761,5%
2277-DJJDL,Male,1,1,0,60,Month-to-month,2,99,4926,5940,0,0.2654,0.32,0.4101296,18%
1897-OKVMW,Female,0,1,1,64,Two year,3,90.6,4796,5798.4,0,0.2654,0.005,0.020294664,0%
5485-ITNPC,Male,0,1,0,66,Two year,0,85.9,4630,5669.4,0,0.2654,0,0.013616121,1%
0233-FTHAV,Female,0,0,0,60,One year,0,79.2,4035,4752,0,0.2654,0.02,0.137980515,3%
4644-PIZRT,Male,0,1,1,17,One year,0,70.35,372,1195.95,0,0.2654,0.08,0.126432198,5%
8922-NPKBJ,Male,0,1,1,42,Two year,3,19.35,6260,812.7,0,0.2654,0,0.008382163,0%
2740-TVLFN,Male,0,0,0,1,Month-to-month,2,50.15,4226,50.15,0,0.2654,0.18,0.54063467,63%
7771-CFQRQ,Female,0,1,1,47,Two year,0,63.8,2603,2998.6,0,0.2654,0.045,0.014496092,4%
9512-PHSMG,Female,0,1,0,10,Month-to-month,3,20.55,2179,205.5,0,0.2654,0.025,0.207481076,8%
6963-EZQEE,Male,1,1,0,70,Two year,1,88.55,5099,6198.5,0,0.2654,0.01,0.019526951,1%
2452-KDRRH,Male,1,0,0,67,Month-to-month,1,101.4,5402,6793.8,0,0.2654,0.43,0.4522767,43%
2004-OCQXK,Female,0,0,0,1,Month-to-month,2,81.95,6060,81.95,1,0.2654,0.995,0.761553164,91%
5027-QPKTE,Male,0,1,0,7,Month-to-month,2,69.35,3836,485.45,1,0.2654,0.8,0.619776319,53%
4146-SVFUD,Male,0,0,0,1,Month-to-month,3,44.6,3744,44.6,0,0.2654,0.11,0.398485315,39%
1564-HJUVY,Male,0,0,0,4,Month-to-month,0,63.75,1894,255,0,0.2654,0.305,0.300549592,27%
3617-XLSGQ,Female,0,1,1,66,Two year,0,109.25,5559,7210.5,0,0.2654,0.05,0.050532224,7%
7517-LDMPS,Female,0,0,0,12,Month-to-month,2,84.6,35,1015.2,0,0.2654,0.22,0.568154244,36%
7244-KXYZN,Female,0,0,0,24,One year,1,20.45,4409,490.8,0,0.2654,0,0.042552901,1%
5226-NOZFC,Male,0,0,0,26,Month-to-month,2,85.75,1764,2229.5,0,0.2654,0.525,0.449236826,47%
2672-HUYVI,Female,0,0,0,6,Month-to-month,2,91.1,3879,546.6,1,0.2654,0.93,0.740940674,74%
1400-WIVLL,Male,0,1,0,57,Two year,2,107.95,4890,6153.15,0,0.2654,0.1,0.10448956,19%
7508-MYBOG,Male,0,1,0,14,Month-to-month,2,86.1,431,1205.4,1,0.2654,0.87,0.644633945,72%
8148-NLEGT,Female,0,1,1,42,Two year,2,22.95,33,963.9,0,0.2654,0.005,0.008025406,1%
0148-DCDOS,Male,0,0,0,25,Month-to-month,0,94.7,1999,2367.5,1,0.2654,0.24,0.625217473,51%
8347-GDTMP,Female,0,1,0,64,Two year,1,19.45,414,1244.8,0,0.2654,0,0.002565034,0%
9992-RRAMN,Male,0,1,0,22,Month-to-month,2,85.1,1447,1872.2,1,0.2654,0.875,0.620628385,66%
6746-WAUWT,Male,0,0,0,19,One year,1,19.7,3302,374.3,0,0.2654,0.02,0.064465675,2%
0310-MVLET,Female,0,1,1,61,Month-to-month,2,99.15,4923,6048.15,1,0.2654,0.35,0.373284559,24%
0428-IKYCP,Male,0,1,0,22,Month-to-month,0,87,1416,1914,0,0.2654,0.07,0.507644008,22%
4550-VBOFE,Male,1,1,0,70,Month-to-month,2,102.95,5573,7206.5,1,0.2654,0.56,0.39343897,49%
2187-PKZAY,Male,0,0,0,12,Month-to-month,0,79.95,85,959.4,0,0.2654,0.19,0.581268643,36%
4003-OCTMP,Female,0,1,0,31,One year,2,64,1512,1984,0,0.2654,0.065,0.070166188,5%
6652-YFFJO,Female,0,0,0,11,Month-to-month,2,64.9,5606,713.9,0,0.2654,0.27,0.52399821,24%
7225-IILWY,Male,0,1,1,68,Two year,3,25.75,1181,1751,0,0.2654,0,0.002879278,0%
5248-RPYWW,Female,1,1,1,72,Two year,0,90.15,5326,6490.8,0,0.2654,0,0.016582187,0%
7923-IYJWY,Male,1,0,0,67,Two year,1,116.1,5926,7778.7,0,0.2654,0.33,0.075269929,25%
3170-GWYKC,Female,0,0,0,60,Month-to-month,0,104.95,5059,6297,0,0.2654,0.165,0.221199679,13%
5696-QURRL,Male,0,0,0,1,Month-to-month,3,45.05,3811,45.05,1,0.2654,0.7,0.481635155,64%
7409-KIUTL,Female,1,0,1,1,Month-to-month,2,71,5564,71,1,0.2654,0.925,0.694009486,76%
9830-ECLEN,Male,0,1,1,58,One year,3,50,2522,2900,0,0.2654,0.09,0.028286747,2%
1732-VHUBQ,Female,1,1,1,47,Month-to-month,0,70.55,2872,3315.85,1,0.2654,0.73,0.215001955,42%
0495-RVCBF,Female,0,0,0,1,Month-to-month,2,79.7,5972,79.7,1,0.2654,0.99,0.75138289,91%
2668-TZSPS,Male,0,0,0,1,Month-to-month,3,20.45,1615,20.45,0,0.2654,0.1025,0.205798741,24%
7854-EDSSA,Male,0,0,0,22,Month-to-month,2,59,466,1298,1,0.2654,0.725,0.139805577,27%
8869-TORSS,Female,0,0,0,48,One year,1,60.35,2498,2896.8,1,0.2654,0.575,0.027738692,15%
7446-SFAOA,Female,0,1,0,37,One year,0,19.85,5610,734.45,0,0.2654,0,0.033152674,2%
9522-ZSINC,Male,0,0,0,13,One year,2,19.95,2183,259.35,0,0.2654,0,0.083588736,2%
8234-GSZYK,Male,0,0,0,43,Two year,0,26.45,212,1137.35,0,0.2654,0.005,0.008741555,1%
6505-OZNPG,Female,0,0,0,6,Two year,3,63.4,3016,380.4,0,0.2654,0.025,0.139603165,2%
6164-HAQTX,Male,0,0,0,71,Two year,0,53.95,3328,3830.45,0,0.2654,0,0.006072096,0%
0679-IDSTG,Female,1,1,1,1,Month-to-month,2,69.25,5443,69.25,1,0.2654,0.965,0.690858098,93%
7765-LWVVH,Female,0,1,1,72,Two year,2,95.1,5406,6847.2,0,0.2654,0.015,0.041387597,3%
1658-TJVOA,Female,1,0,0,6,Month-to-month,2,74.1,3830,444.6,0,0.2654,0.105,0.558957928,44%
0953-LGOVU,Male,0,1,1,12,Month-to-month,3,35.5,3675,426,0,0.2654,0.13,0.280804294,11%
2115-BFTIW,Male,0,0,0,25,Month-to-month,3,70.95,1293,1773.75,1,0.2654,0.67,0.372097315,31%
4692-NNQRU,Female,0,1,0,21,One year,2,79.2,1258,1663.2,0,0.2654,0.09,0.177382037,5%
7742-MYPGI,Female,0,1,1,6,Month-to-month,3,48.8,2566,292.8,0,0.2654,0.415,0.30407193,31%
0611-DFXKO,Male,0,1,0,20,Month-to-month,3,89,1374,1780,1,0.2654,0.45,0.620813407,37%
7780-OTDSO,Male,0,1,0,18,Month-to-month,2,99.4,1261,1789.2,1,0.2654,0.83,0.586162496,73%
9619-GSATL,Female,0,0,0,43,One year,2,55.45,2096,2384.35,0,0.2654,0.065,0.031939697,8%
5622-UEJFI,Female,0,1,1,35,Two year,1,25.4,6438,889,0,0.2654,0.015,0.021350153,2%
9747-DDZOS,Female,0,0,0,1,Month-to-month,0,73.5,5666,73.5,1,0.2654,0.83,0.580390222,79%
0674-DGMAQ,Male,1,1,0,32,Month-to-month,2,93.5,2568,2992,0,0.2654,0.23,0.549490367,52%
6203-HBZPA,Male,0,0,0,52,Two year,1,63.9,2894,3322.8,0,0.2654,0.005,0.019173324,1%
0484-FFVBJ,Male,0,0,0,32,One year,0,64.85,1640,2075.2,0,0.2654,0.005,0.145732098,6%
0301-FIDRB,Female,0,1,1,72,Two year,0,63.8,3963,4593.6,0,0.2654,0.005,0.011739759,1%
4139-JPIAM,Male,0,0,0,51,Month-to-month,1,44.45,1796,2266.95,0,0.2654,0.055,0.096758932,10%
2181-TIDSV,Male,0,1,1,68,Two year,0,19.95,557,1356.6,0,0.2654,0,0.00230171,1%
2761-XECQW,Male,1,1,0,8,Month-to-month,3,43.35,3198,346.8,0,0.2654,0.185,0.610328702,39%
1936-CZAKF,Male,0,1,0,49,Two year,1,49.65,2054,2432.85,0,0.2654,0.07,0.042124413,2%
9453-PATOS,Female,0,1,0,72,Two year,3,85.1,5023,6127.2,0,0.2654,0,0.009798743,0%
0564-JJHGS,Male,0,0,0,9,Month-to-month,2,95.5,6127,859.5,1,0.2654,0.965,0.783353766,87%
3348-CFRNX,Female,0,1,0,28,Month-to-month,3,92.35,2252,2585.8,1,0.2654,0.33,0.465679136,27%
4402-FTBXC,Male,0,0,0,54,Month-to-month,3,89.8,3947,4849.2,0,0.2654,0.115,0.181596972,5%
1428-GTBJJ,Male,0,0,0,11,Month-to-month,2,74.55,6107,820.05,1,0.2654,0.79,0.562719236,57%
2931-XIQBR,Female,0,1,1,50,One year,3,103.05,4331,5152.5,0,0.2654,0.235,0.163950778,21%
0106-UGRDO,Female,0,1,0,69,Two year,2,116,6093,8004,0,0.2654,0.035,0.069680384,5%
5542-TBBWB,Male,0,0,0,1,Month-to-month,2,69.9,5454,69.9,0,0.2654,0.654363095,0.680961477,81%
1930-QPBVZ,Male,0,1,1,68,Two year,0,95.1,5304,6466.8,0,0.2654,0.035,0.017902201,4%
2606-PKWJB,Male,0,0,1,40,One year,3,40.25,1012,1610,0,0.2654,0.02,0.029080906,2%
5322-ZSMZY,Male,0,1,1,31,Two year,3,25.75,5801,798.25,0,0.2654,0.015,0.019107322,2%
8059-UDZFY,Female,1,0,1,33,Month-to-month,0,105.35,2998,3476.55,0,0.2654,0.17,0.557022678,35%
7740-BTPUX,Male,1,1,0,55,Two year,2,113.6,5083,6248,0,0.2654,0.16,0.153764222,15%
5220-AGAAX,Male,0,1,1,68,Two year,0,24,1149,1632,0,0.2654,0,0.003218063,0%
0208-BPQEJ,Female,0,1,1,12,Month-to-month,0,19.4,1583,232.8,0,0.2654,0.185,0.105324357,15%
9435-JMLSX,Male,0,1,0,71,Two year,0,86.1,4942,6113.1,0,0.2654,0.005,0.011981005,0%
3352-ALMCK,Male,0,0,0,40,Month-to-month,3,102.65,3497,4106,0,0.2654,0.3,0.524693369,48%
5312-IRCFR,Female,0,1,1,64,One year,2,92.85,4899,5942.4,0,0.2654,0.045,0.153855376,6%
5294-IMHHT,Male,0,1,0,53,One year,0,97.75,4274,5180.75,0,0.2654,0.095,0.135250457,17%
8802-UNOJF,Male,1,0,0,12,Month-to-month,3,83.8,62,1005.6,1,0.2654,0.8,0.435634826,58%
6313-GIDIT,Male,1,0,0,53,Month-to-month,2,54.45,2465,2885.85,1,0.2654,0.815,0.234219658,63%
6176-YJWAS,Male,0,1,0,72,Two year,1,97.95,5584,7052.4,0,0.2654,0,0.043801948,1%
5310-NOOVA,Male,0,0,0,46,Two year,2,19.95,6338,917.7,0,0.2654,0.01,0.00787356,1%
4526-EXKKN,Male,0,0,0,40,Two year,3,24.6,6495,984,0,0.2654,0.09,0.020298481,2%
5311-IHLEI,Male,0,0,0,12,Month-to-month,0,50.95,4947,611.4,0,0.2654,0.12,0.310540072,15%
3987-KQDDU,Male,0,0,0,9,Month-to-month,2,75.6,5274,680.4,0,0.2654,0.16,0.428003687,24%
3404-JNXAX,Female,0,1,1,51,Month-to-month,2,80.75,3510,4118.25,0,0.2654,0.08,0.246687645,27%
5131-PONJI,Male,0,1,1,49,Month-to-month,1,90.4,3808,4429.6,0,0.2654,0.08,0.270137506,25%
2845-AFFTX,Male,1,1,0,41,Month-to-month,2,99.8,3627,4091.8,1,0.2654,0.615,0.609069659,71%
3489-VSFRD,Female,0,0,0,56,One year,1,60.25,2854,3374,0,0.2654,0.17,0.021082436,12%
3345-JHUEO,Male,0,0,0,4,Month-to-month,2,20.2,4566,80.8,0,0.2654,0.025,0.254687027,8%
5815-HGGHV,Male,0,1,0,20,One year,3,64.15,504,1283,0,0.2654,0.035,0.096985986,3%
5260-UMPWX,Female,0,1,1,26,Month-to-month,1,20.25,4182,526.5,0,0.2654,0.02,0.093457542,5%
2249-YPRNG,Female,0,1,1,20,Month-to-month,0,105.85,1874,2117,1,0.2654,0.76,0.595949792,61%
7410-YTJIK,Female,0,0,0,7,Month-to-month,3,75.45,4056,528.15,1,0.2654,0.56,0.629935404,36%
4626-GYCZP,Male,0,0,0,7,Month-to-month,2,93.85,5126,656.95,1,0.2654,0.965,0.777753091,86%
5649-RXQTV,Male,0,0,0,51,Month-to-month,2,99,4268,5049,0,0.2654,0.185,0.382784531,38%
2674-MIAHT,Female,0,0,0,4,Month-to-month,3,80.3,2817,321.2,0,0.2654,0.26,0.667950704,53%
2576-HXMPA,Female,0,0,0,1,Month-to-month,1,19.55,1485,19.55,0,0.2654,0.005,0.193473393,9%
7587-AOVVU,Male,0,1,1,27,Month-to-month,2,100.75,2421,2720.25,0,0.2654,0.105,0.241300631,30%
5590-BYNII,Male,0,0,0,22,Month-to-month,2,100.75,1726,2216.5,1,0.2654,0.855,0.566798435,75%
6898-MDLZW,Male,0,0,0,12,Month-to-month,3,53.75,5201,645,0,0.2654,0.07,0.265620509,16%
3237-AJGEH,Female,0,1,1,3,Month-to-month,3,31,6441,93,1,0.2654,0.76,0.539560406,52%
4707-YNOQA,Female,0,1,1,34,One year,1,25.6,6360,870.4,0,0.2654,0.02,0.047348946,2%
9357-UJRUN,Male,0,1,0,24,One year,2,58.35,633,1400.4,0,0.2654,0.01,0.07672459,8%
1591-NFNLQ,Male,0,0,0,51,Month-to-month,1,80,3620,4080,1,0.2654,0.735,0.253312256,28%
8648-PFRMP,Female,1,0,0,14,Month-to-month,2,46.35,5331,648.9,0,0.2654,0.525,0.678810323,61%
7663-CUXZB,Male,0,1,0,59,Two year,2,113.75,5241,6711.25,0,0.2654,0.025,0.054428445,6%
0258-NOKBL,Male,0,0,0,3,Month-to-month,2,90.4,2331,271.2,0,0.2654,0.085,0.56942886,24%
1163-VIPRI,Female,0,1,1,65,Two year,2,109.3,5688,7104.5,0,0.2654,0.045,0.048758536,4%
2815-CPTUL,Male,1,0,0,5,Month-to-month,3,70.25,2877,351.25,1,0.2654,0.715,0.671184543,44%
9348-ROUAI,Female,0,1,1,59,Two year,1,90.3,4350,5327.7,0,0.2654,0,0.015022614,1%
9443-JUBUO,Male,0,1,1,72,Two year,1,65.25,3798,4698,0,0.2654,0,0.012367334,1%
0596-BQCEQ,Female,0,1,1,62,Month-to-month,2,100.15,5078,6209.3,1,0.2654,0.745,0.310247353,51%
1481-ZUWZA,Male,0,0,0,28,Month-to-month,1,94.5,2310,2646,1,0.2654,0.71,0.415569312,42%
3043-TYBNO,Male,0,0,0,3,Month-to-month,3,60.65,1567,181.95,0,0.2654,0.11,0.34300491,27%
4830-FAXFM,Male,0,0,1,19,Month-to-month,1,24.1,3726,457.9,0,0.2654,0.04,0.143018897,10%
5906-BFOZT,Male,0,0,0,1,Month-to-month,3,19.5,1484,19.5,0,0.2654,0.515,0.25853942,38%
2960-NKRSO,Male,0,0,0,24,Month-to-month,2,85.95,1737,2062.8,0,0.2654,0.08,0.331550734,16%
8996-ZROXE,Male,1,0,0,57,One year,2,53.5,2638,3049.5,0,0.2654,0.025,0.032743727,7%
5598-IKHQQ,Female,0,0,0,72,Two year,1,25.45,1437,1832.4,0,0.2654,0.005,0.002650693,0%
0397-ZXWQF,Male,0,0,0,67,Two year,0,20.5,799,1373.5,0,0.2654,0,0.00209138,0%
5266-PFRQK,Male,0,1,1,52,One year,1,20.85,142,1084.2,0,0.2654,0.005,0.011123508,4%
4674-HGNUA,Male,0,1,1,71,Two year,1,89.9,5188,6382.9,0,0.2654,0,0.010386763,0%
6765-MBQNU,Female,0,1,0,26,One year,3,26,5398,676,0,0.2654,0.025,0.061573018,4%
9786-IJYDL,Female,0,0,0,35,Two year,3,113.2,3352,3962,0,0.2654,0.115,0.11825925,8%
1303-SRDOK,Female,0,1,1,55,Two year,1,69.05,3288,3797.75,0,0.2654,0.075,0.049887981,3%
3769-MHZNV,Female,0,1,1,33,Two year,3,20.1,5318,663.3,0,0.2654,0,0.013012947,1%
6295-OSINB,Male,0,1,0,72,Two year,2,109.65,5952,7894.8,0,0.2654,0.005,0.076398241,2%
3308-MHOOC,Male,0,0,1,1,Month-to-month,3,19.2,1479,19.2,0,0.2654,0.105,0.224450503,39%
2309-OSFEU,Male,0,0,0,10,Month-to-month,3,33.9,2577,339,1,0.2654,0.84,0.590414624,66%
2207-QPJED,Female,1,1,0,37,Month-to-month,2,90,2928,3330,0,0.2654,0.385,0.320747227,35%
4177-JPDFU,Male,0,0,0,12,Month-to-month,3,34,3757,408,0,0.2654,0.06,0.304525874,11%
2239-CFOUJ,Male,0,1,1,1,One year,3,20.4,1614,20.4,0,0.2654,0.065,0.093148346,7%
8046-DNVTL,Male,0,1,0,62,Two year,1,38.6,1981,2393.2,0,0.2654,0.01,0.008330801,1%
2209-XADXF,Female,0,0,0,1,Month-to-month,0,25.25,2152,25.25,0,0.2654,0.18,0.515336586,56%
6620-JDYNW,Female,0,0,0,18,Month-to-month,3,60.6,294,1090.8,0,0.2654,0.21,0.257869271,12%
1891-FZYSA,Male,1,1,0,69,Month-to-month,2,89.95,5013,6206.55,1,0.2654,0.725,0.299163233,50%
4770-UEZOX,Male,0,0,0,2,Month-to-month,2,74.75,812,149.5,0,0.2654,0.155,0.573463133,52%
1038-RQOST,Male,0,1,1,19,Month-to-month,3,20.6,3536,391.4,0,0.2654,0.005,0.09609018,3%
7613-LLQFO,Male,0,0,0,12,Month-to-month,2,84.45,114,1013.4,1,0.2654,0.875,0.638406627,81%
4568-TTZRT,Male,0,0,0,9,Month-to-month,3,20.4,1362,183.6,0,0.2654,0.355,0.149559579,11%
9513-DXHDA,Male,0,0,0,27,One year,2,81.7,1848,2205.9,0,0.2654,0.005,0.07419446,6%
2640-PMGFL,Male,0,0,1,27,Month-to-month,2,79.5,1795,2146.5,1,0.2654,0.79,0.366247397,43%
3801-HMYNL,Male,0,1,1,1,Month-to-month,3,89.15,6297,89.15,1,0.2654,0.865,0.690390885,78%
0516-QREYC,Female,1,0,0,24,Month-to-month,3,20.3,3899,487.2,0,0.2654,0.005,0.144008936,4%
9685-WKZGT,Male,1,0,0,14,Month-to-month,2,74.95,76,1049.3,1,0.2654,0.785,0.619441682,63%
6022-UGGSO,Female,1,0,0,32,Month-to-month,2,74.4,1914,2380.8,1,0.2654,0.875,0.389184111,71%
8084-OIVBS,Female,0,0,0,11,One year,3,20,1740,220,0,0.2654,0.005,0.072192641,2%
8896-BQTTI,Male,0,0,0,1,Month-to-month,3,25,2147,25,0,0.2654,0.115,0.321217664,26%
3865-QBWSJ,Male,1,0,1,38,Month-to-month,3,80.45,2747,3057.1,0,0.2654,0.14,0.328406279,25%
3352-RICWQ,Female,0,1,1,9,Two year,3,19.75,1732,177.75,0,0.2654,0.02,0.032593836,1%
2160-GPFXD,Male,0,1,1,54,Two year,1,65.65,3089,3545.1,0,0.2654,0.025,0.010563623,2%
2065-MMKGR,Female,0,0,0,29,One year,1,71,1710,2059,0,0.2654,0.045,0.225298308,10%
5857-TYBCJ,Male,1,1,0,44,Month-to-month,2,89.2,3456,3924.8,0,0.2654,0.33,0.486439505,43%
1498-NHTLT,Male,0,1,1,59,Two year,2,86.75,4346,5118.25,0,0.2654,0,0.015748191,1%
4484-CGXFK,Female,0,0,0,3,Month-to-month,2,55.3,1563,165.9,1,0.2654,0.36,0.50599562,55%
1402-PTHGN,Female,0,1,1,18,One year,3,61.5,170,1107,0,0.2654,0.055,0.060307649,7%
4176-RELJR,Male,1,0,0,67,Two year,1,25.1,1158,1681.7,0,0.2654,0.01,0.003646006,0%
6214-EDAKZ,Female,0,1,1,22,Month-to-month,2,55.15,377,1213.3,1,0.2654,0.66,0.111311761,29%
5199-FPUSP,Male,0,0,1,33,One year,1,34.05,219,1123.65,0,0.2654,0.025,0.038072248,3%
6377-KSLXC,Male,0,0,0,5,Month-to-month,3,19.95,133,99.75,0,0.2654,0.085,0.164884238,17%
1796-JANOW,Female,0,0,0,2,Month-to-month,3,19.95,3255,39.9,0,0.2654,0.01125,0.217103625,6%
0238-WHBIQ,Male,0,1,1,72,Two year,1,89.7,5121,6458.4,0,0.2654,0,0.009974304,0%
8735-NBLWT,Male,0,0,1,9,Month-to-month,3,20.4,1395,183.6,0,0.2654,0.16,0.128336873,10%
6651-RLGGM,Male,0,1,1,67,Two year,3,26.3,1184,1762.1,0,0.2654,0,0.003078089,0%
6127-ISGTU,Female,0,1,0,16,Month-to-month,2,84.95,682,1359.2,1,0.2654,0.875,0.636828158,66%
1614-JBEBI,Female,0,0,0,8,Month-to-month,3,20.7,666,165.6,0,0.2654,0.07,0.20611488,13%
8740-XLHDR,Male,0,0,0,5,Month-to-month,3,43.25,1806,216.25,1,0.2654,0.82,0.309157027,56%
1208-DNHLN,Male,0,1,1,23,One year,1,48.35,129,1112.05,1,0.2654,0.615,0.126894942,32%
1761-AEZZR,Male,0,0,0,1,Month-to-month,2,79.55,5969,79.55,1,0.2654,0.995,0.718845937,91%
3923-CSIHK,Female,1,1,0,50,Month-to-month,2,71.05,2984,3552.5,1,0.2654,0.83,0.315239712,55%
5696-EXCYS,Male,0,0,0,17,Two year,1,19.45,3179,330.65,0,0.2654,0.01,0.024262824,1%
5795-KTGUD,Female,0,1,0,68,Two year,0,110.8,5803,7534.4,0,0.2654,0.03,0.082706503,8%
7120-RFMVS,Male,0,0,0,1,Month-to-month,2,84.5,6174,84.5,1,0.2654,0.935,0.707710788,95%
7924-GJZFI,Female,1,1,0,25,Month-to-month,2,69.3,1365,1732.5,0,0.2654,0.375,0.487710034,35%
4702-HDRKD,Male,0,0,0,67,One year,0,49.35,2886,3306.45,0,0.2654,0.02,0.023317668,1%
8512-WIWYV,Male,0,0,0,32,One year,1,20.35,5553,651.2,0,0.2654,0,0.029914492,1%
5897-ZYEKH,Female,1,1,0,67,One year,2,105.6,5582,7075.2,0,0.2654,0.2,0.19645405,9%
5456-ITGIC,Male,1,1,0,72,Two year,1,64.45,3933,4640.4,0,0.2654,0,0.016928785,1%
7317-GGVPB,Male,0,1,0,71,Two year,1,108.6,5864,7710.6,1,0.2654,0.705,0.078798087,39%
1406-PUQVY,Male,0,0,1,1,Month-to-month,2,49.9,4147,49.9,0,0.2654,0.17,0.381375409,36%
1322-AGOQM,Male,0,0,0,46,Month-to-month,0,30.3,688,1393.8,1,0.2654,0.76,0.095776982,36%
3677-IYRBF,Female,1,0,0,2,Month-to-month,2,30.4,5911,60.8,1,0.2654,0.76,0.679943487,80%
5692-FPTAH,Female,0,0,0,1,Month-to-month,3,45.4,3818,45.4,1,0.2654,0.825,0.494952594,67%
9114-AAFQH,Female,0,1,0,48,One year,2,65.65,2692,3151.2,0,0.2654,0.145,0.076747009,21%
8715-KKTFG,Female,0,1,0,61,One year,0,103.3,5217,6301.3,0,0.2654,0.105,0.204771964,15%
1550-LOAHA,Female,0,1,0,32,Month-to-month,0,84.15,2236,2692.8,1,0.2654,0.725,0.34560014,51%
1728-BQDMA,Female,0,0,0,2,Month-to-month,2,44.45,6101,88.9,0,0.2654,0.19,0.415239765,48%
0268-QKIWO,Female,0,0,0,3,Month-to-month,2,19.75,4783,59.25,1,0.2654,0.72,0.213086615,44%
0876-WDUUZ,Female,0,0,0,5,Month-to-month,1,85.4,3623,427,1,0.2654,0.54,0.616043261,62%
5117-ZSMHQ,Female,0,1,1,71,Two year,0,89.9,5124,6382.9,0,0.2654,0,0.010326964,1%
5151-HQRDG,Male,0,1,0,37,Month-to-month,3,55.05,1664,2036.85,0,0.2654,0.065,0.150855987,12%
0960-HUWBM,Male,0,1,1,65,Two year,0,104.1,5320,6766.5,0,0.2654,0.025,0.08120543,9%
6465-GSRCL,Female,0,0,1,67,One year,0,106.6,5640,7142.2,0,0.2654,0.08,0.150035452,11%
0617-FHSGK,Male,0,0,1,49,Month-to-month,1,75.2,3170,3684.8,1,0.2654,0.715,0.225597276,24%
0263-FJTQO,Male,0,1,1,50,Two year,1,70.5,3021,3525,0,0.2654,0.02,0.018234069,2%
7319-ZNRTR,Male,0,1,1,25,One year,2,19.6,3499,490,0,0.2654,0,0.0330758,2%
2858-MOFSQ,Female,0,0,1,17,One year,3,55.85,6412,949.45,1,0.2654,0.195,0.227751606,11%
7503-EPSZW,Female,0,1,1,64,Two year,3,24.05,1000,1539.2,0,0.2654,0,0.004634666,0%
7089-XXAYG,Male,0,1,0,25,One year,1,38.1,6484,952.5,0,0.2654,0.15,0.253047363,17%
8118-LSUEL,Male,1,0,0,23,Month-to-month,2,106.4,2131,2447.2,1,0.2654,0.865,0.668938334,76%
8070-AAWZP,Male,1,1,0,24,Month-to-month,3,34.25,6124,822,0,0.2654,0.115,0.295608249,17%
1666-JXLKU,Female,0,0,0,37,Month-to-month,2,100.05,3268,3701.85,0,0.2654,0.795,0.596717565,67%
7855-DIWPO,Female,0,0,0,21,Month-to-month,2,68.65,888,1441.65,0,0.2654,0.115,0.463238534,31%
5133-POWUA,Male,0,0,0,1,Month-to-month,3,45.8,3824,45.8,0,0.2654,0.34,0.486030033,63%
5652-MSDEY,Female,0,0,0,10,Month-to-month,3,75.75,5898,757.5,0,0.2654,0.62,0.701738271,53%
7005-CCBKV,Male,0,0,0,6,Month-to-month,2,84.4,4609,506.4,1,0.2654,0.845,0.653785199,64%
1810-BOHSY,Male,0,1,0,51,One year,1,96.4,4160,4916.4,0,0.2654,0.09,0.170374257,15%
1784-BXEFA,Female,0,0,0,10,Month-to-month,3,20.55,1441,205.5,0,0.2654,0.005,0.196654579,10%
7351-MHQVU,Female,0,0,0,6,Month-to-month,1,50.95,2668,305.7,0,0.2654,0.11,0.312565851,24%
9224-VTYID,Male,0,1,1,47,Two year,3,90.5,3674,4253.5,0,0.2654,0.01,0.029876604,1%
9500-IWPXQ,Female,0,1,1,61,One year,2,79.4,4074,4843.4,0,0.2654,0.02,0.030700064,3%
5762-TJXGK,Female,0,0,0,52,Two year,0,58.75,2640,3055,0,0.2654,0.05,0.034525191,5%
4504-YOULA,Female,0,1,1,35,Month-to-month,1,59.45,1756,2080.75,0,0.2654,0.105,0.114082134,19%
5569-IDSEY,Male,0,1,0,71,One year,0,105.7,5759,7504.7,0,0.2654,0.035,0.201625529,13%
4250-FDVOU,Female,0,0,0,6,Month-to-month,2,56.25,3329,337.5,1,0.2654,0.215,0.222906187,8%
7284-ZZLOH,Male,0,1,0,45,Two year,1,53.3,1937,2398.5,0,0.2654,0.025,0.012756953,1%
5277-ZLOOR,Female,1,0,0,2,Month-to-month,2,85.55,1442,171.1,1,0.2654,0.87,0.764657453,91%
2141-RRYGO,Female,0,0,0,4,Month-to-month,0,68.65,2258,274.6,1,0.2654,0.695,0.466038978,51%
1777-JYQPJ,Male,0,0,0,2,Month-to-month,3,24.3,3257,48.6,0,0.2654,0.555,0.536620833,41%
6376-GAHQE,Male,0,0,0,4,Month-to-month,2,77.85,2584,311.4,1,0.2654,0.885,0.577060045,69%
3401-URHDA,Male,0,0,0,51,One year,1,59.9,2643,3054.9,0,0.2654,0.075,0.023042393,11%
1599-EAHXY,Male,0,1,1,60,One year,1,23.95,920,1437,0,0.2654,0,0.007513543,1%
8631-XVRZL,Male,0,0,0,9,One year,3,20.15,1104,181.35,0,0.2654,0.015,0.099059088,2%
5052-PNLOS,Male,0,0,0,3,Month-to-month,0,105.35,2808,316.05,1,0.2654,0.965,0.723740471,88%
3853-LYGAM,Male,0,0,0,17,Month-to-month,0,95.65,1116,1626.05,0,0.2654,0.165,0.539360411,23%
6979-ZNSFF,Female,0,0,0,8,Month-to-month,2,87.05,5835,696.4,1,0.2654,0.925,0.747043406,78%
5751-USDBL,Male,0,1,1,46,Two year,3,81,3290,3726,0,0.2654,0.03,0.018820763,1%
5680-LQOGP,Female,0,0,0,68,Two year,1,82.45,4674,5606.6,0,0.2654,0.005,0.01195235,1%
2386-LAHRK,Male,0,0,0,1,Month-to-month,3,53.5,4432,53.5,1,0.2654,0.89,0.521276836,64%
8189-DUKMV,Female,0,1,0,4,One year,0,20.5,5961,82,0,0.2654,0.05,0.107361784,8%
6032-IGALN,Female,0,0,0,1,Month-to-month,3,25.1,2149,25.1,1,0.2654,0.74,0.628501191,57%
9931-DCEZH,Male,0,0,1,28,One year,1,54.4,934,1523.2,0,0.2654,0.045,0.053391633,3%
1898-JSNDC,Female,0,0,0,39,One year,1,58.6,1858,2285.4,0,0.2654,0.025,0.07724361,12%
0315-LVCRK,Male,0,0,0,11,Month-to-month,2,84.8,6292,932.8,0,0.2654,0.13,0.600642191,50%
3911-RSNHI,Female,0,1,0,71,Two year,1,61.4,3671,4359.4,0,0.2654,0,0.024087134,1%
2410-CIYFZ,Male,0,0,1,2,Month-to-month,3,20.4,3590,40.8,0,0.2654,0.01,0.185402448,5%
4248-HCETZ,Male,1,1,0,30,Month-to-month,3,79.65,2001,2389.5,1,0.2654,0.82,0.415714544,45%
5505-OVWQW,Female,0,0,0,17,One year,3,20.15,3059,342.55,0,0.2654,0.01,0.059216924,1%
7271-AJDTL,Female,0,1,0,55,Month-to-month,1,94.45,4293,5194.75,0,0.2654,0.25,0.34780916,31%
1867-TJHTS,Female,0,0,0,58,Month-to-month,0,79.8,3853,4628.4,0,0.2654,0.15,0.196723345,16%
0516-WJVXC,Female,0,0,0,5,Month-to-month,2,54.2,2673,271,1,0.2654,0.24,0.188803698,22%
9174-FKWZE,Female,1,0,0,1,Month-to-month,2,19.45,1483,19.45,1,0.2654,0.27,0.290548821,45%
6860-YRJZP,Male,1,0,0,9,Month-to-month,2,74.05,5362,666.45,0,0.2654,0.27,0.709383118,72%
4429-WYGFR,Male,0,0,0,26,Month-to-month,0,49.15,433,1277.9,0,0.2654,0.015,0.110809251,6%
2817-LVCPP,Female,0,0,0,50,Two year,1,19.4,50,970,0,0.2654,0.005,0.00469822,1%
5038-ETMLM,Female,0,1,0,72,Two year,0,113.65,6092,8182.8,0,0.2654,0,0.05463538,1%
5056-FIMPT,Female,0,0,1,43,One year,1,106,3858,4558,0,0.2654,0.17,0.129058906,34%
4521-WFJAI,Male,0,0,0,56,Two year,0,25.95,824,1453.2,0,0.2654,0.02,0.00681141,3%
6569-KTMDU,Female,0,0,0,1,Month-to-month,3,19.1,1477,19.1,0,0.2654,0.085,0.207062034,18%
8809-RIHDD,Male,0,1,1,72,Two year,2,103.4,5701,7444.8,1,0.2654,0.65,0.086551446,18%
8809-XKHMD,Male,0,1,0,72,Two year,0,100.55,5682,7239.6,0,0.2654,0.01,0.03811519,1%
0396-YCHWO,Male,0,1,0,36,Month-to-month,2,95.4,3009,3434.4,0,0.2654,0.18,0.597969372,47%
0867-LDTTC,Male,0,0,0,5,Month-to-month,0,75.15,3356,375.75,0,0.2654,0.145,0.343030419,26%
4822-NGOCH,Female,0,0,0,13,Month-to-month,2,84.45,113,1097.85,1,0.2654,0.84,0.546278748,73%
9391-DXGGG,Female,1,0,0,44,One year,1,89.15,3409,3922.6,0,0.2654,0.085,0.177829137,7%
9844-FELAJ,Female,1,1,1,70,One year,2,107.9,5761,7553,0,0.2654,0.06,0.166190471,11%
2122-SZZZD,Male,0,0,0,44,One year,1,19.5,6161,858,0,0.2654,0,0.017319929,1%
5307-DZCVC,Female,1,1,0,32,Month-to-month,1,85.95,2277,2750.4,1,0.2654,0.76,0.57306286,49%
3148-AOIQT,Female,0,1,0,69,Two year,1,24.95,1223,1721.55,0,0.2654,0,0.004199959,0%
8679-JOEVF,Female,1,0,0,16,Month-to-month,2,59.4,49,950.4,1,0.2654,0.725,0.2327141,31%
8395-ETZKQ,Male,1,1,1,68,One year,0,19.5,361,1326,0,0.2654,0.005,0.00413721,1%
6692-YQHXC,Male,0,0,0,16,Month-to-month,1,69.95,376,1119.2,0,0.2654,0.195,0.485778291,22%
3889-VWBID,Male,0,1,1,68,Two year,0,82.85,4766,5633.8,0,0.2654,0,0.008079731,1%
5222-JCXZT,Male,0,0,0,4,Month-to-month,3,19,5913,76,0,0.2654,0.005,0.212085517,3%
9754-CLVZW,Female,0,1,1,26,Month-to-month,1,38.85,55,1010.1,0,0.2654,0.35,0.095023355,28%
1432-FPAXX,Female,0,0,0,29,Month-to-month,2,30.6,6229,887.4,1,0.2654,0.295,0.322083214,35%
2739-CCZMB,Male,0,0,1,5,Month-to-month,1,20.35,404,101.75,0,0.2654,0.055,0.133048766,13%
7080-TNUWP,Male,0,1,0,70,One year,0,95,5269,6650,0,0.2654,0.11,0.135366298,10%
0496-AHOOK,Male,0,1,0,24,One year,0,74.4,1214,1785.6,0,0.2654,0.02,0.070366581,6%
8336-TAVKX,Female,1,1,0,72,Two year,0,78.45,4694,5648.4,0,0.2654,0.005,0.009323966,0%
2468-SJFLM,Male,0,0,0,1,Month-to-month,3,74.3,5717,74.3,0,0.2654,0.675,0.608924489,65%
3181-VTHOE,Male,0,1,0,70,One year,0,51.05,3141,3573.5,0,0.2654,0.085,0.033714798,7%
7168-HDQHG,Female,0,1,1,36,Month-to-month,0,19.2,5531,691.2,0,0.2654,0.015,0.043991714,4%
4803-AXVYP,Female,1,0,0,38,Month-to-month,2,99.55,3214,3782.9,1,0.2654,0.715,0.546310276,65%
3884-HCSWG,Female,0,0,0,17,Month-to-month,2,70,274,1190,1,0.2654,0.69,0.499407006,63%
4567-AKPIA,Female,0,1,1,41,One year,0,109.1,3781,4473.1,0,0.2654,0.08,0.23112363,21%
5077-DXTCG,Female,0,0,0,1,Month-to-month,2,45.3,3816,45.3,1,0.2654,0.945,0.48243988,77%
1142-WACZW,Male,0,0,0,2,Month-to-month,0,29.85,5774,59.7,1,0.2654,0.765,0.444991826,64%
7901-HXJVA,Male,0,0,0,14,Month-to-month,2,76.45,225,1070.3,0,0.2654,0.12,0.43657959,29%
5649-ANRML,Male,1,0,0,2,Month-to-month,1,95.1,1345,190.2,1,0.2654,0.88,0.582728471,78%
4892-VLANZ,Male,0,0,0,1,Month-to-month,3,19.8,1490,19.8,1,0.2654,0.433,0.202409469,42%
5924-IFQTT,Male,0,1,1,13,Month-to-month,2,72.8,6396,946.4,0,0.2654,0.07,0.316285724,21%
7968-QUXNS,Male,0,0,0,6,Month-to-month,3,18.95,198,113.7,0,0.2654,0.14,0.155799161,16%
2919-HBCJO,Female,0,0,0,4,Month-to-month,0,76.65,2890,306.6,1,0.2654,0.86,0.580743631,80%
4236-XPXAV,Female,0,1,1,5,Month-to-month,3,99.15,3934,495.75,1,0.2654,0.9,0.595554437,84%
8903-WMRNW,Female,0,1,0,15,Month-to-month,2,101.75,1152,1526.25,0,0.2654,0.25,0.47682121,38%
2452-SNHFZ,Female,0,0,0,47,Month-to-month,1,75.45,3071,3546.15,0,0.2654,0.14,0.159018427,18%
3629-WEAAM,Female,0,0,0,8,Month-to-month,3,64.1,4270,512.8,0,0.2654,0.295,0.326928255,15%
6029-CSMJE,Male,0,0,0,17,Month-to-month,3,25.65,3751,436.05,0,0.2654,0.08,0.46131617,21%
7993-NQLJE,Male,0,1,1,15,Month-to-month,3,75.1,288,1126.5,0,0.2654,0.375,0.299695605,20%
9909-DFRJA,Female,0,0,0,26,One year,0,95.85,2125,2492.1,0,0.2654,0.07,0.182791609,13%
9099-FTUHS,Female,0,0,0,23,Month-to-month,2,54.4,453,1251.2,0,0.2654,0.455,0.163929796,28%
0581-BXBUB,Female,1,0,0,4,Month-to-month,2,72.75,2754,291,0,0.2654,0.485,0.540758384,44%
4962-CHQPW,Male,0,0,1,29,One year,3,19.85,4465,575.65,0,0.2654,0.005,0.029567155,1%
9467-ROOLM,Female,0,0,0,25,Month-to-month,3,19.05,3913,476.25,0,0.2654,0.01,0.086776289,2%
3030-YZADT,Male,0,0,0,9,Month-to-month,3,44.95,3670,404.55,1,0.2654,0.67,0.324520563,16%
7410-KTVFV,Male,0,1,0,18,Month-to-month,3,49.55,6280,891.9,1,0.2654,0.685,0.344760918,28%
5150-ITWWB,Male,1,0,0,3,Month-to-month,2,94.85,2908,284.55,0,0.2654,0.37,0.809304295,82%
2253-KPMNB,Female,0,1,1,69,Two year,0,46.25,2712,3191.25,0,0.2654,0.01,0.004517988,1%
1345-ZUKID,Male,0,0,0,14,One year,3,19.35,2821,270.9,0,0.2654,0,0.062825419,1%
6429-SHBCB,Male,0,0,0,19,Month-to-month,3,69.6,719,1322.4,0,0.2654,0.07,0.382732227,6%
9281-OFDMF,Male,1,0,0,39,Month-to-month,2,90.7,2957,3537.3,0,0.2654,0.315,0.430982855,29%
2603-HVKCG,Male,0,0,0,31,Month-to-month,2,101.4,2733,3143.4,0,0.2654,0.465,0.516427654,37%
1834-WULEG,Male,0,1,1,24,One year,3,20.25,3727,486,0,0.2654,0,0.037290428,1%
9097-ZUBYC,Male,0,1,0,14,Month-to-month,0,48.8,5286,683.2,0,0.2654,0.145,0.206623252,17%
5148-ORICT,Female,0,1,0,64,Two year,3,74.35,4029,4758.4,0,0.2654,0.005,0.011650791,1%
4893-GYUJU,Female,0,0,0,50,One year,3,19.35,70,967.5,0,0.2654,0.01,0.015356051,2%
4578-PHJYZ,Male,0,1,1,52,One year,2,68.75,3019,3575,0,0.2654,0.035,0.03478645,5%
7272-QDCKA,Male,0,0,0,28,One year,2,100.2,2338,2805.6,0,0.2654,0.155,0.329558336,19%
8908-SLFCJ,Female,0,0,0,21,Two year,1,20.85,3697,437.85,0,0.2654,0,0.030822174,1%
8393-DLHGA,Male,0,0,1,25,Month-to-month,2,95.9,2100,2397.5,1,0.2654,0.445,0.50233765,46%
9766-HGEDE,Female,0,1,0,17,One year,3,19.35,2666,328.95,0,0.2654,0,0.058667775,2%
6968-MHOMU,Male,0,1,0,58,One year,1,45,2340,2610,0,0.2654,0.075,0.097397392,14%
7395-IGJOS,Male,1,1,0,17,Month-to-month,0,81.5,599,1385.5,1,0.2654,0.78,0.526188937,43%
5044-XDPYX,Female,0,1,0,51,Two year,3,25.5,515,1300.5,0,0.2654,0.005,0.00744859,0%
1814-WFGVS,Male,0,1,1,72,Two year,3,48.9,3055,3520.8,0,0.2654,0.01,0.006377847,0%
2834-SPCJV,Male,0,1,0,52,Month-to-month,2,84.1,3695,4373.2,1,0.2654,0.75,0.178603777,60%
3721-WKIIL,Female,0,0,0,27,Two year,3,19.6,4644,529.2,0,0.2654,0,0.026029364,1%
6734-CKRSM,Female,0,0,0,3,Month-to-month,3,20,5091,60,0,0.2654,0.14,0.224832322,30%
1265-ZFOSD,Female,0,1,0,64,Two year,3,81.3,4318,5203.2,0,0.2654,0.005,0.017759256,0%
6568-POCUI,Female,0,1,0,45,Two year,1,95.2,3647,4284,0,0.2654,0.015,0.118136364,5%
7890-VYYWG,Male,1,1,0,3,Month-to-month,3,36.45,6394,109.35,1,0.2654,0.86,0.729813643,88%
5197-LQXXH,Female,0,1,0,71,Two year,1,83.3,4836,5914.3,0,0.2654,0.01,0.023895715,1%
9907-SWKKF,Female,1,0,0,1,Month-to-month,3,25.05,2148,25.05,1,0.2654,0.76,0.590132796,65%
3457-PQBYH,Female,0,1,1,58,Two year,1,20.3,303,1177.4,0,0.2654,0,0.002915115,1%
7682-AZNDK,Male,0,1,1,34,Month-to-month,2,89.85,2688,3054.9,0,0.2654,0.285,0.359816909,30%
0587-DMGBH,Female,0,0,0,8,Month-to-month,2,49.85,3154,398.8,1,0.2654,0.69,0.298431788,18%
5384-ZTTWP,Female,0,1,1,15,Month-to-month,3,19.8,2363,297,0,0.2654,0.025,0.110236105,13%
3745-HRPHI,Male,0,1,1,66,Two year,0,54.65,3139,3606.9,0,0.2654,0,0.01641392,1%
7636-OWBPG,Male,1,0,0,12,Month-to-month,1,29.35,3266,352.2,0,0.2654,0.09,0.475479045,31%
1231-YNDEK,Male,0,0,0,58,Two year,0,19.15,73,1110.7,0,0.2654,0.07,0.004038524,3%
1407-DIGZV,Female,0,1,1,3,Two year,3,19.1,4353,57.3,0,0.2654,0.03,0.047665989,1%
6397-JNZZG,Female,1,1,0,43,Month-to-month,1,55.55,1977,2388.65,1,0.2654,0.72,0.252430876,52%
0570-BFQHT,Female,0,0,0,9,Month-to-month,2,80.55,5225,724.95,0,0.2654,0.16,0.498180711,45%
4393-OBCRR,Female,0,0,0,3,One year,3,20.25,5567,60.75,0,0.2654,0.08,0.120887637,3%
3523-QRQLL,Female,0,1,1,22,One year,0,69.5,897,1529,1,0.2654,0.16,0.150456545,10%
8564-LDKFL,Male,0,1,0,40,One year,0,106,3569,4240,0,0.2654,0.085,0.336789106,31%
3696-DFHHB,Female,0,0,0,68,Two year,0,25.5,1377,1734,0,0.2654,0,0.003027506,0%
0895-DQHEW,Male,0,1,0,54,Month-to-month,2,104.3,4415,5632.2,1,0.2654,0.815,0.454033499,68%
4717-GHADL,Female,0,0,0,50,Two year,3,79.6,3442,3980,0,0.2654,0.015,0.045827181,1%
5501-TVMGM,Male,0,0,0,1,Month-to-month,2,55.25,4561,55.25,0,0.2654,0.22,0.550340033,51%
5879-HMFFH,Female,0,1,0,72,Two year,0,88.05,5219,6339.6,0,0.2654,0,0.011179301,0%
6772-WFQRD,Male,0,0,1,40,One year,0,20.4,6224,816,0,0.2654,0.045,0.023645688,2%
3810-DVDQQ,Female,0,1,1,72,Two year,0,117.6,6139,8467.2,0,0.2654,0.045,0.053687445,1%
6972-SNKKW,Female,0,0,0,6,Month-to-month,3,20,173,120,0,0.2654,0.045,0.165069955,9%
3694-GLTJM,Female,0,0,0,5,Month-to-month,1,19.65,6366,98.25,0,0.2654,0.215,0.259726405,6%
8550-XSXUQ,Male,0,1,0,48,One year,1,70.55,2966,3386.4,0,0.2654,0.11,0.095288345,12%
8149-RSOUN,Female,0,0,0,1,Month-to-month,2,93.85,6395,93.85,1,0.2654,0.99,0.822309815,96%
9055-MOJJJ,Female,0,1,1,64,One year,3,65.8,3477,4211.2,0,0.2654,0.015,0.015047239,2%
4359-INNWN,Female,0,0,0,17,One year,1,20.05,2925,340.85,0,0.2654,0.005,0.053645849,3%
0585-EGDDA,Male,0,1,0,40,Month-to-month,2,80,2751,3200,0,0.2654,0.14,0.304519686,45%
4032-RMHCI,Female,0,1,1,41,One year,1,35.4,756,1451.4,0,0.2654,0.015,0.042889782,4%
0549-CYCQN,Male,1,0,0,51,One year,0,79.6,3398,4059.6,0,0.2654,0.035,0.168162439,6%
3481-JHUZH,Male,0,1,0,41,Month-to-month,2,80.25,2978,3290.25,0,0.2654,0.145,0.368234414,45%
7250-EQKIY,Female,0,1,1,1,Month-to-month,3,50.45,4228,50.45,1,0.2654,0.92,0.375279365,83%
3594-IVHJZ,Female,0,0,0,2,Month-to-month,3,20.45,3588,40.9,0,0.2654,0.01125,0.282933504,8%
6869-FGJJC,Male,0,0,0,68,One year,1,79.6,4538,5412.8,0,0.2654,0.085,0.055749268,7%
3896-ZVNET,Female,0,1,1,24,Two year,3,24.7,4714,592.8,0,0.2654,0.005,0.025119446,1%
8205-VSLRB,Male,0,1,0,70,Two year,1,77.3,4556,5411,0,0.2654,0.03,0.010922631,6%
5960-MVTUK,Male,0,0,0,3,Month-to-month,2,29.75,6469,89.25,0,0.2654,0.45,0.546586642,46%
6817-WTYHE,Male,0,0,0,2,Month-to-month,0,44.9,209,89.8,0,0.2654,0.21,0.317926504,41%
3082-VQXNH,Male,0,1,0,3,Month-to-month,1,29.8,6420,89.4,0,0.2654,0.225,0.502497948,36%
4013-UBXWQ,Female,0,0,0,7,Month-to-month,2,74.65,4363,522.55,1,0.2654,0.82,0.521344316,62%
4931-TRZWN,Female,0,0,0,13,Month-to-month,2,71.95,6378,935.35,0,0.2654,0.16,0.416920727,25%
0750-EKNGL,Male,0,0,0,7,Month-to-month,3,20.75,745,145.25,0,0.2654,0.03,0.15888116,12%
7669-LCRSD,Male,0,1,1,12,Month-to-month,3,56.3,5076,675.6,0,0.2654,0.07,0.404881142,18%
3567-PQTSO,Male,0,1,1,53,One year,2,105.25,4619,5578.25,0,0.2654,0.085,0.255496701,32%
5519-NPHVG,Female,0,0,0,12,Month-to-month,2,94.2,88,1130.4,1,0.2654,0.85,0.713969817,90%
8043-PNYSD,Male,0,1,1,63,Two year,3,19.55,449,1231.65,0,0.2654,0,0.002376777,1%
9938-EKRGF,Female,0,0,0,15,Month-to-month,3,84.45,522,1266.75,0,0.2654,0.085,0.170899107,13%
2703-AMTUL,Male,0,1,1,36,One year,3,53.65,1541,1931.4,0,0.2654,0.005,0.029974576,3%
0928-JMXNP,Male,1,1,0,4,Month-to-month,2,29.9,334,119.6,0,0.2654,0.27,0.589944881,69%
8173-RXAYP,Female,0,1,1,24,Two year,3,19.7,3846,472.8,0,0.2654,0,0.018141461,1%
4825-XJGDM,Female,0,0,0,61,One year,1,43.7,2343,2665.7,0,0.2654,0.02,0.014573199,1%
5402-HTOTQ,Male,0,0,0,16,Month-to-month,2,55.3,6275,884.8,0,0.2654,0.15,0.304513939,19%
6734-JDTTV,Male,0,1,1,65,Two year,1,19.85,489,1290.25,0,0.2654,0,0.002757445,1%
7850-THJMU,Female,0,1,1,26,Two year,1,19.65,4187,510.9,0,0.2654,0.01,0.015290075,1%
3890-RTCMS,Male,0,0,0,16,Month-to-month,3,49.45,6008,791.2,0,0.2654,0.125,0.281925346,16%
8849-GYOKR,Female,0,1,0,54,One year,0,106.55,4759,5753.7,1,0.2654,0.37,0.158990653,49%
3148-BLQJT,Male,0,0,0,1,Month-to-month,3,20.1,1608,20.1,1,0.2654,0.936428571,0.204452209,50%
3717-FDJFU,Male,0,0,1,5,Two year,3,20.45,119,102.25,0,0.2654,0.015,0.034167364,1%
3665-JATSN,Female,0,0,0,19,Month-to-month,2,39.7,5572,754.3,0,0.2654,0.155,0.49187282,39%
7966-YOTQW,Male,0,0,0,10,Month-to-month,1,54.5,4690,545,0,0.2654,0.17,0.33471662,14%
0461-CVKMU,Female,0,1,1,23,Month-to-month,2,83.8,1498,1927.4,1,0.2654,0.69,0.236672477,40%
8806-EAGWC,Male,0,0,0,3,Month-to-month,3,55.15,1042,165.45,1,0.2654,0.345,0.390312448,41%
8853-TZDGH,Female,0,0,0,72,Two year,0,111.6,6028,8035.2,0,0.2654,0.005,0.084035938,2%
7779-LGOVN,Male,1,1,0,10,Month-to-month,2,86.65,6231,866.5,1,0.2654,0.84,0.785999609,80%
4324-BZCKL,Female,0,1,1,10,Month-to-month,3,55.55,4575,555.5,0,0.2654,0.095,0.330807597,9%
6924-TDGMT,Male,0,1,0,11,One year,3,20.55,1399,226.05,0,0.2654,0.03,0.095693313,3%
9710-ZUSHQ,Female,1,0,0,37,Month-to-month,0,106.75,3467,3949.75,1,0.2654,0.735,0.486157687,51%
1536-YHDOE,Male,0,1,1,17,One year,3,62.1,193,1055.7,0,0.2654,0.035,0.09281744,6%
8123-QBNAZ,Female,0,1,1,36,Month-to-month,1,104.5,3174,3762,0,0.2654,0.12,0.444899304,33%
3629-ZNKXA,Male,1,0,0,17,Month-to-month,2,101.8,1273,1730.6,0,0.2654,0.6,0.632689609,53%
4827-LTQRJ,Female,1,1,1,66,One year,1,110.6,5628,7299.6,0,0.2654,0.04,0.131245077,6%
7711-YIJWC,Male,0,1,1,61,One year,0,84.9,4404,5178.9,0,0.2654,0.085,0.019706155,5%
5482-VXSXJ,Male,0,0,0,22,Month-to-month,3,93.2,1771,2050.4,0,0.2654,0.145,0.557122598,25%
7365-BVCJH,Male,0,0,0,1,Month-to-month,2,24.4,2039,24.4,0,0.2654,0.285,0.601513295,66%
9620-ENEJV,Female,0,0,0,6,Month-to-month,1,70.55,3685,423.3,0,0.2654,0.17,0.546418483,40%
4183-WCSEP,Male,0,0,0,31,Month-to-month,2,78.45,2084,2431.95,1,0.2654,0.25,0.274339469,30%
2378-YIZKA,Female,0,1,1,68,Two year,1,85,4642,5780,0,0.2654,0,0.011372077,1%
5498-TXHLF,Female,0,1,1,34,Month-to-month,2,87.45,2480,2973.3,1,0.2654,0.295,0.381723691,42%
0689-DSXGL,Female,0,1,1,52,Month-to-month,0,85.8,3766,4461.6,0,0.2654,0.145,0.120644617,12%
6818-DJXAA,Female,0,0,1,10,Month-to-month,2,91.1,6474,911,0,0.2654,0.12,0.550006156,20%
9722-UJOJR,Male,0,1,1,29,Month-to-month,2,70.75,1579,2051.75,1,0.2654,0.745,0.372004672,46%
0464-WJTKO,Female,0,1,1,72,Two year,0,20.1,852,1447.2,0,0.2654,0,0.001473806,0%
8902-ZEOVF,Male,0,1,1,47,One year,3,20.05,6450,942.35,0,0.2654,0.01,0.014780717,1%
6778-EICRF,Male,0,1,1,24,One year,3,74.8,1376,1795.2,0,0.2654,0.02,0.121958115,6%
2662-NNTDK,Male,0,0,0,65,One year,1,24.8,1060,1612,0,0.2654,0.04,0.00721208,1%
4132-KALRO,Female,0,0,0,4,Month-to-month,3,100.85,3405,403.4,0,0.2654,0.785,0.737730889,87%
3902-FOIGH,Male,1,1,0,12,Month-to-month,2,101.35,401,1216.2,1,0.2654,0.96,0.721562686,86%
6772-KSATR,Male,0,0,0,1,Month-to-month,2,81.7,6059,81.7,1,0.2654,0.92,0.65132087,85%
7112-OPOTK,Male,0,0,0,33,Month-to-month,2,68.25,1789,2252.25,1,0.2654,0.715,0.288419749,35%
2874-YXVVA,Female,0,0,0,34,Month-to-month,2,105.1,3140,3573.4,0,0.2654,0.12,0.422810749,31%
1245-HARPS,Female,0,1,0,14,Two year,3,20.4,2523,285.6,0,0.2654,0.005,0.032611968,0%
4210-QFJMF,Female,0,0,0,4,Month-to-month,2,79.15,2753,316.6,1,0.2654,0.7525,0.698030104,72%
4323-ELYYB,Male,0,1,1,13,One year,3,20,1794,260,0,0.2654,0.015,0.055297738,2%
4293-ETKAP,Female,0,1,1,65,Two year,0,79.4,4292,5161,0,0.2654,0.02,0.022409024,4%
6064-PUPMC,Male,0,1,1,23,One year,1,57.2,779,1315.6,0,0.2654,0,0.040097465,6%
6504-VBLFL,Male,0,1,0,55,Two year,2,58.6,2664,3223,0,0.2654,0.055,0.008404234,6%
6322-PJJDJ,Male,0,1,0,49,Two year,2,94.8,3973,4645.2,0,0.2654,0.055,0.124308088,16%
0330-BGYZE,Male,0,1,0,60,One year,0,102.5,5024,6150,0,0.2654,0.22,0.171734437,23%
1085-LDWAM,Female,0,1,1,69,One year,1,20.35,822,1404.15,0,0.2654,0.005,0.005370376,1%
7586-ZATGZ,Male,0,0,0,40,Month-to-month,2,84.9,2923,3396,0,0.2654,0.17,0.463809969,52%
7197-VOJMM,Male,0,1,0,67,Two year,1,69.2,3954,4636.4,0,0.2654,0.05,0.008706099,3%
3318-OSATS,Male,1,0,0,35,Month-to-month,2,95.45,3008,3340.75,1,0.2654,0.83,0.636621598,57%
5828-AVIPD,Male,0,1,1,19,One year,2,100.95,1451,1918.05,1,0.2654,0.83,0.382249496,45%
1843-TLSGD,Female,0,1,1,13,Two year,3,20.85,2362,271.05,0,0.2654,0.005,0.028778596,1%
9626-VFRGG,Female,0,0,1,41,Month-to-month,0,88.5,3146,3628.5,0,0.2654,0.22,0.357308802,22%
7075-BNDVQ,Female,0,0,0,4,Month-to-month,3,35,640,140,0,0.2654,0.305,0.375689838,26%
9143-CANJF,Female,0,1,1,24,Month-to-month,2,55.15,581,1323.6,0,0.2654,0.04,0.082218021,17%
7284-BUYEC,Female,0,0,0,5,Month-to-month,1,50.95,1929,254.75,0,0.2654,0.255,0.629540745,53%
2041-JIJCI,Female,0,0,0,5,Month-to-month,2,64,3190,320,0,0.2654,0.11,0.518036592,25%
1086-LXKFY,Female,0,1,1,1,Month-to-month,3,69.1,5440,69.1,1,0.2654,0.975,0.664542779,91%
4900-MSOMT,Female,0,1,1,72,Two year,0,80.2,4716,5774.4,0,0.2654,0.005,0.006323154,0%
2229-VWQJH,Female,0,0,0,24,Month-to-month,1,49.3,426,1183.2,0,0.2654,0.06,0.221558103,14%
9194-GFVOI,Female,0,1,0,42,Two year,1,84.35,3095,3542.7,0,0.2654,0.03,0.030788309,1%
1336-EZFZY,Female,0,0,0,4,Month-to-month,3,20.05,6131,80.2,0,0.2654,0.02,0.225817276,5%
4282-MSACW,Male,0,0,0,68,One year,1,117.2,6035,7969.6,0,0.2654,0.68,0.133281652,85%
1403-LKLIK,Female,0,1,1,33,One year,3,20.1,4774,663.3,0,0.2654,0.005,0.027120622,1%
2636-ALXXZ,Female,1,0,0,1,Month-to-month,2,69.6,5448,69.6,1,0.2654,1,0.723295606,92%
7774-OJSXI,Male,0,0,0,31,One year,2,103.45,2662,3206.95,1,0.2654,0.75,0.376714285,53%
7786-WBJYI,Female,0,0,0,4,Month-to-month,0,77.95,2651,311.8,1,0.2654,0.88,0.541877482,85%
0136-IFMYD,Male,1,1,0,69,Two year,2,109.95,5843,7586.55,0,0.2654,0.115,0.104870201,34%
5144-TVGLP,Male,1,0,0,38,Month-to-month,2,94.75,3158,3600.5,0,0.2654,0.36,0.534047607,42%
9643-AVVWI,Female,0,1,1,3,Month-to-month,2,80,2055,240,0,0.2654,0.685,0.466593,63%
0253-ZTEOB,Female,0,1,1,48,Two year,2,79.65,3312,3823.2,0,0.2654,0.015,0.029383976,1%
2706-QZIHY,Female,0,1,0,15,Two year,3,25.2,3310,378,0,0.2654,0.015,0.042111623,1%
6061-PQHMK,Female,0,0,0,25,One year,1,19.9,4410,497.5,0,0.2654,0,0.040082693,1%
9885-CSMWE,Female,1,0,0,1,Month-to-month,2,78.45,5910,78.45,1,0.2654,0.975,0.689098624,91%
6137-MFAJN,Female,0,0,0,48,Month-to-month,2,44.8,1734,2150.4,0,0.2654,0.09,0.123233578,36%
9122-UMROB,Male,0,0,0,1,Month-to-month,3,20.3,1612,20.3,0,0.2654,0.062416667,0.205220853,25%
4232-JGKIY,Male,0,0,0,1,Month-to-month,2,19.2,1479,19.2,0,0.2654,0.1,0.192611437,22%
2402-TAIRZ,Female,0,0,0,37,One year,2,80.05,2615,2961.85,0,0.2654,0.02,0.139319078,15%
9659-ZTWSM,Male,1,1,0,66,One year,0,107.35,5546,7085.1,0,0.2654,0.065,0.181644667,19%
9139-TWBAS,Female,0,1,0,26,One year,0,47.85,355,1244.1,0,0.2654,0.105,0.086122397,4%
6685-GBWJZ,Male,0,1,0,63,One year,1,70.8,3774,4460.4,0,0.2654,0.08,0.014596564,4%
5016-ETTFF,Male,0,0,0,10,Month-to-month,3,29.5,2203,295,1,0.2654,0.805,0.427285101,50%
3866-MDTUB,Female,0,0,0,2,Month-to-month,2,70.75,850,141.5,1,0.2654,0.375,0.435045678,43%
2195-VVRJF,Male,1,1,0,18,Month-to-month,1,59.1,25,1063.8,0,0.2654,0.385,0.269372879,27%
3913-RDSJZ,Female,0,1,0,64,Two year,3,25.55,1217,1635.2,0,0.2654,0,0.004290274,0%
8058-JMEQO,Female,1,0,0,9,Month-to-month,2,84.45,5838,760.05,1,0.2654,0.95,0.781121639,83%
4203-QGNZA,Female,0,0,1,28,Month-to-month,3,20.25,4466,567,0,0.2654,0.015,0.068382978,2%
5043-TRZWM,Female,0,0,0,1,Month-to-month,2,75.55,5773,75.55,0,0.2654,0.335,0.615725166,70%
0697-ZMSWS,Male,0,0,0,4,Month-to-month,2,85.65,2934,342.6,1,0.2654,0.95,0.750618877,84%
7657-DYEPJ,Male,1,0,0,38,One year,1,70.15,2144,2665.7,1,0.2654,0.125,0.071174528,12%
9494-BDNNC,Male,0,1,0,66,One year,2,95.3,5075,6289.8,0,0.2654,0.1,0.135918977,24%
1640-PLFMP,Female,0,0,0,1,Month-to-month,2,70.25,5506,70.25,0,0.2654,0.915,0.692900962,81%
5366-OBVMR,Female,0,1,0,18,Month-to-month,3,50.3,6341,905.4,0,0.2654,0.12,0.289235243,21%
8276-MQBYC,Male,1,0,0,51,Month-to-month,2,97.8,4162,4987.8,1,0.2654,0.855,0.524367775,58%
7644-OMVMY,Male,0,1,1,0,Two year,3,19.85,0,0,0,0.2654,0.025,0.043248592,2%
7593-XFKDI,Male,0,0,0,1,Month-to-month,3,46.3,3906,46.3,1,0.2654,0.54,0.409664895,48%
4573-JKNAE,Male,0,0,1,12,Two year,0,19.35,1747,232.2,0,0.2654,0.02,0.022763772,1%
0337-CNPZE,Female,0,0,0,41,Month-to-month,2,106.3,3770,4358.3,1,0.2654,0.88,0.550262011,75%
9817-APLHW,Male,0,0,0,12,Month-to-month,2,25,2741,300,0,0.2654,0.06,0.168938543,11%
8380-MQINP,Female,0,1,1,55,Two year,3,20.3,153,1116.5,0,0.2654,0,0.003660223,1%
0840-DFEZH,Female,0,0,0,7,Month-to-month,2,75.35,4671,527.45,0,0.2654,0.21,0.697826557,46%
1513-XNPPH,Female,0,0,0,12,Month-to-month,2,89.4,190,1072.8,1,0.2654,0.8,0.521710693,82%
8690-ZVLCL,Female,0,1,1,68,Two year,1,88,5026,5984,0,0.2654,0,0.010929747,1%
6015-VVHHE,Female,1,0,0,5,Month-to-month,1,83.15,3787,415.75,1,0.2654,0.845,0.749834311,81%
1125-SNVCK,Female,1,0,0,49,Month-to-month,3,43.8,1735,2146.2,0,0.2654,0.08,0.092271965,15%
0384-LPITE,Male,0,0,0,40,One year,1,62.05,2172,2482,0,0.2654,0.06,0.087326198,11%
4616-EWBNJ,Female,0,0,0,16,One year,0,20.1,2762,321.6,0,0.2654,0.04,0.053260754,6%
6347-DCUIK,Male,0,0,0,10,Month-to-month,3,74.15,6070,741.5,1,0.2654,0.855,0.685530861,66%
1335-HQMKX,Female,0,1,0,72,One year,2,101.35,5681,7297.2,0,0.2654,0.095,0.19157961,7%
2545-EBUPK,Female,1,0,0,2,Month-to-month,2,84.05,1428,168.1,0,0.2654,0.95,0.779385002,93%
6923-AQONU,Male,0,1,1,23,Two year,3,20.9,3866,480.7,0,0.2654,0,0.018803356,1%
2172-EJXVF,Female,1,0,0,71,One year,2,105.9,5786,7518.9,0,0.2654,0.05,0.251165737,12%
0897-FEGMU,Female,0,1,0,11,Month-to-month,2,99.5,107,1094.5,1,0.2654,0.97,0.72260019,97%
7663-RGWBC,Male,0,0,0,1,Month-to-month,3,44.15,3737,44.15,1,0.2654,0.675,0.475646251,51%
1120-BMWUB,Female,0,0,0,16,Month-to-month,3,53.9,6155,862.4,1,0.2654,0.635,0.254457086,20%
9124-LHCJQ,Female,0,0,0,1,Month-to-month,3,85.45,6210,85.45,1,0.2654,0.94,0.809041071,97%
4536-PLEQY,Male,0,1,0,12,Month-to-month,1,85.05,6529,1020.6,0,0.2654,0.585,0.632783784,61%
7029-IJEJK,Female,0,0,0,54,One year,0,44.1,2005,2381.4,0,0.2654,0.03,0.030428598,7%
8871-JLMHM,Female,0,1,0,68,Two year,1,90.2,5088,6133.6,0,0.2654,0.01,0.031842484,1%
2235-ZGKPT,Female,0,1,1,4,Month-to-month,3,50.85,2027,203.4,1,0.2654,0.88,0.394572198,50%
3891-PUQOD,Female,0,0,1,1,Month-to-month,2,59.2,4842,59.2,1,0.2654,0.845,0.424499334,75%
5447-VYTKW,Male,0,0,0,27,Month-to-month,3,53.45,854,1443.15,0,0.2654,0.02,0.082282207,3%
3623-FQBOX,Male,0,0,0,21,Month-to-month,3,19.95,3557,418.95,0,0.2654,0.01,0.132580876,3%
0689-NKYLF,Male,0,0,0,13,Month-to-month,2,83.2,121,1081.6,1,0.2654,0.575,0.551589536,65%
8659-HDIYE,Female,1,0,0,64,Month-to-month,1,74.65,4110,4777.6,0,0.2654,0.04,0.080640505,5%
3658-KIBGF,Female,0,0,0,1,Month-to-month,2,54.9,4492,54.9,1,0.2654,0.39,0.330130237,34%
3474-BAFSJ,Male,0,1,0,57,Two year,0,57.5,2842,3277.5,0,0.2654,0.01,0.030338934,2%
5519-YLDGW,Female,0,1,0,21,Month-to-month,2,103.9,1890,2181.9,1,0.2654,0.855,0.578323648,70%
3865-ZFZIB,Male,0,0,0,19,Two year,3,19.65,3099,373.35,0,0.2654,0,0.024332305,0%
1855-AGAWH,Male,0,1,0,31,One year,2,93.8,2540,2907.8,0,0.2654,0.42,0.352676826,27%
7109-CQYUZ,Male,0,0,0,52,Two year,3,89.25,3938,4641,0,0.2654,0,0.029028493,1%
1370-GGAWX,Female,0,0,0,46,One year,2,94.15,3753,4330.9,0,0.2654,0.035,0.259410031,25%
4680-KUTAJ,Female,1,0,0,11,Month-to-month,2,55.6,4786,611.6,0,0.2654,0.06,0.392819975,22%
5307-UVGNB,Female,0,1,1,53,Month-to-month,0,48.7,2141,2581.1,0,0.2654,0.245,0.092512571,29%
4946-EDSEW,Female,0,1,1,11,Month-to-month,3,19.25,1346,211.75,1,0.2654,0.7,0.162477228,45%
2883-ILGWO,Male,1,0,0,57,Month-to-month,0,104.9,4849,5979.3,0,0.2654,0.065,0.376166824,19%
2516-VQRRV,Female,1,0,0,2,Month-to-month,3,75.45,1030,150.9,1,0.2654,0.815,0.738458627,61%
7580-UGXNC,Female,1,0,0,2,Month-to-month,3,54.85,79,109.7,1,0.2654,0.85,0.254047388,62%
3642-BYHDO,Female,0,1,1,71,Two year,0,19.9,705,1412.9,0,0.2654,0,0.001521042,0%
9629-NHXFW,Female,0,1,1,1,Month-to-month,3,19.4,1482,19.4,0,0.2654,0.14,0.238764666,39%
2696-RZVZW,Male,0,1,0,68,Two year,1,25.05,1100,1703.4,0,0.2654,0,0.003033951,0%
5766-FTRTS,Male,0,1,0,72,Two year,3,84.45,4935,6080.4,0,0.2654,0,0.009092952,0%
0396-HUJBP,Female,0,0,0,2,Month-to-month,3,19.3,3741,38.6,0,0.2654,0.075,0.218659186,4%
5178-LMXOP,Male,1,1,0,1,Month-to-month,2,95.1,6442,95.1,1,0.2654,0.97,0.847232855,97%
8879-ZKJOF,Female,0,0,0,41,One year,0,79.85,2885,3273.85,0,0.2654,0.075,0.062898811,10%
6285-FTQBF,Male,0,1,1,72,Two year,1,25.55,1439,1839.6,0,0.2654,0,0.0021941,0%
8185-UPYBR,Male,0,1,0,6,Month-to-month,2,75.5,3718,453,1,0.2654,0.885,0.692621724,68%
4585-HETAI,Female,0,1,1,4,Month-to-month,2,73.75,2828,295,1,0.2654,0.835,0.589252026,81%
7526-BEZQB,Male,0,0,0,12,Month-to-month,2,96.05,283,1152.6,1,0.2654,0.92,0.716297457,91%
1474-JUWSM,Female,0,1,0,58,One year,2,68.4,3395,3967.2,0,0.2654,0.055,0.040957597,8%
3530-CRZSB,Female,0,0,0,7,Month-to-month,3,20.65,989,144.55,0,0.2654,0.03,0.166324971,8%
8498-XXGWA,Female,0,1,0,65,Month-to-month,3,55.15,3167,3584.75,0,0.2654,0.085,0.048646016,5%
9617-INGJY,Male,0,0,0,1,Month-to-month,3,70.6,5513,70.6,0,0.2654,0.21,0.695222747,73%
0621-TSSMU,Male,0,1,0,56,One year,1,19.95,241,1117.2,0,0.2654,0.01,0.007788912,5%
7234-KMNRQ,Male,0,0,0,4,Month-to-month,3,19,5665,76,0,0.2654,0.01,0.210047532,5%
7636-PEPNS,Female,0,1,1,58,One year,3,44.1,2056,2557.8,0,0.2654,0.065,0.032539071,3%
4683-WYDOU,Male,0,1,0,62,Two year,0,107.6,5460,6671.2,0,0.2654,0.32,0.116114426,29%
9052-DHNKM,Male,0,0,0,26,One year,2,61.55,1034,1600.3,0,0.2654,0.04,0.066607903,5%
6794-HKIAJ,Male,0,0,0,62,Month-to-month,0,90.7,4624,5623.4,0,0.2654,0.11,0.128249929,2%
5578-NKCXI,Female,0,1,1,58,One year,1,99.25,4813,5756.5,0,0.2654,0.035,0.090076934,12%
1642-HMARX,Female,0,1,0,68,Two year,2,91.7,5172,6235.6,0,0.2654,0,0.021850807,1%
3096-WPXBT,Female,0,1,1,61,One year,1,100.7,4927,6142.7,0,0.2654,0.03,0.12466033,6%
8434-PNQZX,Female,0,0,0,42,Two year,1,78.45,2929,3294.9,0,0.2654,0.02,0.058511989,1%
5950-AAAGJ,Male,0,0,0,18,Month-to-month,0,84.3,967,1517.4,0,0.2654,0.105,0.500146184,29%
4299-OPXEJ,Female,0,0,0,56,Two year,0,19.55,161,1094.8,0,0.2654,0.015,0.004726399,2%
4951-UKAAQ,Female,0,0,0,4,Month-to-month,2,88.95,3076,355.8,1,0.2654,0.97,0.715367034,81%
9618-LFJRU,Female,0,0,0,4,Month-to-month,1,20.45,6102,81.8,0,0.2654,0.115,0.210882776,12%
6693-DJWTY,Female,0,0,1,35,One year,1,55.6,1646,1946,0,0.2654,0.025,0.030651738,4%
0744-GKNGE,Female,0,1,1,64,Month-to-month,0,86.8,4451,5555.2,0,0.2654,0.045,0.127075178,3%
6447-EGDIV,Female,0,0,0,31,One year,3,20.95,5395,649.45,0,0.2654,0.005,0.036208285,3%
1167-OYZJF,Female,1,1,0,67,Two year,0,20.05,480,1343.35,0,0.2654,0.005,0.003555204,0%
2108-YKQTY,Female,0,0,0,4,Month-to-month,1,50.7,924,202.8,1,0.2654,0.82,0.290969145,43%
4806-DXQCE,Female,1,1,0,70,Two year,2,113.65,5877,7955.5,0,0.2654,0.02,0.072167724,5%
4918-QLLIW,Male,0,0,0,3,Month-to-month,1,53.4,1454,160.2,1,0.2654,0.785,0.363192563,52%
7056-IMHCC,Male,1,1,0,53,Month-to-month,2,101.9,4601,5400.7,1,0.2654,0.875,0.520232911,75%
4854-SSLTN,Male,0,1,1,2,Two year,3,59.5,549,119,0,0.2654,0.18,0.034464272,1%
5294-DMSFH,Female,0,1,1,29,Month-to-month,1,87.8,2269,2546.2,0,0.2654,0.225,0.500898905,37%
4837-PZTIC,Female,0,0,0,47,Two year,3,41.9,1450,1969.3,0,0.2654,0.005,0.01605142,0%
1625-JAIIY,Female,0,1,1,68,One year,2,83,4696,5644,1,0.2654,0.765,0.133023146,42%
0603-OLQDC,Male,0,0,1,12,Month-to-month,3,69.85,6163,838.2,0,0.2654,0.065,0.367764736,12%
3272-VUHPV,Female,0,1,1,8,Month-to-month,0,56.3,3424,450.4,0,0.2654,0.11,0.188467189,11%
4176-FXYBO,Male,0,1,0,54,Month-to-month,2,109.55,4994,5915.7,0,0.2654,0.1,0.294923514,37%
1063-DHQJF,Male,0,1,1,69,Two year,3,92.15,5202,6358.35,0,0.2654,0.015,0.038173005,2%
8663-UPDGF,Female,0,0,0,26,Month-to-month,0,69.5,1348,1807,0,0.2654,0.055,0.196428093,14%
6719-FGEDO,Female,0,1,0,72,Two year,0,97,5574,6984,0,0.2654,0,0.028274518,0%
1837-YQUCE,Female,0,0,0,70,Two year,0,58.35,3598,4084.5,0,0.2654,0.01,0.015721518,1%
2947-DOMLJ,Male,0,0,1,1,Month-to-month,3,50.6,4231,50.6,1,0.2654,0.65,0.26703541,31%
4112-LUEIZ,Male,0,0,0,10,Month-to-month,2,89.5,6246,895,1,0.2654,0.855,0.724255352,67%
0369-ZGOVK,Female,0,1,1,28,One year,0,70.4,1598,1971.2,0,0.2654,0.24,0.210055355,9%
4510-HIMLV,Male,0,0,0,1,Month-to-month,2,69.8,5452,69.8,1,0.2654,0.956416667,0.680448636,86%
9919-KNPOO,Female,0,1,0,21,Month-to-month,2,94.3,1549,1980.3,0,0.2654,0.2,0.682099223,53%
8749-JMNKX,Male,1,1,0,51,Month-to-month,0,93.8,4025,4783.8,1,0.2654,0.765,0.32133806,39%
7872-BAAZR,Female,0,1,1,53,One year,0,19.55,16,1036.15,0,0.2654,0.065,0.007290126,13%
9391-LMANN,Male,0,0,1,53,One year,2,95.95,4266,5085.35,0,0.2654,0.06,0.080495685,9%
2430-USGXP,Male,0,1,0,24,Month-to-month,2,101.05,2031,2425.2,1,0.2654,0.69,0.66753509,73%
8174-TBVCF,Female,0,1,0,70,Two year,1,94.8,5415,6636,0,0.2654,0.02,0.022475006,3%
1698-XFZCI,Male,0,0,0,61,One year,2,107.75,5220,6572.75,0,0.2654,0.205,0.170426793,25%
1877-HKBQX,Female,0,0,0,11,One year,3,54.6,5031,600.6,0,0.2654,0.02,0.122932996,8%
4450-DLLMH,Male,0,0,0,2,Month-to-month,1,71.3,1021,142.6,0,0.2654,0.325,0.619908857,54%
0428-AXXLJ,Male,0,0,0,25,One year,0,19.5,4335,487.5,0,0.2654,0,0.049314218,1%
2746-DIJLO,Female,0,0,0,41,One year,1,56.3,2000,2308.3,0,0.2654,0.07,0.082309092,12%
5955-ERIHD,Male,0,1,0,18,Month-to-month,2,94.7,1183,1704.6,1,0.2654,0.46,0.689249034,48%
0917-EZOLA,Male,1,1,0,72,Two year,0,104.15,5862,7498.8,1,0.2654,0.125,0.112060381,4%
3508-VLHCZ,Female,0,1,1,71,Two year,1,90.55,5061,6429.05,0,0.2654,0,0.015257963,0%
4086-ATNFV,Female,0,1,1,34,One year,3,60.8,1674,2067.2,0,0.2654,0.02,0.049544426,5%
0468-YRPXN,Male,0,0,0,29,Month-to-month,1,98.8,2434,2865.2,0,0.2654,0.145,0.453608783,34%
5996-NRVXR,Male,1,1,0,40,One year,1,98.15,3509,3926,0,0.2654,0.065,0.121423659,5%
3739-YBWAB,Male,0,1,0,36,One year,3,35.35,580,1272.6,0,0.2654,0,0.064732284,3%
7047-FWEYA,Female,0,1,0,46,One year,2,103.15,3901,4744.9,0,0.2654,0.075,0.250536657,28%
2000-MPKCA,Female,0,0,0,58,One year,2,107.75,5118,6249.5,0,0.2654,0.265,0.187400592,45%
9762-YAQAA,Male,0,0,0,39,One year,1,81.4,2798,3174.6,0,0.2654,0.04,0.164270787,8%
5949-EBSQK,Male,0,1,1,4,Month-to-month,1,61.45,1931,245.8,1,0.2654,0.775,0.290259537,44%
5473-KHBPS,Female,0,1,1,52,One year,1,95.7,4209,4976.4,0,0.2654,0.07,0.188727651,8%
0100-DUVFC,Male,1,1,0,70,One year,2,104.8,5673,7336,0,0.2654,0.235,0.244120304,33%
5397-TUPSH,Male,1,1,0,65,One year,0,70.95,3883,4611.75,0,0.2654,0.04,0.102926825,6%
8950-MTZNV,Male,0,0,0,1,Month-to-month,3,44.95,3750,44.95,0,0.2654,0.25,0.480319252,53%
0326-VDYXE,Female,0,1,0,70,One year,2,97.65,5490,6835.5,0,0.2654,0.155,0.225682428,32%
6773-LQTVT,Female,1,1,1,29,Month-to-month,3,35.65,55,1033.85,0,0.2654,0.305,0.271611173,33%
7274-RTAPZ,Male,0,0,0,1,Month-to-month,2,90.55,6324,90.55,1,0.2654,0.92,0.779128396,83%
0436-TWFFZ,Female,0,0,0,67,Two year,3,85.25,4716,5711.75,0,0.2654,0.03,0.023678909,1%
8566-YPRGL,Female,0,0,0,1,Month-to-month,3,19.5,1484,19.5,0,0.2654,0.143333333,0.267267599,31%
0311-UNPFF,Female,0,0,0,26,Month-to-month,0,88.8,1910,2308.8,1,0.2654,0.345,0.551289003,41%
6609-MXJHJ,Female,0,1,1,30,Two year,3,25.1,5958,753,0,0.2654,0.06,0.028340676,1%
2669-OIDSD,Female,0,1,0,48,Month-to-month,1,100.05,4082,4802.4,0,0.2654,0.245,0.375892066,27%
8400-WZICQ,Female,0,1,1,55,Month-to-month,2,55.7,2724,3063.5,0,0.2654,0.035,0.035419501,13%
3834-XUIFC,Male,0,0,0,7,Month-to-month,3,85.2,4929,596.4,1,0.2654,0.91,0.758649192,73%
9576-SYUHJ,Male,0,0,0,37,Month-to-month,2,91.15,2924,3372.55,0,0.2654,0.23,0.393184573,25%
0410-IPFTY,Female,0,1,0,31,Month-to-month,0,83.85,2327,2599.35,0,0.2654,0.54,0.428709912,51%
2831-EBWRN,Male,0,0,0,4,Month-to-month,2,45.9,1595,183.6,0,0.2654,0.33,0.417575211,62%
9430-NKQLY,Male,0,1,1,72,Two year,1,25.1,1332,1807.2,0,0.2654,0,0.002963798,0%
8414-MYSHR,Male,1,0,0,5,Month-to-month,2,91.4,3806,457,1,0.2654,0.515,0.769113914,72%
0247-SLUJI,Male,0,1,1,1,Month-to-month,3,19.7,1488,19.7,0,0.2654,0.27,0.179132403,46%
9402-ORRAH,Female,1,0,0,15,Month-to-month,2,91.5,733,1372.5,0,0.2654,0.585,0.691460497,54%
6483-OATDN,Male,0,1,1,8,Month-to-month,1,51.3,3502,410.4,0,0.2654,0.045,0.26044559,15%
1293-HHSHJ,Female,0,0,0,35,One year,3,21.1,5731,738.5,0,0.2654,0,0.030863958,3%
4840-ORQXB,Female,1,0,0,56,Month-to-month,2,104.75,4811,5866,0,0.2654,0.135,0.414240189,33%
7599-FKVXZ,Male,0,1,0,42,Month-to-month,0,106.15,3839,4458.3,1,0.2654,0.81,0.474713714,67%
3982-DQLUS,Male,1,1,1,65,Month-to-month,2,85.75,4699,5573.75,0,0.2654,0.04,0.167387112,10%
8610-ZIKJJ,Female,0,1,1,2,One year,3,20.3,2699,40.6,0,0.2654,0.075,0.097419395,4%
3756-VNWDH,Male,1,1,0,65,One year,2,100.75,5301,6548.75,0,0.2654,0.07,0.21536994,22%
7801-KICAO,Female,0,0,0,18,Month-to-month,2,74.15,629,1334.7,0,0.2654,0.13,0.559760045,44%
7673-LPRNY,Female,0,0,0,23,One year,2,78.55,1405,1806.65,0,0.2654,0.08,0.180364013,6%
8229-TNIQA,Female,0,0,0,4,Month-to-month,3,45.3,1568,181.2,1,0.2654,0.59,0.436516,49%
6060-QBMGV,Male,0,1,0,70,Two year,1,19.85,802,1389.5,0,0.2654,0,0.001916821,0%
7339-POGZN,Female,0,0,0,4,Month-to-month,2,50.7,1760,202.8,0,0.2654,0.77,0.414848553,59%
2828-SLQPF,Male,0,0,0,19,Month-to-month,0,45,6256,855,0,0.2654,0.26,0.303773005,33%
4465-VDKIQ,Female,0,0,0,18,Month-to-month,2,77.8,648,1400.4,0,0.2654,0.305,0.355701622,26%
2921-XWDJH,Female,1,1,0,38,Month-to-month,2,83.45,2736,3171.1,0,0.2654,0.48,0.376120148,52%
6221-AVQYL,Male,0,0,0,2,Month-to-month,1,73.25,568,146.5,1,0.2654,0.79,0.659192741,57%
2558-BUOZZ,Male,0,0,0,47,One year,0,94.8,3863,4455.6,0,0.2654,0.09,0.112855757,13%
9257-AZMTZ,Female,0,1,1,52,Two year,0,20.1,151,1045.2,0,0.2654,0.01,0.003624046,2%
0003-MKNFE,Male,0,0,0,9,Month-to-month,3,59.9,4503,539.1,0,0.2654,0.085,0.469911355,20%
0975-UYDTX,Female,0,1,0,26,One year,1,90.1,1949,2342.6,0,0.2654,0.03,0.113661879,8%
7743-EXURX,Male,0,1,1,8,Month-to-month,2,51.05,3544,408.4,1,0.2654,0.74,0.360750885,34%
4682-BLBUC,Male,0,1,0,44,One year,2,70.95,2829,3121.8,0,0.2654,0.02,0.057241862,9%
0975-VOOVL,Female,0,0,0,3,Month-to-month,3,29.2,6501,87.6,0,0.2654,0.105,0.52744033,22%
5968-VXZLG,Male,0,0,0,2,Month-to-month,0,46.6,6268,93.2,0,0.2654,0.235,0.474861088,60%
5569-KGJHX,Female,0,1,1,9,Month-to-month,0,85.35,5793,768.15,1,0.2654,0.68,0.682377837,69%
4988-IQIGL,Male,1,0,0,1,Month-to-month,2,75.35,5770,75.35,1,0.2654,0.945,0.770306109,86%
5201-FRKKS,Male,0,0,0,25,Month-to-month,0,74.3,1555,1857.5,0,0.2654,0.07,0.243019973,21%
9799-CAYJJ,Female,1,1,0,2,Month-to-month,2,69.3,957,138.6,0,0.2654,0.3,0.674476877,71%
7730-IUTDZ,Male,0,0,0,43,Month-to-month,2,75.2,2778,3233.6,1,0.2654,0.715,0.226516281,28%
0426-TIRNE,Female,0,0,0,1,Month-to-month,3,20.9,1624,20.9,1,0.2654,0.667119048,0.215045435,37%
5443-SCMKX,Female,0,1,0,58,One year,2,94.3,4645,5469.4,0,0.2654,0.105,0.212242482,26%
8295-KMENE,Female,0,1,1,59,Two year,3,76.45,3843,4510.55,0,0.2654,0.01,0.017202512,2%
6738-ISCBM,Male,0,0,0,44,One year,2,54,2093,2376,0,0.2654,0.055,0.110861343,13%
9821-BESNZ,Male,0,0,0,66,One year,2,104.25,5418,6880.5,0,0.2654,0.18,0.170668469,37%
3678-MNGZX,Male,0,1,1,68,Two year,0,19.95,681,1356.6,0,0.2654,0,0.001674631,1%
1335-NTIUC,Male,0,0,0,9,Month-to-month,2,24.95,1496,224.55,0,0.2654,0.495,0.508095874,51%
2916-BQZLN,Male,0,0,0,19,Month-to-month,2,84.75,1131,1610.25,0,0.2654,0.15,0.436438628,33%
4558-CGYCZ,Male,0,0,0,4,Month-to-month,3,19.75,5909,79,0,0.2654,0.05,0.21499322,9%
2368-GAKKQ,Female,0,0,0,70,Two year,0,113.65,5990,7955.5,0,0.2654,0.015,0.0552439,4%
8710-YGLWG,Male,0,0,0,1,Month-to-month,3,44.9,3749,44.9,0,0.2654,0.235,0.48002477,53%
3199-XGZCY,Female,0,0,0,8,Month-to-month,2,75.25,4754,602,0,0.2654,0.135,0.691136334,49%
3785-KTYSH,Male,0,0,0,53,Two year,3,24.6,512,1303.8,0,0.2654,0.005,0.006113869,1%
6814-ZPWFQ,Male,1,0,0,51,One year,0,25,475,1275,0,0.2654,0,0.014915324,3%
4063-EIKNQ,Male,0,1,1,11,Month-to-month,0,20.95,2323,230.45,0,0.2654,0.11,0.112837813,15%
6993-YCOBK,Male,0,1,1,60,Two year,2,110.6,5255,6636,0,0.2654,0.045,0.073095615,3%
5206-HPJKM,Male,0,0,0,17,Month-to-month,1,55.5,6406,943.5,0,0.2654,0.1,0.213861503,16%
7587-RZNME,Male,0,0,0,3,Month-to-month,2,43.3,419,129.9,1,0.2654,0.86,0.398821745,64%
0748-RDGGM,Male,0,1,0,70,One year,0,109.5,5789,7665,1,0.2654,0.7,0.083127583,59%
8393-JMVMB,Male,0,0,0,1,Month-to-month,3,19.45,1483,19.45,0,0.2654,0.3375,0.201079499,34%
5019-GQVCR,Male,1,0,0,43,Month-to-month,2,84.85,3148,3648.55,0,0.2654,0.22,0.484163879,55%
6036-TTFYU,Female,0,1,0,16,Month-to-month,3,19.6,2728,313.6,0,0.2654,0.05,0.12530048,7%
2550-AEVRU,Female,0,1,1,57,One year,2,53.45,2654,3046.65,0,0.2654,0.03,0.014181752,6%
0969-RGKCU,Male,0,1,1,37,One year,1,19.8,5356,732.6,0,0.2654,0,0.020065735,1%
0378-CJKPV,Female,0,1,0,72,Two year,1,112.1,5998,8071.2,0,0.2654,0.01,0.039361576,0%
4706-AXVKM,Female,1,0,0,11,Month-to-month,1,84.8,6337,932.8,1,0.2654,0.895,0.767812042,79%
5889-JTMUL,Female,1,1,0,50,Month-to-month,2,95.05,4128,4752.5,1,0.2654,0.765,0.435077517,50%
9026-RNUJS,Male,1,0,0,5,Month-to-month,2,50.35,2007,251.75,1,0.2654,0.8,0.363910712,46%
3746-EUBYR,Male,0,1,0,1,Month-to-month,0,74.6,5722,74.6,1,0.2654,0.77,0.72338317,88%
2332-EFBJY,Male,0,0,0,16,Month-to-month,3,19.7,2965,315.2,1,0.2654,0.645,0.15712011,21%
2880-FPNAE,Male,1,1,0,2,Month-to-month,2,74.2,729,148.4,0,0.2654,0.63,0.653334851,74%
1703-MGIAB,Female,0,0,0,17,Month-to-month,3,69,205,1173,0,0.2654,0.12,0.318240259,15%
4311-QTTAI,Female,0,0,0,16,One year,1,19.35,2547,309.6,0,0.2654,0.005,0.054143824,3%
9474-PHLYD,Female,0,0,0,15,Month-to-month,2,59.45,6309,891.75,1,0.2654,0.8,0.4398425,37%
4318-RAJVY,Female,0,0,0,10,One year,3,19.8,1584,198,0,0.2654,0,0.100246052,3%
2165-VOEGB,Female,0,0,1,46,One year,0,105.2,4075,4839.2,1,0.2654,0.72,0.114033715,33%
3612-YUNGG,Male,0,1,1,64,Two year,1,109.2,5342,6988.8,0,0.2654,0.045,0.078274265,3%
2254-DLXRI,Female,0,0,0,1,Month-to-month,3,79.15,5963,79.15,0,0.2654,0.315,0.715878612,84%
5062-CJJKH,Male,0,1,1,25,One year,3,53.65,644,1341.25,0,0.2654,0.015,0.064805002,4%
9028-LIHRP,Male,0,1,1,71,Two year,1,100.2,5627,7114.2,0,0.2654,0.03,0.016433799,2%
2219-MVUSO,Male,0,0,0,8,Month-to-month,3,45.15,3721,361.2,1,0.2654,0.25,0.410914053,18%
1053-MXTTK,Female,0,1,1,72,Two year,0,108.65,5883,7822.8,0,0.2654,0.03,0.032626447,1%
1530-ZTDOZ,Female,0,1,0,49,Month-to-month,0,40.65,1697,1991.85,0,0.2654,0.19,0.097284448,17%
1301-LOPVR,Male,0,1,1,29,One year,1,55.35,1107,1605.15,0,0.2654,0.025,0.080756332,3%
0853-TWRVK,Male,0,1,0,72,Two year,0,105.6,5816,7603.2,0,0.2654,0.05,0.029474285,1%
8914-RBTSB,Male,0,1,0,31,Month-to-month,2,93.8,2617,2907.8,1,0.2654,0.645,0.408676145,41%
6212-ATMLK,Female,0,0,0,50,Month-to-month,2,95.7,3998,4785,0,0.2654,0.255,0.518754133,44%
8200-LGKSR,Male,0,1,0,71,Two year,2,83.2,4998,5907.2,0,0.2654,0.01,0.013428188,1%
1568-BEKZM,Male,1,1,0,70,Two year,1,90.05,5119,6303.5,0,0.2654,0.005,0.015058876,1%
0670-ANMUU,Male,0,0,0,71,One year,1,97.65,5305,6933.15,0,0.2654,0.24,0.071866598,6%
6897-RWMUB,Male,0,1,1,61,Two year,0,68.05,3554,4151.05,0,0.2654,0,0.006544171,1%
0963-ZBDRN,Male,0,0,0,32,Month-to-month,2,96.2,2767,3078.4,1,0.2654,0.34,0.46695486,32%
7594-RQHXR,Female,0,0,1,1,Month-to-month,2,79.6,5970,79.6,1,0.2654,0.89,0.715923216,87%
6999-CHVCF,Male,0,0,0,68,Two year,0,102.1,5601,6942.8,0,0.2654,0.06,0.059003921,11%
6134-KWTBV,Male,0,0,0,62,Two year,0,23.4,793,1450.8,0,0.2654,0,0.003412224,1%
1077-HUUJM,Female,0,0,1,7,Month-to-month,2,71.05,3995,497.35,0,0.2654,0.195,0.592035827,50%
6331-EWIEB,Male,0,0,0,20,Month-to-month,2,85.25,1244,1705,1,0.2654,0.85,0.598317242,53%
0895-LNKRC,Male,0,1,1,6,One year,3,19.45,250,116.7,0,0.2654,0.01,0.069170416,5%
2045-BMBTJ,Female,1,0,0,33,Month-to-month,0,59.45,1458,1961.85,0,0.2654,0.195,0.280192601,25%
8417-GSODA,Male,0,1,1,28,One year,0,92.2,2223,2581.6,0,0.2654,0.09,0.292224579,11%
5171-EPLKN,Male,0,0,0,27,Two year,1,19.85,3981,535.95,0,0.2654,0,0.016096756,0%
4452-QIIEB,Male,0,0,0,7,Month-to-month,3,43.9,2408,307.3,0,0.2654,0.075,0.323166242,14%
5998-VVEJY,Male,0,0,0,26,Month-to-month,2,80.5,1717,2093,1,0.2654,0.87,0.422641646,42%
1624-NALOJ,Male,1,0,0,5,Month-to-month,2,89.8,4251,449,1,0.2654,0.875,0.748280809,78%
6741-EGCBI,Male,1,0,0,30,Month-to-month,1,90.5,2244,2715,0,0.2654,0.16,0.488475502,27%
7820-ZYGNY,Male,0,0,0,63,One year,1,90.45,4801,5698.35,0,0.2654,0.055,0.131229426,6%
4317-VTEOA,Male,0,0,0,1,Month-to-month,2,50.75,4234,50.75,1,0.2654,0.83,0.430235563,61%
9677-AVKED,Female,0,0,1,53,One year,2,84.6,3775,4483.8,0,0.2654,0.04,0.073053885,12%
1670-SVOWZ,Female,0,1,1,14,Month-to-month,1,89.65,380,1255.1,1,0.2654,0.56,0.422632174,64%
2227-JRSJX,Female,0,0,0,21,Month-to-month,0,99.15,1558,2082.15,0,0.2654,0.14,0.459577928,38%
9847-HNVGP,Male,0,0,0,17,One year,3,19.95,2700,339.15,0,0.2654,0,0.055536485,1%
6696-YDAYZ,Male,0,1,1,16,Two year,3,20.5,2508,328,0,0.2654,0,0.023988774,1%
8980-WQFWL,Female,0,0,0,35,Month-to-month,2,62.1,1727,2173.5,0,0.2654,0.235,0.24450618,31%
1730-ZMAME,Female,1,0,0,32,Month-to-month,2,79.5,2319,2544,0,0.2654,0.17,0.522137642,45%
6506-EYCNH,Female,0,1,1,28,Month-to-month,0,19.55,4509,547.4,0,0.2654,0.125,0.081827167,7%
4634-JLRJT,Female,0,0,0,1,Month-to-month,3,20.35,1613,20.35,0,0.2654,0.599392857,0.272307503,37%
9501-UKKNL,Male,0,0,0,59,Month-to-month,2,51.7,2602,3050.3,0,0.2654,0.045,0.155789585,14%
2560-QTSBS,Female,0,1,1,72,One year,0,23.3,1094,1677.6,0,0.2654,0.005,0.005885465,0%
7541-YLXCL,Male,0,0,0,36,One year,3,65.4,2145,2354.4,1,0.2654,0.68,0.07956205,30%
4795-WRNVT,Female,0,0,0,40,Month-to-month,3,65.1,2237,2604,0,0.2654,0.175,0.089348609,10%
6080-TCMYC,Male,0,1,1,40,Month-to-month,2,81.2,2859,3248,0,0.2654,0.205,0.376735674,46%
0260-ZDLGK,Female,0,0,1,9,Month-to-month,3,72.9,5211,656.1,1,0.2654,0.735,0.398225675,52%
7860-UXCRM,Male,0,1,1,63,Two year,1,74.5,3957,4693.5,0,0.2654,0.025,0.005661629,1%
6357-JJPQT,Female,0,0,0,3,Month-to-month,2,80.5,1955,241.5,0,0.2654,0.31,0.677722334,61%
2292-XQWSV,Male,0,1,1,40,One year,3,60.3,2099,2412,0,0.2654,0.06,0.086500153,25%
9552-TGUZV,Male,0,1,0,8,Month-to-month,3,75,5250,600,0,0.2654,0.17,0.532606846,27%
5913-INRQV,Male,1,1,0,34,One year,3,90.15,2718,3065.1,0,0.2654,0.035,0.133761135,4%
8722-NGNBH,Male,0,0,0,5,Month-to-month,3,40,1862,200,1,0.2654,0.78,0.290414969,42%
6210-KBBPI,Male,1,0,0,9,Month-to-month,1,99.45,6365,895.05,1,0.2654,0.83,0.76883256,80%
9643-YBLUR,Male,0,1,0,9,Month-to-month,1,69.05,5226,621.45,0,0.2654,0.075,0.485085212,22%
8734-FNWVH,Male,0,1,1,31,Month-to-month,0,59.7,1379,1850.7,0,0.2654,0.075,0.199960094,7%
9447-YPTBX,Female,0,1,0,50,One year,0,19.85,6429,992.5,0,0.2654,0,0.019039407,3%
0133-BMFZO,Female,0,0,0,2,Month-to-month,2,86.25,1360,172.5,1,0.2654,0.835,0.395807229,71%
6128-CZOMY,Female,0,0,0,1,Month-to-month,2,45.65,3821,45.65,1,0.2654,0.97,0.484477587,77%
9540-JYROE,Male,0,0,0,8,Month-to-month,3,70.1,4576,560.8,1,0.2654,0.33,0.628473914,28%
9026-LHEVG,Female,0,0,0,9,Month-to-month,2,40.75,3108,366.75,0,0.2654,0.13,0.491697518,20%
2260-USTRB,Female,1,0,0,2,Month-to-month,0,70.2,286,140.4,1,0.2654,0.88,0.643314989,79%
3656-TKRVZ,Female,0,0,0,3,Month-to-month,2,55.35,1126,166.05,1,0.2654,0.76,0.220182846,42%
7011-CVEUC,Male,0,1,0,25,Month-to-month,1,95.7,1972,2392.5,0,0.2654,0.1,0.498376656,20%
6185-TASNN,Male,1,0,0,1,Month-to-month,2,46.3,3906,46.3,0,0.2654,0.265,0.438226961,58%
7925-PNRGI,Female,0,1,1,45,Month-to-month,3,81.3,3067,3658.5,0,0.2654,0.06,0.072866897,5%
8623-TMRBY,Male,1,1,1,51,Month-to-month,2,84.2,3542,4294.2,1,0.2654,0.825,0.297575013,59%
1552-CZCLL,Female,0,1,1,55,Month-to-month,1,20,169,1100,0,0.2654,0.195,0.015355507,19%
3038-PQIUY,Female,0,0,0,38,Month-to-month,0,66.15,2180,2513.7,0,0.2654,0.055,0.121626865,16%
1501-SGHBW,Male,0,0,0,2,Month-to-month,3,45.85,6055,91.7,1,0.2654,0.85,0.423128739,53%
9313-CDOGY,Male,0,1,1,38,Month-to-month,2,19.6,5609,744.8,0,0.2654,0,0.042863743,3%
8148-BPLZQ,Male,0,0,0,34,Month-to-month,2,49.8,1243,1693.2,0,0.2654,0.085,0.147618212,12%
2623-DRYAM,Female,0,1,0,70,One year,2,101.75,5552,7122.5,0,0.2654,0.24,0.255915257,29%
9987-LUTYD,Female,0,0,0,13,One year,3,55.15,5737,716.95,0,0.2654,0.02,0.089686037,7%
3208-YPIOE,Male,0,0,0,39,Month-to-month,2,75.25,2614,2934.75,1,0.2654,0.385,0.331850142,42%
4488-KQFDT,Female,0,0,0,61,One year,2,103.95,5170,6340.95,0,0.2654,0.275,0.24901352,41%
2612-RANWT,Female,0,0,0,12,Month-to-month,0,100.15,307,1201.8,1,0.2654,0.935,0.696420603,93%
5693-PIPCS,Male,0,0,0,41,Two year,1,99.65,3605,4085.65,0,0.2654,0.06,0.105291604,3%
0491-KAPQG,Male,0,0,0,21,Month-to-month,2,73.7,999,1547.7,0,0.2654,0.54,0.525113248,57%
1925-LFCZZ,Male,1,0,0,55,One year,0,50.05,2383,2752.75,0,0.2654,0.07,0.120777705,19%
8039-EQPIM,Male,0,1,0,69,Two year,0,60.25,3466,4157.25,0,0.2654,0.015,0.012489644,1%
6900-PXRMS,Male,1,1,1,26,Month-to-month,2,105.75,2354,2749.5,1,0.2654,0.615,0.536360972,61%
8707-RMEZH,Female,1,1,0,69,One year,1,87.3,4950,6023.7,0,0.2654,0.06,0.06477924,4%
3346-BRMIS,Female,1,1,0,18,Month-to-month,2,48.35,6064,870.3,1,0.2654,0.53,0.63574955,59%
3209-ZPKFI,Male,0,1,1,47,Month-to-month,2,54.25,2192,2549.75,0,0.2654,0.07,0.083631858,16%
6479-VDGRK,Female,0,1,1,72,Two year,0,85.3,5001,6141.6,0,0.2654,0.01,0.007166205,0%
9373-WSLOY,Male,1,1,0,33,Month-to-month,2,50,1272,1650,0,0.2654,0.09,0.247366435,13%
2933-FILNV,Female,0,1,1,2,Month-to-month,3,24.4,3114,48.8,1,0.2654,0.55,0.589827239,52%
3569-JFODW,Female,0,1,1,72,Two year,1,90.95,5290,6548.4,0,0.2654,0,0.011050365,0%
9819-FBNSV,Male,1,1,0,37,Month-to-month,0,72.25,2231,2673.25,0,0.2654,0.17,0.38455268,43%
9544-PYPSJ,Female,1,1,1,62,Month-to-month,1,96.1,4928,5958.2,0,0.2654,0.055,0.347392039,6%
1591-XWLGB,Female,0,1,0,71,Two year,1,19.85,685,1409.35,0,0.2654,0,0.001902304,0%
0396-UKGAI,Male,0,0,1,23,Month-to-month,0,55.3,517,1271.9,0,0.2654,0.11,0.124456417,10%
3243-ZHOHY,Female,0,0,0,16,One year,3,20.1,2555,321.6,0,0.2654,0,0.060376403,2%
5186-EJEGL,Male,0,0,0,9,Month-to-month,3,69.5,5224,625.5,0,0.2654,0.135,0.269831973,20%
7527-QNRUS,Male,0,1,1,17,Two year,3,25.15,3515,427.55,0,0.2654,0.015,0.04284809,2%
9986-BONCE,Female,0,0,0,4,Month-to-month,0,20.95,6211,83.8,1,0.2654,0.735,0.205824859,34%
2722-JMONI,Female,1,1,0,1,Month-to-month,2,49.55,4141,49.55,1,0.2654,0.79,0.415565802,53%
2203-GHNWN,Female,0,1,0,24,Month-to-month,3,79.65,1525,1911.6,0,0.2654,0.12,0.541654469,28%
3878-AVSOQ,Female,1,0,0,1,Month-to-month,2,71.25,5568,71.25,0,0.2654,0.37,0.73186285,66%
3258-SYSWS,Male,1,0,0,72,Two year,0,113.8,5932,8193.6,0,0.2654,0.015,0.043577978,1%
5296-PSYVW,Female,0,1,0,72,Two year,2,24.55,1271,1767.6,0,0.2654,0.005,0.002742539,0%
6319-QSUSR,Female,0,0,1,11,Month-to-month,1,19.7,1774,216.7,0,0.2654,0.04,0.113197313,9%
4083-EUGRJ,Male,0,0,0,9,Month-to-month,3,20.25,1308,182.25,1,0.2654,0.64,0.148753423,15%
7579-OOPEC,Female,1,1,0,2,Month-to-month,1,50.15,285,100.3,1,0.2654,0.81,0.340562805,61%
0512-FLFDW,Female,1,1,0,60,One year,1,100.5,4932,6030,0,0.2654,0.365,0.318527044,12%
1771-OADNZ,Male,1,1,0,29,Month-to-month,2,95.9,2384,2781.1,1,0.2654,0.785,0.585773879,62%
0487-CRLZF,Female,0,0,0,49,Two year,0,74.45,3206,3648.05,0,0.2654,0.015,0.034709521,2%
2107-FBPTK,Female,1,0,0,30,Month-to-month,2,104.1,2711,3123,0,0.2654,0.255,0.629449268,46%
9451-WLYRI,Female,0,1,0,53,One year,1,19.05,6514,1009.65,0,0.2654,0.01,0.012322578,1%
8219-VYBVI,Male,0,0,1,39,Two year,3,25,10,975,0,0.2654,0.005,0.009543047,1%
1991-VOPLL,Female,0,0,0,9,Month-to-month,3,19.05,1020,171.45,0,0.2654,0.065,0.148922178,12%
9738-QLWTP,Male,0,0,0,39,One year,2,81.9,2801,3194.1,0,0.2654,0.05,0.116306841,16%
1016-DJTSV,Male,1,0,0,8,Month-to-month,2,69.7,4722,557.6,0,0.2654,0.125,0.654784275,28%
9419-IPPBE,Female,0,1,1,51,One year,2,90.15,3882,4597.65,0,0.2654,0.045,0.237872153,17%
0174-QRVVY,Male,0,1,1,71,Two year,1,25.35,1408,1799.85,0,0.2654,0,0.002274287,0%
5699-BNCAS,Male,1,0,0,71,Two year,3,24.65,1292,1750.15,0,0.2654,0,0.004568823,0%
2900-PHPLN,Female,1,1,0,70,Two year,1,19.55,855,1368.5,0,0.2654,0.01,0.00323695,0%
0612-RTZZA,Female,1,0,0,1,Month-to-month,2,25.25,2152,25.25,1,0.2654,0.82,0.57969318,73%
8106-GWQOK,Male,0,1,0,38,Two year,0,60,1814,2280,0,0.2654,0.09,0.04111582,2%
8751-EDEKA,Female,0,1,0,28,Month-to-month,1,89.9,2081,2517.2,0,0.2654,0.105,0.387830608,21%
6878-GGDWG,Female,0,1,0,32,Month-to-month,0,19.4,5163,620.8,0,0.2654,0.095,0.061608066,12%
4039-PIMHX,Male,1,1,0,49,Two year,3,49.8,2034,2440.2,0,0.2654,0.045,0.019083511,2%
8450-LUGUK,Female,0,1,1,37,Two year,0,24.1,6244,891.7,0,0.2654,0.02,0.017733984,2%
3604-WLABM,Female,0,0,0,10,Month-to-month,2,54.25,4803,542.5,0,0.2654,0.305,0.246815866,28%
0795-GMVQO,Male,0,1,0,67,One year,1,109.9,5686,7363.3,0,0.2654,0.065,0.122497027,22%
2259-OUUSZ,Male,0,0,0,7,One year,1,35.5,2135,248.5,0,0.2654,0.315,0.261141494,19%
1142-IHLOO,Female,0,0,0,51,One year,1,87.55,3797,4465.05,0,0.2654,0.06,0.175914557,17%
6410-LEFEN,Female,0,0,0,9,Month-to-month,2,45.15,3558,406.35,1,0.2654,0.375,0.323800516,26%
4633-MKHYU,Female,0,0,0,9,Month-to-month,3,88.4,5950,795.6,0,0.2654,0.3,0.740099911,38%
6257-RJOHI,Male,0,0,0,4,Month-to-month,3,50.8,1652,203.2,0,0.2654,0.145,0.34448488,37%
1545-JFUML,Male,0,1,0,71,Two year,2,99,5497,7029,0,0.2654,0,0.048782543,3%
3194-ORPIK,Female,0,1,1,50,Month-to-month,0,84.4,3508,4220,1,0.2654,0.21,0.345054227,41%
7826-VVKWT,Female,1,1,1,24,Two year,2,96.55,1900,2317.2,0,0.2654,0.105,0.248663889,14%
1353-GHZOS,Male,0,1,0,22,One year,0,59.75,675,1314.5,0,0.2654,0.085,0.099465614,7%
2587-EKXTS,Male,0,0,0,44,Month-to-month,2,111.5,4165,4906,0,0.2654,0.175,0.424071332,30%
5442-BXVND,Female,0,1,1,33,Month-to-month,0,24.25,6166,800.25,0,0.2654,0.04,0.068886371,8%
8816-VXNZD,Female,0,0,0,1,Month-to-month,2,75.1,5768,75.1,1,0.2654,0.855,0.747368012,84%
9378-FXTIZ,Female,0,1,0,54,One year,1,70.15,3203,3788.1,1,0.2654,0.7,0.117360854,32%
1723-HKXJQ,Male,0,0,0,42,Month-to-month,2,101.75,3639,4273.5,1,0.2654,0.88,0.53151818,62%
7825-GKXMW,Female,0,0,0,1,Month-to-month,2,45.8,3824,45.8,1,0.2654,0.95,0.405312481,67%
9753-OYLBX,Female,0,0,0,1,Month-to-month,3,20.5,1616,20.5,0,0.2654,0.516666667,0.213456534,38%
2364-UFROM,Male,0,0,0,30,One year,2,70.4,1676,2112,0,0.2654,0.045,0.039992222,6%
6656-JWRQX,Female,0,0,0,1,Month-to-month,3,30.55,2594,30.55,0,0.2654,0.13,0.467691541,31%
6473-ULUHT,Male,0,1,1,16,Month-to-month,2,84.9,726,1358.4,0,0.2654,0.065,0.177868609,13%
1240-KNSEZ,Male,0,0,0,1,Month-to-month,3,20.1,1608,20.1,1,0.2654,0.82,0.262330801,61%
0836-SEYLU,Male,0,1,0,9,Month-to-month,3,40.65,2852,365.85,1,0.2654,0.7,0.425626311,44%
4433-JCGCG,Male,1,1,0,46,Month-to-month,2,101,3961,4646,1,0.2654,0.795,0.590134698,68%
3716-BDVDB,Male,0,0,0,1,Month-to-month,2,69.1,5440,69.1,1,0.2654,0.99,0.676868154,90%
7688-AWMDX,Male,0,1,0,71,Two year,0,54.5,3244,3869.5,0,0.2654,0.01,0.003633899,1%
2842-BCQGE,Male,0,0,0,43,Month-to-month,1,75.35,2745,3240.05,0,0.2654,0.1,0.366826116,28%
7244-QWYHG,Male,0,1,0,50,One year,0,44.45,1804,2222.5,0,0.2654,0.015,0.042950696,4%
5899-MQZZL,Female,0,0,0,13,Month-to-month,3,75,6528,975,1,0.2654,0.795,0.68313459,51%
6849-OYAMU,Male,0,1,1,19,One year,0,100,1465,1900,1,0.2654,0.75,0.200525786,33%
5312-UXESG,Female,0,0,0,41,Month-to-month,0,98.05,3408,4020.05,0,0.2654,0.17,0.451431275,31%
9488-HGMJH,Female,1,0,0,1,Month-to-month,2,71.15,5566,71.15,1,0.2654,0.755,0.731399557,66%
6038-GCYEC,Female,0,0,0,24,Month-to-month,1,54.15,441,1299.6,1,0.2654,0.665,0.413814067,32%
2150-WLKUW,Female,0,1,0,40,One year,0,63.9,2283,2556,0,0.2654,0.01,0.074509356,5%
7159-FVYPK,Female,0,1,1,3,Month-to-month,0,69.15,1986,207.45,0,0.2654,0.44,0.423253424,53%
7032-LMBHI,Female,0,0,0,37,One year,0,64.65,1982,2392.05,0,0.2654,0.015,0.062843519,5%
1150-WFARN,Female,0,1,1,67,Two year,1,108.75,5603,7286.25,1,0.2654,0.715,0.05902123,24%
6088-BXMRG,Female,0,1,1,32,Month-to-month,2,98.85,2681,3163.2,0,0.2654,0.155,0.538550841,46%
3144-AUDBS,Female,0,1,0,6,Month-to-month,2,49.15,2351,294.9,1,0.2654,0.81,0.332110782,51%
4821-SJHJV,Female,0,1,1,32,Month-to-month,2,89.6,2509,2867.2,0,0.2654,0.115,0.313635821,35%
7346-MEDWM,Female,0,0,0,59,Month-to-month,2,83.25,4193,4911.75,0,0.2654,0.37,0.25331679,15%
1137-DGOWI,Female,0,1,0,30,One year,0,70.25,1820,2107.5,0,0.2654,0.045,0.066065623,9%
5616-PRTNT,Male,0,0,1,20,Month-to-month,2,19.4,3218,388,1,0.2654,0.675,0.110048748,20%
3812-LRZIR,Female,0,1,1,27,Two year,2,24.5,5830,661.5,0,0.2654,0.06,0.022005942,3%
4818-QIUFN,Female,1,0,0,20,Month-to-month,2,79.15,943,1583,1,0.2654,0.76,0.477910179,53%
9483-GCPWE,Male,0,0,1,9,One year,3,20.1,1496,180.9,0,0.2654,0.015,0.063344482,3%
4227-OJHAL,Female,0,1,1,68,One year,1,73,4336,4964,0,0.2654,0.045,0.026440972,9%
9220-CXRSC,Female,0,1,1,69,Two year,1,61.4,3469,4236.6,0,0.2654,0.025,0.005527346,2%
4993-JCRGJ,Male,0,0,0,26,Month-to-month,3,84.3,1921,2191.8,0,0.2654,0.165,0.426713758,22%
9537-JALFH,Male,0,1,1,69,Two year,0,19.9,646,1373.1,0,0.2654,0,0.001592201,1%
6698-OXETB,Male,0,0,0,11,Two year,3,20.4,1946,224.4,0,0.2654,0,0.033766826,0%
2103-ZRXFN,Male,0,0,0,1,Month-to-month,3,50.75,4234,50.75,0,0.2654,0.31,0.47496344,62%
3724-BSCVH,Male,0,1,1,10,One year,3,20.45,2065,204.5,0,0.2654,0.005,0.064582901,2%
4877-TSOFF,Female,0,1,1,55,One year,0,75.75,3634,4166.25,0,0.2654,0.04,0.033667853,5%
9209-NWPGU,Male,0,0,0,44,One year,2,65.4,2406,2877.6,0,0.2654,0.03,0.029865994,9%
6961-VCPMC,Male,1,1,0,46,Month-to-month,2,80.4,3121,3698.4,1,0.2654,0.785,0.424049147,49%
7306-YDSOI,Male,0,1,1,69,Two year,0,59.75,3478,4122.75,0,0.2654,0.01,0.005722335,1%
5288-AHOUP,Male,1,0,0,11,Month-to-month,2,78.5,6273,863.5,0,0.2654,0.185,0.708727887,52%
6688-UZPWD,Female,0,1,0,11,Month-to-month,2,102,276,1122,1,0.2654,0.945,0.704635752,94%
0655-YDGFJ,Male,0,0,0,29,Month-to-month,0,48.95,589,1419.55,0,0.2654,0.035,0.133013516,7%
8468-EHYJA,Female,0,1,0,57,Month-to-month,2,99.65,4555,5680.05,0,0.2654,0.07,0.377921802,31%
6823-SIDFQ,Male,0,0,0,28,One year,1,18.25,4461,511,0,0.2654,0,0.032066681,0%
1097-FSPVW,Female,0,0,0,42,Month-to-month,1,54.55,2105,2291.1,0,0.2654,0.045,0.067973023,11%
2839-RFSQE,Female,0,0,0,2,Month-to-month,3,20.65,3258,41.3,1,0.2654,0.01725,0.21986062,5%
8328-SKJNO,Male,0,0,1,23,One year,0,40.65,6435,934.95,0,0.2654,0.03,0.065316515,4%
7010-ZMVBF,Female,0,1,1,18,Month-to-month,3,20.45,3090,368.1,0,0.2654,0.025,0.101951376,3%
5201-CBWYG,Male,0,1,1,62,One year,0,24.8,875,1537.6,0,0.2654,0,0.006738291,1%
0968-GSIKN,Female,0,0,0,1,Month-to-month,3,70.8,5517,70.8,1,0.2654,0.895,0.705663305,76%
1965-DDBWU,Male,0,0,0,16,Month-to-month,1,89.05,831,1424.8,1,0.2654,0.73,0.548952425,53%
9057-SIHCH,Female,0,0,0,3,Month-to-month,2,96.6,2516,289.8,1,0.2654,0.935,0.793624541,86%
6352-GIGGQ,Male,0,0,0,67,One year,0,88.8,4848,5949.6,0,0.2654,0.05,0.035685836,6%
3635-QQRQD,Male,0,0,0,62,Two year,1,20.05,372,1243.1,0,0.2654,0,0.003685346,0%
6771-XWBDM,Female,0,1,0,57,Month-to-month,1,104.5,4858,5956.5,1,0.2654,0.74,0.441253912,49%
2897-DOVND,Male,0,0,0,2,Month-to-month,2,69.8,849,139.6,0,0.2654,0.146,0.621074076,63%
3082-YVEKW,Female,0,1,1,23,Two year,0,77.15,1282,1774.45,0,0.2654,0.07,0.042695713,1%
0191-EQUUH,Female,0,0,1,25,Two year,0,35.05,6189,876.25,0,0.2654,0.02,0.034306746,3%
7134-HBPBS,Female,1,0,0,72,Two year,0,108.1,5900,7783.2,0,0.2654,0.015,0.085428678,2%
3489-HHPFY,Female,0,1,0,2,Month-to-month,2,84.05,616,168.1,0,0.2654,0.285,0.724993697,73%
2926-JEJJC,Female,0,0,0,8,One year,0,20.2,732,161.6,0,0.2654,0.045,0.0931161,8%
8601-QACRS,Female,0,0,0,5,Month-to-month,3,50.6,2136,253,1,0.2654,0.735,0.501372563,43%
4950-BDEUX,Male,0,0,0,35,Month-to-month,2,49.2,1201,1722,0,0.2654,0.055,0.289147867,11%
5789-LDFXO,Male,0,0,0,24,One year,2,24.6,4856,590.4,0,0.2654,0.005,0.05608918,5%
0508-OOLTO,Female,0,1,1,2,Month-to-month,2,71.65,640,143.3,0,0.2654,0.205,0.604092545,50%
2984-TBYKU,Male,0,1,1,72,Two year,1,104.9,5886,7552.8,0,0.2654,0.02,0.034698691,2%
9822-WMWVG,Female,0,0,0,41,Month-to-month,2,106.5,3643,4366.5,0,0.2654,0.15,0.28749871,41%
2391-SOORI,Male,0,0,1,4,Month-to-month,2,49.35,1809,197.4,1,0.2654,0.835,0.210145249,43%
9040-KZVWO,Male,0,0,0,26,One year,0,75.5,1647,1963,0,0.2654,0.04,0.162835021,4%
2645-QTLMB,Male,0,0,0,7,Month-to-month,2,94.25,5309,659.75,1,0.2654,0.79,0.69286308,70%
4806-HIPDW,Female,0,1,0,1,Month-to-month,2,68.95,5383,68.95,1,0.2654,0.985,0.691895192,91%
1548-ARAGG,Female,0,1,1,4,Month-to-month,3,58.5,1877,234,0,0.2654,0.2,0.328029646,37%
6339-RZCBJ,Male,0,0,0,48,Two year,1,78.9,3237,3787.2,0,0.2654,0.005,0.022536643,1%
4424-TKOPW,Male,1,0,0,2,Month-to-month,2,93.85,1566,187.7,1,0.2654,0.995,0.799760238,92%
4415-WNGVR,Female,1,1,0,12,One year,2,79.2,6430,950.4,0,0.2654,0.085,0.210580238,12%
2522-AHJXR,Male,0,1,0,60,Month-to-month,0,109.45,5247,6567,0,0.2654,0.065,0.279256173,8%
0412-UCCNP,Male,0,0,0,55,Two year,2,59.2,2758,3256,0,0.2654,0.09,0.009790842,3%
1816-FLZDK,Male,0,0,0,1,Month-to-month,3,29.15,2503,29.15,0,0.2654,0.28,0.447543543,34%
7096-UCLNH,Male,0,0,0,1,Month-to-month,3,20.05,1607,20.05,0,0.2654,0.228333333,0.204260383,42%
8443-ZRDBZ,Male,0,0,0,4,Month-to-month,2,76.05,2763,304.2,1,0.2654,0.905,0.692896002,81%
9136-ALYBR,Male,0,0,0,1,Month-to-month,3,24.45,2040,24.45,1,0.2654,0.72,0.613174006,57%
4615-PIVVU,Female,0,0,0,42,Two year,1,66.5,2399,2793,0,0.2654,0.055,0.026454434,2%
8885-QSQBX,Female,0,0,0,1,Month-to-month,0,49.55,4141,49.55,0,0.2654,0.06,0.277539768,16%
7479-NITWS,Male,0,0,0,7,Month-to-month,1,89.35,5102,625.45,1,0.2654,0.865,0.708727546,68%
8617-ENBDS,Male,0,0,0,3,Month-to-month,1,73.6,1957,220.8,0,0.2654,0.2,0.599606384,49%
9385-NXKDA,Female,0,1,0,72,Two year,1,82.65,4855,5950.8,0,0.2654,0,0.020452659,0%
0430-IHCDJ,Male,0,0,0,15,Month-to-month,2,49,5763,735,0,0.2654,0.21,0.415085021,42%
2959-MJHIC,Male,0,1,0,4,Month-to-month,2,80.35,2667,321.4,1,0.2654,0.9,0.674526623,71%
6674-KVJHG,Female,0,0,0,11,One year,2,25.2,2101,277.2,0,0.2654,0.005,0.090736797,3%
1814-DKOLC,Female,0,0,0,5,Month-to-month,3,25.45,621,127.25,0,0.2654,0.19875,0.218385489,17%
4201-JMNGR,Female,1,0,0,1,Month-to-month,2,55.8,4567,55.8,1,0.2654,0.855,0.410987668,58%
9351-HXDMR,Male,0,1,0,72,Two year,1,110.9,6109,7984.8,0,0.2654,0.01,0.066094344,2%
3537-HPKQT,Female,0,1,0,55,Month-to-month,1,77.75,3637,4276.25,0,0.2654,0.105,0.259689644,33%
2129-ALKBS,Female,0,1,1,40,Month-to-month,2,26.2,149,1048,0,0.2654,0.07,0.060746429,15%
5821-MMEIL,Female,0,1,0,57,Two year,0,19.9,224,1134.3,0,0.2654,0.005,0.003418853,2%
5960-WPXQM,Male,0,0,0,1,Month-to-month,2,79.05,5961,79.05,1,0.2654,1,0.716475428,91%
0684-AOSIH,Male,0,1,0,1,Month-to-month,2,95,6440,95,1,0.2654,0.905,0.694100154,84%
8260-NGFNY,Female,0,0,0,1,Month-to-month,3,25.2,2151,25.2,1,0.2654,0.165,0.550661636,39%
1309-XGFSN,Male,1,1,1,52,One year,2,80.85,3481,4204.2,0,0.2654,0.055,0.1160607,13%
1866-RZZQS,Male,1,0,0,41,Month-to-month,2,98.4,3577,4034.4,1,0.2654,0.815,0.590184899,63%
6968-URWQU,Male,0,1,0,43,One year,3,56.35,2030,2423.05,0,0.2654,0.05,0.09072245,9%
4742-TXUEX,Female,0,1,1,47,Two year,0,19.3,6306,907.1,0,0.2654,0,0.006024832,0%
9631-XEYKE,Male,0,0,0,3,Month-to-month,0,50.4,665,151.2,0,0.2654,0.215,0.376100361,43%
8631-NBHFZ,Male,1,1,1,66,Two year,1,79.4,4333,5240.4,1,0.2654,0.005,0.008597623,3%
1335-MXCSE,Male,0,1,1,55,Two year,1,55.25,2709,3038.75,0,0.2654,0.015,0.012385123,3%
8873-TMKGR,Male,0,0,0,29,One year,3,19.1,4421,553.9,0,0.2654,0,0.034354191,0%
8800-JOOCF,Female,0,0,1,12,Month-to-month,2,84.05,6477,1008.6,0,0.2654,0.475,0.676574584,58%
1469-LBJQJ,Female,0,1,0,66,Month-to-month,2,105.2,5470,6943.2,0,0.2654,0.18,0.409716974,45%
4958-XCBDQ,Male,1,0,0,35,Month-to-month,2,101.4,3027,3549,1,0.2654,0.92,0.644655173,70%
8337-UPOAQ,Male,1,1,0,10,Month-to-month,2,89.8,6353,898,1,0.2654,0.795,0.774647326,82%
0064-YIJGF,Male,0,1,1,27,Month-to-month,0,75.75,1526,2045.25,0,0.2654,0.155,0.435466232,24%
2386-OWURY,Female,0,0,0,58,Month-to-month,2,95.3,4797,5527.4,0,0.2654,0.125,0.320933624,15%
1725-IQNIY,Male,0,1,0,54,Two year,0,109.75,4992,5926.5,1,0.2654,0.66,0.041683214,37%
0310-VQXAM,Male,0,0,0,9,Month-to-month,3,19.85,1310,178.65,0,0.2654,0.125,0.147525035,19%
6598-RFFVI,Male,0,0,0,2,One year,1,19.3,2426,38.6,1,0.2654,0.185,0.094964678,2%
3453-RTHJQ,Male,0,0,0,6,Month-to-month,2,69.1,3696,414.6,0,0.2654,0.195,0.617668837,38%
6712-OAWRH,Female,1,0,0,26,Month-to-month,2,91.25,1994,2372.5,1,0.2654,0.785,0.631969452,53%
6278-FEPBZ,Female,0,0,0,9,Month-to-month,3,20.25,1429,182.25,0,0.2654,0.06,0.155329662,12%
4280-DLSHD,Male,0,1,0,8,Month-to-month,3,54.75,3777,438,0,0.2654,0.195,0.365178797,15%
1508-DFXCU,Male,0,0,0,12,Month-to-month,2,81.45,6350,977.4,0,0.2654,0.155,0.657441454,57%
8614-VGMMV,Female,0,0,0,15,Month-to-month,2,49.1,5371,736.5,1,0.2654,0.66,0.421973142,45%
7868-BGSZA,Male,0,1,0,43,One year,2,80.2,3104,3448.6,0,0.2654,0.05,0.115265491,11%
2800-QQUSO,Male,0,0,0,42,Month-to-month,2,100.3,3606,4212.6,0,0.2654,0.23,0.477766872,52%
2930-UOTMB,Female,0,0,0,31,Month-to-month,1,65.25,1605,2022.75,1,0.2654,0.08,0.097308894,8%
7973-DZRKH,Female,0,0,1,66,Two year,1,90.95,4867,6002.7,0,0.2654,0.01,0.02955263,2%
5914-DVBWJ,Female,1,0,0,18,Month-to-month,2,85.45,918,1538.1,1,0.2654,0.49,0.484262126,57%
7698-YFGEZ,Male,0,0,0,1,Month-to-month,3,20,1606,20,0,0.2654,0.337083333,0.20406869,44%
2533-QVMSK,Male,0,1,0,61,Two year,2,94.1,4667,5740.1,1,0.2654,0.085,0.064898162,7%
9773-PEQBZ,Male,0,0,0,10,Month-to-month,2,79.85,6002,798.5,0,0.2654,0.125,0.558610967,46%
8644-XLFBW,Male,1,0,0,1,Month-to-month,2,71.65,5571,71.65,1,0.2654,0.395,0.724769027,64%
0650-BWOZN,Female,1,0,0,18,Month-to-month,2,73.55,651,1323.9,0,0.2654,0.36,0.483044973,52%
8625-AZYZY,Male,0,1,0,24,Month-to-month,2,104.65,2196,2511.6,1,0.2654,0.88,0.621894012,73%
7785-RDVIG,Female,0,1,1,3,Month-to-month,3,19.3,4490,57.9,0,0.2654,0.035,0.192767023,8%
9602-WCXPI,Male,0,0,0,50,One year,1,20.15,6507,1007.5,0,0.2654,0.03,0.013645127,1%
2903-YYTBW,Male,0,1,1,1,Month-to-month,2,44.55,3743,44.55,0,0.2654,0.2,0.352229386,52%
3620-MWJNE,Male,0,0,0,2,Month-to-month,3,54.45,6267,108.9,0,0.2654,0.205,0.303221952,27%
8573-JGCZW,Male,0,0,0,17,One year,0,19.65,3044,334.05,0,0.2654,0.025,0.066426848,4%
6837-HAEVO,Male,0,1,1,69,Two year,2,105,5660,7245,0,0.2654,0.235,0.098263285,23%
6701-YVNQG,Male,0,1,0,72,Two year,1,88.7,5096,6386.4,0,0.2654,0,0.015751305,0%
9306-CPCBC,Female,0,0,0,3,Month-to-month,2,74.25,1731,222.75,1,0.2654,0.855,0.689813143,76%
4304-XUMGI,Male,1,1,1,50,Two year,0,75.15,3273,3757.5,0,0.2654,0.025,0.02762726,1%
9504-YAZWB,Female,0,0,0,53,Two year,3,20.25,92,1073.25,0,0.2654,0.005,0.004636162,1%
8819-ZBYNA,Female,0,1,0,58,Two year,1,109.1,5155,6327.8,0,0.2654,0.125,0.073553676,24%
6174-NRBTZ,Male,0,0,0,46,One year,0,30.75,881,1414.5,0,0.2654,0.01,0.050209822,2%
9481-IEBZY,Male,1,1,0,72,Month-to-month,1,112.9,6045,8128.8,0,0.2654,0.325,0.237808898,9%
1833-VGRUM,Female,1,0,0,1,Month-to-month,2,74.2,5715,74.2,1,0.2654,0.92,0.773182595,81%
6137-NICCO,Female,0,1,1,6,Month-to-month,3,94.05,4344,564.3,0,0.2654,0.3,0.662865226,58%
9065-ZCPQX,Male,0,1,0,72,Two year,0,78.85,4758,5677.2,0,0.2654,0,0.007718823,0%
6402-EJMWF,Male,0,0,0,4,Month-to-month,3,55.3,2018,221.2,0,0.2654,0.29,0.502743209,30%
3620-EHIMZ,Female,0,1,1,52,Two year,3,19.35,67,1006.2,0,0.2654,0.025,0.004054307,1%
3213-VVOLG,Male,0,1,1,0,Two year,3,25.35,0,0,0,0.2654,0.005,0.055974187,1%
6870-ECSHE,Female,0,0,0,2,One year,3,20.45,2944,40.9,0,0.2654,0.0075,0.11283153,3%
8747-UDCOI,Female,0,1,0,65,Two year,0,19.35,582,1257.75,0,0.2654,0,0.00234419,1%
8374-XGEJJ,Male,1,1,0,43,Month-to-month,2,101,3725,4343,1,0.2654,0.77,0.568203011,76%
2656-TABEH,Male,0,1,0,4,Month-to-month,2,100.2,3591,400.8,1,0.2654,0.955,0.756270608,90%
6946-LMSQS,Male,1,1,0,25,One year,2,89.05,1791,2226.25,1,0.2654,0.705,0.340812205,31%
4626-OZDTJ,Female,0,1,0,51,One year,1,78.65,3375,4011.15,0,0.2654,0.02,0.083652581,7%
9169-BSVIN,Male,0,0,0,12,Month-to-month,0,74.75,6118,897,0,0.2654,0.17,0.466936297,38%
2325-ZUSFD,Female,0,1,1,57,One year,0,70.1,3351,3995.7,1,0.2654,0.625,0.044392383,19%
8194-PEEBY,Female,0,1,1,24,One year,3,19.9,4455,477.6,0,0.2654,0,0.039927514,1%
6872-HXFNF,Female,0,1,0,64,One year,0,58.35,3227,3734.4,0,0.2654,0.01,0.021825715,2%
3932-CMDTD,Female,0,0,0,4,One year,2,105.65,3765,422.6,1,0.2654,0.375,0.43352546,48%
7714-YXSMB,Female,0,0,0,26,Month-to-month,0,100.5,2248,2613,0,0.2654,0.165,0.635780329,45%
8387-UGUSU,Female,0,1,1,15,Month-to-month,3,20.05,2455,300.75,0,0.2654,0.03,0.111325189,8%
1080-BWSYE,Male,1,1,0,64,Two year,1,25.65,1257,1641.6,0,0.2654,0,0.004420424,0%
4039-HEUNW,Male,1,1,0,36,Month-to-month,2,96.5,2975,3474,1,0.2654,0.41,0.5707685,43%
1194-HVAIF,Female,0,1,0,27,Month-to-month,1,95,2115,2565,0,0.2654,0.09,0.566610961,23%
0812-WUPTB,Male,1,1,0,1,Month-to-month,3,70.85,5518,70.85,1,0.2654,0.945,0.668451763,75%
3594-UVONA,Female,0,0,0,35,One year,1,85.95,2706,3008.25,1,0.2654,0.055,0.105980955,8%
0004-TLHLJ,Male,0,0,0,4,Month-to-month,2,73.9,2430,295.6,1,0.2654,0.84,0.610226809,73%
1767-TGTKO,Female,0,1,1,8,Month-to-month,2,45.45,3503,363.6,0,0.2654,0.155,0.374046475,33%
8439-LTUGF,Male,0,0,0,10,Month-to-month,1,20,1586,200,0,0.2654,0.02,0.174463387,8%
8805-JNRAZ,Female,0,0,0,2,Month-to-month,3,49.2,64,98.4,0,0.2654,0.135,0.311435745,29%
5089-IFSDP,Female,0,1,0,58,Two year,0,109.45,5014,6348.1,1,0.2654,0.725,0.095342906,63%
6418-HNFED,Male,0,1,0,51,Two year,1,83.25,3487,4245.75,0,0.2654,0.005,0.019356214,1%
0206-OYVOC,Female,0,1,1,46,Two year,3,19.25,6247,885.5,0,0.2654,0.005,0.009996912,1%
7291-CDTMJ,Male,0,0,0,1,Month-to-month,0,19.65,1487,19.65,0,0.2654,0.105,0.232688357,23%
7128-GGCNO,Male,0,0,0,46,Month-to-month,0,72.8,2827,3348.8,0,0.2654,0.08,0.249762007,19%
0237-YFUTL,Female,0,1,0,50,Month-to-month,0,109.65,4496,5482.5,0,0.2654,0.205,0.300617024,31%
7691-KGKGP,Male,0,1,1,53,Month-to-month,1,65,2918,3445,0,0.2654,0.09,0.050102584,6%
6710-HSJRD,Male,0,1,0,61,Month-to-month,2,114.1,5594,6960.1,0,0.2654,0.215,0.39710787,16%
3675-EQOZA,Male,0,0,0,5,Month-to-month,0,20.65,6393,103.25,0,0.2654,0.035,0.191540107,12%
0840-DCNZE,Male,0,0,0,47,One year,0,86.95,3534,4086.65,0,0.2654,0.045,0.048562668,4%
1732-FEKLD,Female,0,0,0,54,One year,0,94.75,4312,5116.5,0,0.2654,0.055,0.191141612,12%
9862-KJTYK,Male,0,0,1,19,Month-to-month,1,25.35,4680,481.65,0,0.2654,0.095,0.38154947,18%
0479-HMSWA,Female,0,0,1,26,Two year,2,105.45,2355,2741.7,0,0.2654,0.2,0.13428769,12%
5854-KSRBJ,Male,0,1,1,70,Two year,3,25.4,1314,1778,0,0.2654,0,0.002610757,0%
0365-BZUWY,Male,0,1,0,17,Month-to-month,2,102.55,1259,1743.35,0,0.2654,0.305,0.640458255,52%
4817-VYYWS,Female,0,0,0,30,Month-to-month,2,100.2,2580,3006,1,0.2654,0.885,0.597022677,68%
5701-SVCWR,Female,0,0,1,1,Month-to-month,3,24,2035,24,0,0.2654,0.12925,0.225238621,26%
3129-AAQOU,Female,0,1,1,19,Two year,3,25.6,4092,486.4,0,0.2654,0,0.031171747,1%
4922-CVPDX,Female,0,1,0,26,Two year,1,73.5,1505,1911,0,0.2654,0.02,0.081398403,1%
1396-QWFBJ,Female,0,1,1,21,Month-to-month,0,74.05,1014,1555.05,1,0.2654,0.79,0.366839365,44%
1357-BIJKI,Male,0,1,0,50,One year,2,98.25,4096,4912.5,0,0.2654,0.11,0.282730815,26%
1099-BTKWT,Female,0,1,0,68,One year,2,54.4,3207,3699.2,0,0.2654,0.12,0.054236379,12%
5299-SJCZT,Male,0,0,0,3,Month-to-month,0,101.55,2576,304.65,1,0.2654,0.975,0.763736977,94%
2018-PZKMU,Male,0,1,1,9,Month-to-month,2,103.1,6485,927.9,0,0.2654,0.42,0.560220621,44%
7340-KEFQE,Female,0,1,1,51,Two year,0,34.2,1313,1744.2,0,0.2654,0.015,0.009025349,1%
4570-QHXHL,Female,0,0,0,9,Month-to-month,2,43.75,3463,393.75,0,0.2654,0.22,0.389204727,33%
2403-BCASL,Male,1,1,1,41,One year,2,111.95,3862,4589.95,1,0.2654,0.74,0.291044281,57%
7392-YYPYJ,Male,0,0,0,22,Month-to-month,2,100.65,2058,2214.3,0,0.2654,0.245,0.634435133,63%
2898-LSJGD,Female,0,1,1,21,One year,2,55.95,296,1174.95,1,0.2654,0.09,0.208191926,11%
2223-GDSHL,Male,0,1,1,71,Two year,0,116.05,6130,8239.55,0,0.2654,0.01,0.049551609,5%
7359-PTSXY,Male,0,0,0,1,Month-to-month,2,45.75,3823,45.75,1,0.2654,0.945,0.394221565,69%
9470-RTWDV,Male,0,1,1,26,One year,1,82,1712,2132,0,0.2654,0.14,0.163108549,8%
2176-OSJUV,Male,0,1,0,71,Two year,0,65.15,3962,4625.65,0,0.2654,0.075,0.004894287,1%
9348-YVOMK,Male,0,0,0,4,Month-to-month,1,44.8,1284,179.2,0,0.2654,0.39,0.396161099,65%
8104-OSKWT,Female,0,0,0,12,Month-to-month,2,79.8,7,957.6,0,0.2654,0.175,0.493800398,19%
4521-YEEHE,Female,0,1,0,18,Month-to-month,2,88.85,1049,1599.3,0,0.2654,0.2,0.536692601,39%
4090-KPJIP,Female,0,0,0,3,Month-to-month,2,74.95,1748,224.85,0,0.2654,0.415,0.693441066,72%
3786-WOVKF,Female,1,1,0,72,One year,0,106.85,5857,7693.2,0,0.2654,0.125,0.172361796,3%
4503-BDXBD,Male,0,0,0,11,Month-to-month,2,74.95,6081,824.45,1,0.2654,0.345,0.484041661,33%
6086-ESGRL,Female,0,0,0,1,Month-to-month,1,80.15,6015,80.15,1,0.2654,0.96,0.678256373,93%
2592-HODOV,Male,0,0,0,13,One year,1,19.3,2241,250.9,0,0.2654,0,0.058368318,1%
3886-CERTZ,Female,0,1,0,72,One year,2,109.25,6068,7866,1,0.2654,0.7,0.170897691,43%
7995-ZHHNZ,Male,0,1,0,42,One year,1,56.1,2022,2356.2,0,0.2654,0.01,0.044671069,4%
3824-RHKVR,Female,0,0,0,17,Month-to-month,1,19.7,2946,334.9,0,0.2654,0.045,0.108817431,13%
5816-SCGFC,Female,1,0,0,7,Month-to-month,3,51.3,3580,359.1,0,0.2654,0.025,0.430938035,11%
5989-AXPUC,Female,0,1,0,68,Two year,3,118.6,6010,8064.8,0,0.2654,0.085,0.060207042,6%
4979-HPRFL,Male,0,1,1,56,Two year,0,24.15,738,1352.4,0,0.2654,0.02,0.003969785,3%
8590-OHDIW,Female,0,1,1,38,One year,3,20.3,5764,771.4,0,0.2654,0.005,0.022778757,1%
8015-IHCGW,Female,0,1,1,72,Two year,2,115.5,6186,8316,0,0.2654,0,0.054377377,1%
2332-TODQS,Female,0,0,0,48,One year,1,25.05,321,1202.4,0,0.2654,0.005,0.015807657,3%
9278-VZKCD,Female,1,1,0,52,Month-to-month,2,109.1,4675,5673.2,0,0.2654,0.17,0.420897004,29%
8008-OTEZX,Female,0,1,1,35,One year,3,19.65,5557,687.75,0,0.2654,0,0.025359338,1%
2773-OVBPK,Male,0,1,0,67,Two year,0,111.3,5810,7457.1,0,0.2654,0.265,0.090775569,30%
5999-LCXAO,Female,0,0,0,1,Month-to-month,3,29.9,2506,29.9,0,0.2654,0.25,0.437532214,29%
5206-XZZQI,Male,0,0,0,53,Month-to-month,3,80.6,3694,4271.8,0,0.2654,0.07,0.18500258,10%
4803-LBYPN,Male,0,1,1,34,Month-to-month,3,20.8,5127,707.2,0,0.2654,0.055,0.054305428,5%
5759-RCVCB,Female,0,0,0,3,Month-to-month,1,35.2,160,105.6,1,0.2654,0.33,0.521610782,41%
6372-RFVNS,Female,0,1,0,1,Month-to-month,2,78.8,5912,78.8,1,0.2654,0.975,0.661491965,93%
2139-FQHLM,Male,0,0,0,19,Month-to-month,3,89.95,1177,1709.05,0,0.2654,0.335,0.377911142,16%
8261-GWDBQ,Female,1,1,0,60,Two year,0,116.05,5466,6963,0,0.2654,0.01,0.087629944,4%
1093-YSWCA,Male,0,0,0,11,Two year,1,19.55,1861,215.05,0,0.2654,0.005,0.030035648,0%
8938-UMKPI,Female,0,0,0,47,Month-to-month,2,106.4,4317,5000.8,1,0.2654,0.305,0.519680268,47%
0991-BRRFB,Male,0,0,0,18,Month-to-month,2,49.4,6274,889.2,1,0.2654,0.755,0.185794672,33%
3882-IYOIJ,Female,0,1,1,60,Two year,1,115.25,5350,6915,0,0.2654,0,0.047448953,1%
8749-TZYEC,Male,0,1,0,72,Two year,1,24.8,1448,1785.6,0,0.2654,0,0.002547424,0%
1755-FZQEC,Male,0,0,0,39,One year,3,19.9,5980,776.1,0,0.2654,0,0.02402686,0%
3115-JPJDD,Female,0,1,0,59,One year,1,81.25,3932,4793.75,0,0.2654,0.005,0.08490471,3%
5600-KTXFM,Male,0,1,1,2,Month-to-month,3,69.95,796,139.9,0,0.2654,0.52,0.517308064,45%
3871-IKPYH,Male,1,0,0,1,Month-to-month,2,69.1,5440,69.1,1,0.2654,0.96,0.640910455,90%
6319-IEJWJ,Male,0,1,1,20,Month-to-month,2,90.2,1300,1804,1,0.2654,0.685,0.57323744,58%
9025-AOMKI,Female,0,0,0,6,Month-to-month,0,93.55,4471,561.3,1,0.2654,0.96,0.766987525,86%
6339-TBELP,Male,0,0,0,71,Two year,1,86.4,5033,6134.4,0,0.2654,0.01,0.043149025,1%
7964-YESJC,Female,0,1,0,24,Month-to-month,3,66.3,1003,1591.2,0,0.2654,0.06,0.15638637,12%
6173-GOLSU,Male,1,1,0,67,Month-to-month,1,94.65,4966,6341.55,0,0.2654,0.195,0.42695266,32%
5275-SQEIZ,Male,0,0,0,1,Month-to-month,3,80.85,6023,80.85,1,0.2654,0.925,0.757164082,85%
7716-YTYHG,Female,0,1,1,48,One year,3,82.05,3446,3938.4,1,0.2654,0.7,0.235749797,39%
9938-ZREHM,Female,0,1,0,37,One year,3,72.1,2308,2667.7,0,0.2654,0.03,0.085830875,19%
7950-XWOVN,Male,0,0,0,11,Month-to-month,3,34.7,3278,381.7,0,0.2654,0.1,0.386174783,14%
4390-KYULV,Male,0,1,0,3,Month-to-month,1,20.55,4300,61.65,1,0.2654,0.63,0.259418937,21%
4647-MUZON,Female,0,1,0,18,Month-to-month,1,95.95,1266,1727.1,0,0.2654,0.13,0.630121888,26%
9702-AIUJO,Male,0,1,1,50,One year,0,44.8,1866,2240,0,0.2654,0.11,0.037749864,7%
8849-PRIQJ,Female,0,1,1,67,One year,2,109.4,5654,7329.8,0,0.2654,0.095,0.128094242,15%
8851-RAGOV,Female,0,1,0,25,Month-to-month,3,71.05,1391,1776.25,0,0.2654,0.08,0.15988009,9%
1304-NECVQ,Female,1,0,0,2,Month-to-month,2,78.55,883,157.1,1,0.2654,0.815,0.711643831,86%
5396-IZEPB,Male,0,0,0,9,Month-to-month,1,19.7,1347,177.3,0,0.2654,0.035,0.135703172,12%
1729-VLAZJ,Female,0,0,1,10,One year,3,40.25,3501,402.5,0,0.2654,0.035,0.110595708,2%
8285-ABVLB,Female,0,1,0,70,Two year,1,19.85,597,1389.5,0,0.2654,0.005,0.001984817,1%
0701-TJSEF,Male,0,0,0,9,Month-to-month,0,68.25,4755,614.25,0,0.2654,0.18,0.254674874,11%
5712-VBOXD,Female,0,0,0,4,Month-to-month,1,20.15,5378,80.6,0,0.2654,0.05,0.261625048,15%
6629-LADHQ,Female,0,0,0,2,Month-to-month,3,50.95,418,101.9,0,0.2654,0.17,0.267992079,22%
8945-GRKHX,Female,0,0,1,1,Month-to-month,2,78.65,5911,78.65,1,0.2654,0.92,0.639946277,90%
1559-DTODC,Male,0,0,0,19,Month-to-month,0,25.15,3960,477.85,0,0.2654,0.095,0.403157733,21%
4797-MIWUM,Male,0,1,1,7,Month-to-month,0,20.25,1253,141.75,0,0.2654,0.05,0.165139206,11%
6959-UWKHF,Male,0,0,0,1,Month-to-month,2,42.9,3590,42.9,1,0.2654,0.735,0.454940837,61%
8720-RQSBJ,Male,1,0,0,1,Month-to-month,2,44,3734,44,0,0.2654,0.125,0.423395685,46%
4537-CIBHB,Female,0,1,1,9,One year,3,20.25,1226,182.25,0,0.2654,0.01,0.067384221,2%
3815-SLMEF,Female,0,0,0,3,Month-to-month,3,34.25,710,102.75,1,0.2654,0.2675,0.309231521,22%
5154-VEKBL,Female,0,0,0,9,Month-to-month,3,58.5,4483,526.5,1,0.2654,0.755,0.391914383,31%
4324-AHJKS,Female,0,0,0,5,Month-to-month,1,55.8,2595,279,0,0.2654,0.06,0.241127045,20%
4355-CVPVS,Female,0,1,1,56,One year,0,88.9,4203,4978.4,0,0.2654,0.24,0.139119712,13%
4495-LHSSK,Female,0,0,1,18,Month-to-month,3,57.65,6517,1037.7,0,0.2654,0.1,0.234570096,18%
5655-JSMZM,Male,1,0,0,49,Month-to-month,2,96.2,3992,4713.8,1,0.2654,0.81,0.559669525,70%
5915-ANOEI,Male,0,1,0,70,Two year,3,79.15,4594,5540.5,0,0.2654,0.005,0.008464266,1%
9861-PDSZP,Female,0,0,0,72,Two year,1,108.05,5923,7779.6,0,0.2654,0.045,0.076658787,2%
4505-EXZHB,Female,1,0,0,6,Month-to-month,2,74.4,3689,446.4,1,0.2654,0.805,0.584229286,52%
7225-CBZPL,Male,1,1,0,17,Month-to-month,2,94.8,1010,1611.6,0,0.2654,0.525,0.727873342,50%
6704-UTUKK,Male,0,1,0,29,Month-to-month,2,45.9,601,1331.1,0,0.2654,0.115,0.429804495,22%
4587-VVTOX,Female,0,1,0,6,Month-to-month,2,105.3,4529,631.8,1,0.2654,0.95,0.757802989,88%
2019-HDCZY,Male,0,1,0,63,Two year,2,102.6,5087,6463.8,0,0.2654,0.04,0.117459831,8%
4652-NNHNY,Male,0,1,0,16,Month-to-month,0,73.85,517,1181.6,1,0.2654,0.78,0.545872241,50%
8788-DOXSU,Male,0,0,0,59,One year,0,61.35,3147,3619.65,0,0.2654,0.035,0.053305279,9%
7404-JLKQG,Female,0,0,0,3,Month-to-month,2,57.55,1067,172.65,0,0.2654,0.395,0.367614299,49%
7421-ZLUPA,Female,0,0,0,8,Month-to-month,3,29.25,1898,234,0,0.2654,0.225,0.496459196,36%
8972-HJWNV,Female,1,1,0,7,Month-to-month,2,84.55,5190,591.85,1,0.2654,0.945,0.791713215,88%
3274-NSDWE,Female,0,0,0,68,Two year,1,19.6,816,1332.8,0,0.2654,0,0.002115842,0%
2632-IVXVF,Female,0,1,1,68,Two year,1,111.75,5782,7599,0,0.2654,0.125,0.047763981,8%
3692-JHONH,Female,1,1,0,52,One year,2,106.5,4656,5538,0,0.2654,0.145,0.352330899,41%
8915-NNTRC,Male,0,1,1,72,Two year,1,107.7,5983,7754.4,0,0.2654,0.01,0.042242251,1%
5914-GXMDA,Female,0,1,0,32,One year,3,19.3,4862,617.6,0,0.2654,0,0.033127924,1%
7463-IFMQU,Female,0,1,0,72,Two year,0,20.05,780,1443.6,0,0.2654,0,0.00175299,0%
2920-RNCEZ,Male,0,1,1,1,Month-to-month,1,69.95,5455,69.95,0,0.2654,0.293375,0.637164831,75%
2541-YGPKE,Male,0,1,1,42,One year,1,63.7,2401,2675.4,0,0.2654,0.045,0.028115646,16%
8515-OCTJS,Female,0,0,0,25,Two year,1,24.75,5462,618.75,1,0.2654,0.66,0.026265396,11%
5382-TEMLV,Male,0,0,0,45,Month-to-month,0,50.9,1938,2290.5,0,0.2654,0.02,0.077193962,13%
3441-CGZJH,Female,0,1,1,43,One year,1,60.4,2289,2597.2,0,0.2654,0.055,0.079463471,11%
9592-ERDKV,Male,0,1,0,37,One year,3,79.25,2519,2932.25,0,0.2654,0.045,0.101384734,10%
2860-RANUS,Female,1,0,0,20,Month-to-month,1,85.8,1233,1716,1,0.2654,0.535,0.666775275,37%
5261-QSHQM,Female,0,0,0,4,Month-to-month,2,24.45,6242,97.8,1,0.2654,0.84,0.629043228,72%
4778-IZARL,Male,0,1,0,63,Two year,1,110.1,5322,6936.3,0,0.2654,0.08,0.04948294,3%
0432-CAJZV,Male,0,0,0,3,Month-to-month,3,90.7,2009,272.1,0,0.2654,0.135,0.671534522,28%
7008-LZVOZ,Male,0,1,1,66,Two year,1,25.3,1159,1669.8,0,0.2654,0,0.003889501,0%
8868-WOZGU,Male,0,0,0,28,Month-to-month,2,105.7,2575,2959.6,1,0.2654,0.875,0.601669427,75%
1200-TUZHR,Female,1,0,0,8,Month-to-month,2,85.2,5475,681.6,0,0.2654,0.295,0.726849103,78%
9365-CSLBQ,Male,0,0,1,71,Two year,3,24.35,1138,1728.85,0,0.2654,0,0.002300527,0%
1334-FJSVR,Male,0,0,0,1,Month-to-month,2,24.25,2038,24.25,1,0.2654,0.73,0.600688302,68%
5884-FBCTL,Female,0,1,1,72,Two year,0,25.1,1424,1807.2,0,0.2654,0,0.002147591,0%
7130-CTCUS,Male,1,1,0,16,Month-to-month,0,54.55,6112,872.8,0,0.2654,0.22,0.239488398,13%
6242-FEGFD,Male,0,1,0,66,Two year,3,96.6,5171,6375.6,0,0.2654,0.01,0.025780274,4%
7625-XCQRH,Female,0,0,0,11,Month-to-month,2,76.5,6164,841.5,1,0.2654,0.865,0.691407421,72%
6194-HBGQN,Male,0,0,0,51,One year,1,81.15,3519,4138.65,0,0.2654,0.005,0.040720388,3%
7634-WSWDB,Female,0,0,1,8,Month-to-month,2,38.5,2868,308,0,0.2654,0.09,0.45475593,31%
6986-IXNDM,Male,0,0,0,14,Month-to-month,2,92.9,612,1300.6,0,0.2654,0.29,0.658492683,40%
1731-TVIUK,Female,0,0,0,4,Month-to-month,2,93.5,3128,374,1,0.2654,0.935,0.635253408,81%
2987-BJXIK,Female,0,0,0,70,Two year,3,84.7,4907,5929,0,0.2654,0.02,0.018298135,1%
9769-TSBZE,Female,0,0,1,70,Two year,2,66,4133,4620,0,0.2654,0.005,0.004934711,4%
0406-BPDVR,Female,1,1,0,54,One year,1,101.5,4475,5481,1,0.2654,0.74,0.322036235,56%
0618-XWMSS,Male,0,0,1,28,Month-to-month,0,74.9,1692,2097.2,1,0.2654,0.675,0.256023894,25%
1395-WSWXR,Male,0,0,0,24,Two year,3,20.75,4112,498,0,0.2654,0,0.020940803,0%
6023-GSSXW,Female,0,1,0,69,Two year,1,61.45,3524,4240.05,0,0.2654,0.03,0.01743087,2%
6752-APNJL,Male,0,1,1,42,Month-to-month,3,54.5,1941,2289,0,0.2654,0.045,0.052894392,13%
5276-KQWHG,Female,1,0,0,2,Month-to-month,2,69.6,569,139.2,1,0.2654,0.8,0.664959217,60%
0420-HLGXF,Female,1,0,0,39,Month-to-month,2,99.75,3449,3890.25,0,0.2654,0.235,0.622847173,65%
7446-KQISO,Male,0,1,1,45,Two year,0,109.75,4151,4938.75,0,0.2654,0.355,0.11085087,24%
9823-EALYC,Male,0,1,1,72,Two year,0,80.85,4726,5821.2,0,0.2654,0,0.008570208,0%
0582-AVCLN,Female,0,0,0,38,Two year,3,20.3,5740,771.4,0,0.2654,0,0.012284119,1%
5803-NQJZO,Male,0,1,0,72,Two year,0,67.8,4058,4881.6,0,0.2654,0.03,0.006273754,1%
2565-JSLRY,Male,0,0,0,1,Month-to-month,3,24.05,2036,24.05,1,0.2654,0.645,0.31536878,40%
2607-DHDAK,Male,0,1,1,72,Two year,1,19.8,761,1425.6,0,0.2654,0,0.002010264,0%
1073-XXCZD,Male,0,1,0,55,Two year,0,25.7,823,1413.5,0,0.2654,0.055,0.005272101,3%
0743-HRVFF,Female,0,1,1,51,One year,2,56.15,2502,2863.65,0,0.2654,0.025,0.094773743,19%
4006-HKYHO,Male,0,0,0,63,Two year,0,86.7,4439,5462.1,0,0.2654,0.01,0.014761569,1%
3727-JEZTU,Female,0,0,0,1,Month-to-month,3,20.4,1614,20.4,0,0.2654,0.11525,0.213060648,27%
8143-ETQTI,Female,0,1,1,23,Two year,3,19.65,3837,451.95,0,0.2654,0.015,0.026049488,1%
6689-KXGBO,Female,0,0,0,1,Month-to-month,2,50.55,4230,50.55,1,0.2654,0.83,0.362305144,51%
9667-TKTVZ,Female,0,0,0,2,Month-to-month,3,54.35,315,108.7,0,0.2654,0.5,0.4118446,45%
3657-COGMW,Female,1,0,0,52,Month-to-month,1,108.1,4810,5621.2,0,0.2654,0.06,0.320628302,23%
8570-KLJYJ,Female,0,0,0,36,One year,3,54.45,1471,1960.2,0,0.2654,0.005,0.057104808,3%
7754-IXRMC,Female,0,0,0,1,Month-to-month,3,45.35,3817,45.35,0,0.2654,0.275,0.414309652,54%
9473-CBZOP,Female,0,0,0,28,One year,3,59,1137,1652,0,0.2654,0.005,0.073710785,2%
2969-WGHQO,Female,0,1,1,7,One year,2,69.45,4036,486.15,0,0.2654,0.025,0.111895027,4%
6615-NGGZJ,Male,0,0,0,14,Month-to-month,2,100.55,764,1407.7,1,0.2654,0.705,0.66829375,72%
4334-HOWRP,Male,1,1,0,72,Two year,1,64.95,3875,4676.4,0,0.2654,0,0.017217415,1%
4255-DDUOU,Female,0,1,1,1,Month-to-month,3,20.5,1616,20.5,1,0.2654,0.862833333,0.244533766,57%
5863-OOKCL,Female,0,0,0,10,Month-to-month,3,18.85,1101,188.5,0,0.2654,0.11,0.142934023,8%
1686-STUHN,Male,0,0,0,42,One year,0,19.8,6204,831.6,0,0.2654,0.005,0.018338192,1%
1329-VHWNP,Female,0,0,0,7,Month-to-month,0,25.05,1470,175.35,0,0.2654,0.34,0.437716588,42%
2984-MIIZL,Male,0,0,0,4,Month-to-month,0,74.8,2794,299.2,1,0.2654,0.92,0.59671693,74%
0266-GMEAO,Male,0,1,1,72,Two year,1,114.3,6042,8229.6,0,0.2654,0,0.04724938,1%
5590-YRFJT,Female,0,1,0,20,Month-to-month,2,24.45,4072,489,1,0.2654,0.755,0.430389558,43%
5574-NXZIU,Male,0,0,0,63,Two year,1,109.2,5544,6879.6,0,0.2654,0.11,0.034420301,4%
0019-GFNTW,Female,0,0,0,56,Two year,0,45.05,2218,2522.8,0,0.2654,0,0.008247855,1%
4256-ZWTZI,Female,0,0,1,5,Month-to-month,3,51,2468,255,0,0.2654,0.155,0.316067599,31%
8309-PPCED,Female,0,1,0,72,Two year,0,110.45,6004,7952.4,0,0.2654,0.005,0.082767886,1%
4098-NAUKP,Male,1,1,1,68,Month-to-month,2,84.65,4695,5756.2,0,0.2654,0.425,0.212226488,43%
5196-WPYOW,Male,0,1,1,67,One year,3,60.05,3410,4023.35,0,0.2654,0.005,0.008110875,2%
4608-LCIMN,Male,0,1,1,8,Month-to-month,0,44.65,3181,357.2,0,0.2654,0.11,0.26589599,18%
1485-YDHMM,Male,0,1,1,52,Month-to-month,0,93.25,3930,4849,0,0.2654,0.05,0.253149065,17%
4054-CUMIA,Female,0,1,1,18,Month-to-month,3,20.25,3426,364.5,0,0.2654,0.025,0.137086846,6%
0603-TPMIB,Female,0,1,1,59,Two year,3,25.45,963,1501.55,0,0.2654,0,0.004428551,0%
2525-GVKQU,Female,0,0,0,60,Two year,3,20.6,183,1236,0,0.2654,0,0.003404534,0%
8161-QYMTT,Male,0,0,0,7,Month-to-month,2,94.1,5527,658.7,0,0.2654,0.945,0.782182737,89%
9581-GVBXT,Male,0,1,1,59,One year,3,34.8,1588,2053.2,0,0.2654,0.03,0.021649525,1%
5862-BRIXZ,Male,0,0,0,46,Two year,0,60.75,2496,2794.5,0,0.2654,0.06,0.037037775,2%
5404-GGUKR,Male,0,0,0,5,Month-to-month,2,51.35,2268,256.75,0,0.2654,0.17,0.372662819,33%
3308-JSGML,Male,1,1,0,59,Two year,1,64.05,3325,3778.95,0,0.2654,0,0.034538685,1%
2126-GSEGL,Female,0,1,0,70,Two year,0,84.8,4853,5936,0,0.2654,0,0.024938896,1%
3677-TNKIO,Female,0,0,0,14,Month-to-month,1,71,6352,994,1,0.2654,0.77,0.593685181,57%
0440-QEXBZ,Female,0,0,0,44,Month-to-month,3,50.15,1757,2206.6,0,0.2654,0.09,0.173520313,18%
2434-EEVDB,Female,0,1,0,64,Two year,1,94.6,4875,6054.4,0,0.2654,0.045,0.064727178,4%
6762-QVYJO,Female,0,1,1,58,Two year,3,59.75,3132,3465.5,0,0.2654,0,0.018161952,1%
6199-IWKGC,Female,1,1,0,46,One year,2,100.25,4026,4611.5,0,0.2654,0.065,0.26153273,27%
2675-DHUTR,Male,1,1,0,58,Month-to-month,2,98.9,4769,5736.2,0,0.2654,0.165,0.461583531,36%
8152-VETUR,Female,0,1,0,72,Two year,1,97.7,5419,7034.4,0,0.2654,0.175,0.093468231,3%
9667-EQRXU,Female,1,0,0,30,Month-to-month,2,40.3,322,1209,1,0.2654,0.775,0.370367737,57%
7446-YPODE,Male,1,0,0,11,Month-to-month,0,60.25,5279,662.75,0,0.2654,0.07,0.255544692,12%
9522-BNTHX,Female,1,0,0,34,Month-to-month,2,56.25,1291,1912.5,0,0.2654,0.385,0.39806915,45%
4676-WLUHT,Male,0,0,0,54,Two year,0,46.2,2080,2494.8,0,0.2654,0.055,0.017338805,2%
3329-WDIOK,Female,0,0,0,3,Month-to-month,2,50.6,986,151.8,1,0.2654,0.855,0.646061526,64%
7980-MHFLQ,Female,0,1,1,72,Two year,3,24.9,1426,1792.8,0,0.2654,0.005,0.002457804,0%
2873-ZLIWT,Female,0,1,1,40,Month-to-month,2,84.85,2870,3394,1,0.2654,0.84,0.306660395,50%
3415-TAILE,Female,0,1,1,2,Month-to-month,3,65.7,617,131.4,1,0.2654,0.415,0.441379217,24%
0757-WCUUZ,Male,0,1,1,54,Two year,1,63.35,2950,3420.9,0,0.2654,0.035,0.02448311,2%
1629-DQQVB,Female,0,0,0,14,Month-to-month,0,50.1,5562,701.4,0,0.2654,0.12,0.199943696,14%
1915-IOFGU,Female,0,0,0,1,Month-to-month,2,70.5,5511,70.5,1,0.2654,0.94,0.621238464,80%
3045-XETSH,Female,0,0,0,10,Month-to-month,2,94.85,6452,948.5,1,0.2654,0.845,0.712013926,78%
0374-AACSZ,Female,0,0,0,1,Month-to-month,2,50.15,4226,50.15,0,0.2654,0.03,0.300798332,26%
7239-HZZCX,Male,0,0,0,1,Month-to-month,3,19.75,1489,19.75,1,0.2654,0.465708333,0.202219072,41%
4872-VXRIL,Male,0,0,0,56,One year,0,64.65,3163,3620.4,0,0.2654,0.035,0.022599438,3%
9140-CZQZZ,Female,0,1,0,68,Two year,0,79.6,4582,5412.8,0,0.2654,0.025,0.012159679,2%
3423-HHXAO,Female,0,1,1,14,One year,3,19.5,2359,273,0,0.2654,0.01,0.075846913,5%
9938-TKDGL,Male,0,1,1,68,Two year,2,99.55,5294,6769.4,0,0.2654,0.01,0.040524895,5%
0531-ZZJWQ,Male,1,1,0,55,Month-to-month,2,74,3464,4070,0,0.2654,0.12,0.328704595,44%
6537-QLGEX,Female,0,0,0,16,Month-to-month,2,38.9,5286,622.4,0,0.2654,0.155,0.41841972,33%
2688-BHGOG,Male,1,0,0,9,Month-to-month,2,79.55,5616,715.95,0,0.2654,0.265,0.720599483,50%
7683-CBDKJ,Male,0,1,1,14,Month-to-month,2,65.45,6413,916.3,1,0.2654,0.685,0.250826064,22%
0946-CLJTI,Male,1,1,0,58,Month-to-month,2,98.7,4793,5724.6,1,0.2654,0.415,0.499708694,55%
3160-TYXLT,Male,0,0,0,53,Month-to-month,0,46.3,2199,2453.9,0,0.2654,0.08,0.107982051,26%
1325-USMEC,Male,0,1,0,70,Two year,1,99.35,5473,6954.5,0,0.2654,0.045,0.048427737,6%
0916-QOFDP,Female,1,1,1,14,Month-to-month,2,95.8,632,1341.2,0,0.2654,0.22,0.719491507,48%
0628-CNQRM,Male,0,1,1,22,One year,0,67.5,980,1485,1,0.2654,0.585,0.058518185,7%
5606-AMZBO,Female,0,1,0,10,Month-to-month,1,78.15,5847,781.5,0,0.2654,0.195,0.567007882,47%
6199-IPCAO,Female,0,1,1,29,Two year,3,26.1,5464,756.9,0,0.2654,0.01,0.021694003,2%
7665-TOALD,Female,0,0,0,1,Month-to-month,2,69.6,5448,69.6,1,0.2654,0.995,0.689152222,91%
0112-QWPNC,Male,0,1,0,49,One year,2,84.35,3468,4133.15,1,0.2654,0.63,0.05368238,26%
0324-BRPCJ,Female,1,1,0,68,Month-to-month,2,100.2,5411,6813.6,1,0.2654,0.75,0.425504574,58%
2777-PHDEI,Female,0,0,0,1,Month-to-month,2,78.05,5907,78.05,1,0.2654,0.995,0.650675046,92%
5640-CAXOA,Female,0,0,0,30,One year,1,40.35,347,1210.5,0,0.2654,0.045,0.15156568,6%
2235-EZAIK,Female,0,1,0,72,Two year,1,79.2,4495,5702.4,0,0.2654,0,0.007530825,0%
3847-BAERP,Female,0,0,0,10,Month-to-month,3,20.9,2119,209,0,0.2654,0.012,0.203398701,8%
1196-AMORA,Male,0,0,0,7,Month-to-month,2,73.6,4356,515.2,1,0.2654,0.84,0.60094819,61%
4282-YMKNA,Female,0,0,0,9,Month-to-month,2,74.75,5548,672.75,1,0.2654,0.855,0.689784261,73%
1453-RZFON,Female,0,0,1,1,Month-to-month,3,49.9,4147,49.9,0,0.2654,0.125,0.271971295,18%
8263-OKETD,Female,0,0,0,20,Month-to-month,1,68.9,669,1378,0,0.2654,0.06,0.272553748,9%
0670-KDOMA,Female,0,0,0,1,Month-to-month,3,20.25,1611,20.25,0,0.2654,0.507857143,0.271840193,48%
2476-YGEFM,Female,0,0,0,29,Month-to-month,1,76,1850,2204,0,0.2654,0.185,0.484737472,40%
8687-BAFGU,Male,0,0,0,1,Month-to-month,2,74,5713,74,0,0.2654,0.695,0.515816375,50%
0641-EVBOJ,Male,0,0,0,3,Month-to-month,3,82.3,1759,246.9,0,0.2654,0.135,0.446966366,21%
0829-XXPLX,Female,0,0,0,20,Month-to-month,0,89.4,1444,1788,0,0.2654,0.225,0.39989771,30%
9974-JFBHQ,Male,0,0,1,64,Month-to-month,1,99.15,5032,6345.6,0,0.2654,0.045,0.207157127,11%
5356-RHIPP,Male,0,0,0,1,Month-to-month,3,20.2,1610,20.2,1,0.2654,0.824345238,0.262787664,60%
6624-JDRDS,Female,0,0,0,6,Month-to-month,0,29.45,1067,176.7,0,0.2654,0.1,0.332228786,21%
0608-JDVEC,Male,0,1,0,50,Two year,2,19.8,30,990,0,0.2654,0.005,0.004919798,1%
9780-FKVVF,Male,0,0,0,6,Month-to-month,0,59.15,2916,354.9,0,0.2654,0.12,0.342839328,16%
1919-RTPQD,Male,0,1,1,7,Month-to-month,2,44.75,2891,313.25,0,0.2654,0.105,0.290853805,29%
5214-NLTIT,Male,0,1,1,72,Two year,1,90.8,5216,6537.6,0,0.2654,0.05,0.071674837,2%
3345-PBBFH,Male,0,1,0,8,Month-to-month,0,49.55,3362,396.4,0,0.2654,0.1,0.333439183,16%
5055-BRMNE,Female,0,1,1,67,Two year,1,106.7,5525,7148.9,0,0.2654,0.075,0.046223695,12%
9189-JWSHV,Female,1,1,0,24,Month-to-month,2,93.55,1901,2245.2,1,0.2654,0.755,0.69820077,65%
2190-PHBHR,Female,0,1,0,72,Two year,1,94.45,5465,6800.4,0,0.2654,0.025,0.051397204,1%
2650-GYRYL,Male,0,1,1,33,One year,0,19.45,4916,641.85,0,0.2654,0.005,0.030585109,2%
0746-JTRFU,Male,0,0,0,2,Month-to-month,2,25.05,4636,50.1,1,0.2654,0.89,0.624579063,68%
5208-FVQKB,Male,0,1,0,70,Two year,3,67.95,3944,4756.5,0,0.2654,0.01,0.005949248,1%
7184-LRUUR,Female,0,0,0,22,One year,0,65.25,817,1435.5,0,0.2654,0.055,0.096615021,5%
6627-CFOSN,Female,0,0,0,59,Month-to-month,0,99.45,4657,5867.55,0,0.2654,0.07,0.253854438,8%
3982-JGSFD,Male,0,0,0,36,One year,1,20.35,5476,732.6,0,0.2654,0.005,0.034056462,2%
1574-DYCWE,Female,0,1,1,51,Two year,3,19.95,59,1017.45,0,0.2654,0,0.004336542,1%
7247-XOZPB,Male,0,1,0,53,One year,0,77.4,3552,4102.2,0,0.2654,0.035,0.03271669,4%
2466-FCCPT,Female,0,1,1,20,One year,0,19.7,3374,394,0,0.2654,0.035,0.039376521,3%
6211-WWLTF,Male,0,1,0,63,Two year,1,99.7,5117,6281.1,0,0.2654,0.025,0.052178253,2%
4826-TZEVA,Female,0,0,0,40,Month-to-month,1,74.8,2569,2992,0,0.2654,0.355,0.229666278,31%
6016-NXBNJ,Male,0,0,0,35,One year,3,19.15,5142,670.25,0,0.2654,0,0.037091801,3%
9138-EFSMO,Male,0,1,1,26,One year,0,78.95,1669,2052.7,0,0.2654,0.045,0.210745613,8%
0576-WNXXC,Male,1,1,0,27,Month-to-month,2,95.55,2169,2579.85,1,0.2654,0.68,0.594356376,49%
4632-XJMEX,Male,0,0,1,53,One year,1,62.85,2963,3331.05,0,0.2654,0.075,0.01289609,7%
8910-LEDAG,Male,1,1,0,34,Month-to-month,1,71.55,2076,2432.7,0,0.2654,0.135,0.337456013,30%
3452-GWUIN,Female,1,1,0,19,Month-to-month,2,94.95,1286,1804.05,0,0.2654,0.255,0.729046031,65%
2716-GFZOR,Male,0,1,0,43,Month-to-month,1,86.1,3078,3702.3,0,0.2654,0.105,0.209029657,11%
3724-UCSHY,Male,0,1,1,6,Month-to-month,3,19.55,406,117.3,0,0.2654,0.125,0.140176243,16%
8626-XHBIE,Male,0,0,1,56,Two year,3,24.8,782,1388.8,0,0.2654,0.08,0.006292075,2%
4628-CTTLA,Male,0,0,0,57,Month-to-month,2,39.3,1743,2240.1,1,0.2654,0.765,0.119690774,52%
3192-LNKRK,Male,0,1,1,34,Month-to-month,3,84.05,2513,2857.7,0,0.2654,0.385,0.399871565,35%
4439-YRNVD,Female,0,0,0,10,Month-to-month,2,36.25,3217,362.5,0,0.2654,0.035,0.32904518,10%
2876-VBBBL,Female,0,0,0,1,Month-to-month,3,20.25,1611,20.25,1,0.2654,0.507857143,0.271840193,48%
6834-NXDCA,Female,0,0,0,13,Month-to-month,2,23.9,2597,310.7,1,0.2654,0.825,0.480610927,63%
2208-UGTGR,Male,0,0,0,56,Month-to-month,2,98.6,4622,5521.6,0,0.2654,0.13,0.345797772,30%
3005-TYFRD,Female,0,1,0,55,Month-to-month,1,103.65,4689,5700.75,0,0.2654,0.33,0.444492719,48%
8670-MEFCP,Female,0,1,1,36,Two year,1,92.9,2932,3344.4,0,0.2654,0.03,0.040374435,1%
3079-BCHLN,Male,0,1,0,47,One year,0,19.9,6427,935.3,0,0.2654,0.02,0.0152229,3%
7777-UNYHB,Female,0,1,1,12,Month-to-month,1,20.1,1956,241.2,0,0.2654,0.02,0.15049088,10%
5597-GLBUC,Female,0,0,0,1,Month-to-month,2,85.45,6210,85.45,1,0.2654,0.98,0.726831012,94%
7278-CKDNC,Male,1,0,0,24,Month-to-month,2,80.5,1715,1932,0,0.2654,0.775,0.520657042,65%
2748-MYRVK,Female,0,0,0,63,One year,0,99.9,5008,6293.7,1,0.2654,0.175,0.169744187,17%
8450-UYIBU,Female,1,0,0,35,Month-to-month,2,39.85,804,1394.75,0,0.2654,0.585,0.325192951,45%
2969-VAPYH,Female,0,0,0,67,One year,1,60.5,3311,4053.5,0,0.2654,0.015,0.009052581,3%
4822-YCXMX,Male,0,0,0,25,Month-to-month,2,84.8,1675,2120,1,0.2654,0.845,0.591894248,61%
7181-OQCUT,Male,0,0,0,21,Month-to-month,3,103.85,1849,2180.85,0,0.2654,0.645,0.489907474,46%
8474-UMLNT,Female,0,0,0,13,Month-to-month,0,67.8,6183,881.4,0,0.2654,0.085,0.168910398,17%
9821-POOTN,Male,0,1,0,35,Month-to-month,2,75.2,2232,2632,1,0.2654,0.81,0.442306565,51%
3836-FZSDJ,Male,1,1,0,71,Two year,0,24.85,1499,1764.35,0,0.2654,0,0.003009533,0%
9142-XMYJH,Female,0,0,0,29,Month-to-month,1,19.35,4922,561.15,0,0.2654,0.07,0.070517198,3%
6559-ILWKJ,Male,0,1,0,71,Two year,2,49.35,3049,3503.85,1,0.2654,0.21,0.019666093,3%
0187-QSXOE,Male,1,1,0,7,Month-to-month,2,89,4946,623,0,0.2654,0.285,0.76387258,50%
7733-UDMTP,Female,1,0,0,57,Month-to-month,2,55,2691,3135,0,0.2654,0.575,0.220662618,54%
2649-HWLYB,Male,0,1,0,65,Two year,0,76.15,4179,4949.75,0,0.2654,0.035,0.011511301,7%
5214-CHIWJ,Male,0,0,0,27,One year,3,20.3,4876,548.1,0,0.2654,0,0.039747524,1%
4229-CZMLL,Male,0,0,0,6,Month-to-month,2,74.9,3971,449.4,1,0.2654,0.58,0.685646978,70%
6904-JLBGY,Female,1,0,0,72,Two year,1,117.35,6188,8449.2,0,0.2654,0.005,0.074743883,2%
2465-BLLEU,Male,0,0,0,1,Month-to-month,3,19.75,1489,19.75,0,0.2654,0.137916667,0.259671831,47%
1685-VAYJF,Male,0,0,0,11,Month-to-month,1,45.2,4171,497.2,0,0.2654,0.32,0.293404131,21%
8874-EJNSR,Male,0,1,1,39,Two year,3,25.2,6506,982.8,0,0.2654,0,0.013591357,1%
6917-YACBP,Female,1,0,0,59,Month-to-month,2,89.75,4554,5295.25,0,0.2654,0.065,0.224989377,6%
5049-MUBWG,Male,0,0,0,26,One year,0,75,1507,1950,0,0.2654,0.04,0.066177614,4%
4223-WOZCM,Male,1,0,0,2,Month-to-month,3,49.95,134,99.9,0,0.2654,0.23,0.378904628,43%
0769-MURVM,Female,0,1,1,72,Two year,0,65.7,3891,4730.4,0,0.2654,0,0.009147453,0%
9253-VIFJQ,Male,0,1,0,65,One year,1,67.05,3669,4358.25,0,0.2654,0.045,0.019965179,3%
7030-FZTFM,Male,0,1,1,72,Two year,1,110.9,5986,7984.8,0,0.2654,0.035,0.052670169,2%
9741-YLNTD,Male,0,0,0,6,Month-to-month,0,87.95,4372,527.7,0,0.2654,0.215,0.644602029,61%
5917-RYRMG,Male,1,0,0,32,One year,1,19.8,4824,633.6,0,0.2654,0.01,0.033344504,2%
5120-ZBLAI,Female,0,1,0,50,One year,0,75.7,3316,3785,0,0.2654,0.04,0.099337669,7%
1194-BHJYC,Male,0,1,0,61,Two year,3,62.15,3245,3791.15,0,0.2654,0.02,0.028009866,1%
3663-MITLP,Female,0,0,0,15,Month-to-month,2,101.25,842,1518.75,1,0.2654,0.905,0.608697899,78%
0906-QVPMS,Male,0,1,0,72,Two year,0,115.15,6158,8290.8,0,0.2654,0,0.040804707,2%
9025-ZRPVR,Male,0,0,0,9,Month-to-month,3,18.95,1415,170.55,1,0.2654,0.62,0.190574646,29%
1905-OEILC,Female,0,0,0,1,Month-to-month,3,19.5,1484,19.5,0,0.2654,0.715,0.208607813,23%
7858-GTZSP,Female,0,0,0,12,Month-to-month,2,86.55,127,1038.6,0,0.2654,0.675,0.686969906,83%
3285-UCQVC,Female,0,0,0,37,Month-to-month,1,28.6,6493,1058.2,1,0.2654,0.7,0.156207476,28%
6248-BSHKG,Male,0,1,1,61,One year,3,20.4,415,1244.4,0,0.2654,0,0.005823601,1%
4685-TFLLS,Male,0,1,1,18,One year,0,19.8,2964,356.4,0,0.2654,0.015,0.04057573,5%
3470-BTGQO,Male,0,0,1,21,Month-to-month,3,45.65,6505,958.65,0,0.2654,0.08,0.224169692,12%
1209-VFFOC,Male,0,1,1,68,Two year,3,56.4,3372,3835.2,0,0.2654,0.01,0.011584723,1%
8224-DWCKX,Male,1,0,0,12,Month-to-month,1,73.3,6123,879.6,0,0.2654,0.22,0.681937016,53%
5482-PLVPE,Female,1,0,0,2,Month-to-month,2,24.35,3493,48.7,1,0.2654,0.795,0.579706618,70%
4553-DVPZG,Female,0,1,0,62,Month-to-month,2,101.35,5027,6283.7,0,0.2654,0.155,0.470227704,45%
4902-OHLSK,Female,1,0,0,29,Month-to-month,2,98.65,2471,2860.85,1,0.2654,0.815,0.510687829,57%
6917-IAYHD,Male,0,0,1,1,Month-to-month,3,33.6,2862,33.6,0,0.2654,0.195,0.358699853,30%
0495-ZBNGW,Male,1,1,0,5,Month-to-month,0,79.9,2971,399.5,1,0.2654,0.83,0.696633757,80%
8620-RJPZN,Female,0,0,0,1,Month-to-month,2,20.7,1620,20.7,0,0.2654,0.107916667,0.206326035,28%
7572-KPVKK,Male,0,0,1,62,Two year,2,104.05,5261,6451.1,0,0.2654,0.11,0.092132742,7%
2642-MAWLJ,Female,0,1,1,36,Two year,0,20.25,5611,729,0,0.2654,0,0.01001904,1%
2357-COQEK,Female,1,0,0,28,Month-to-month,2,103.3,2495,2892.4,1,0.2654,0.785,0.594314447,70%
7103-ZGVNT,Female,0,1,1,69,One year,1,73.7,4126,5085.3,0,0.2654,0.04,0.013754643,7%
3737-GCSPV,Female,0,1,0,11,Month-to-month,1,96.2,409,1058.2,1,0.2654,0.885,0.470728433,74%
2027-WKXMW,Female,0,1,0,63,Month-to-month,2,108.75,5420,6851.25,0,0.2654,0.065,0.347254587,18%
7137-NAXML,Male,0,0,0,23,One year,0,20.15,3462,463.45,0,0.2654,0.05,0.038616526,2%
2428-ZMCTB,Male,0,0,0,10,Month-to-month,1,19.75,1706,197.5,0,0.2654,0.025,0.132456501,10%
2961-VNFKL,Female,0,1,0,71,Two year,1,25.95,1350,1842.45,0,0.2654,0,0.004015446,0%
1768-HNVGJ,Female,1,0,0,45,Month-to-month,2,70.05,2661,3152.25,0,0.2654,0.235,0.145415286,29%
6963-KQYQB,Female,0,1,1,70,Two year,3,24.05,1290,1683.5,0,0.2654,0,0.00258577,0%
5934-RMPOV,Female,0,0,1,22,Month-to-month,2,84.75,1371,1864.5,0,0.2654,0.19,0.577795592,51%
1207-BLKSA,Female,0,1,1,52,Two year,3,23.05,467,1198.6,0,0.2654,0.01,0.005455588,1%
4088-YLDSU,Male,0,1,0,55,One year,2,104.15,4742,5728.25,1,0.2654,0.715,0.242056256,57%
8316-BBQAY,Female,0,0,0,65,Two year,1,59.95,3357,3896.75,0,0.2654,0.005,0.01510541,1%
1166-PQLGG,Female,0,1,1,72,Two year,0,19.55,857,1407.6,0,0.2654,0.005,0.00144204,0%
3146-JTQHR,Male,0,1,0,10,One year,0,19.6,1469,196,0,0.2654,0.015,0.063720639,3%
4291-YZODP,Female,0,0,1,7,One year,3,20.05,6468,140.35,0,0.2654,0.01,0.090226854,1%
4395-PZMSN,Male,1,0,0,5,Month-to-month,2,85.55,3483,427.75,0,0.2654,0.305,0.690606671,52%
6427-FEFIG,Female,0,1,1,24,Two year,1,78.6,1407,1886.4,0,0.2654,0.015,0.055123903,1%
0017-IUDMW,Female,0,1,1,72,Two year,1,116.8,6193,8409.6,0,0.2654,0,0.054624051,1%
8706-HRADD,Male,0,0,0,21,Month-to-month,3,43.55,26,914.55,0,0.2654,0.06,0.241474859,8%
9955-QOPOY,Male,0,1,0,69,One year,1,60.8,3631,4195.2,0,0.2654,0.03,0.051005097,7%
4385-ZKVNW,Male,0,1,1,44,Month-to-month,0,54.9,2202,2415.6,0,0.2654,0.065,0.065912432,17%
5446-DKWYW,Female,1,1,1,61,One year,2,65.2,3389,3977.2,0,0.2654,0.08,0.068625505,5%
2034-CGRHZ,Male,1,0,0,24,Month-to-month,1,102.95,2142,2470.8,1,0.2654,0.835,0.630206007,67%
5797-APWZC,Female,0,0,0,1,Month-to-month,2,90.6,6325,90.6,1,0.2654,0.96,0.72750691,91%
3683-QKIUE,Female,0,0,0,6,Month-to-month,0,50.8,2488,304.8,1,0.2654,0.805,0.314593388,55%
4228-ZGYUW,Male,0,0,0,4,Month-to-month,2,90.05,3171,360.2,1,0.2654,0.96,0.712370194,75%
9031-ZVQPT,Male,0,1,0,72,Two year,2,108.2,5929,7790.4,0,0.2654,0.045,0.079518657,6%
2990-IAJSV,Male,0,0,0,72,Two year,0,92,5283,6624,0,0.2654,0.005,0.012169431,0%
8107-KNCIM,Male,1,1,0,14,Month-to-month,2,75.1,31,1051.4,0,0.2654,0.24,0.627047147,47%
9027-YFHQJ,Male,0,0,0,7,Month-to-month,0,25.05,941,175.35,0,0.2654,0.04,0.227347877,16%
5176-LDKUH,Female,0,0,0,48,One year,2,75.15,3239,3607.2,0,0.2654,0.05,0.103430279,7%
4644-OBGFZ,Male,0,1,1,55,One year,3,19.5,57,1072.5,0,0.2654,0.02,0.007322191,4%
7926-IJOOU,Male,0,0,0,1,Month-to-month,1,19.3,1481,19.3,0,0.2654,0.105,0.185655588,14%
6480-YAGIY,Male,0,0,0,45,One year,1,112.2,4262,5049,0,0.2654,0.29,0.111632797,20%
4029-HPFVY,Male,0,0,0,3,Month-to-month,3,70.3,1824,210.9,0,0.2654,0.125,0.638055171,43%
7602-DBTOU,Female,0,1,0,71,Two year,3,19.6,767,1391.6,0,0.2654,0,0.002080076,0%
5345-BMKWB,Male,0,1,0,8,Month-to-month,3,20.25,1029,162,0,0.2654,0.09,0.157008899,12%
3519-ZKXGG,Female,0,1,0,3,Month-to-month,2,75.85,2216,227.55,1,0.2654,0.89,0.709072387,80%
5457-COLHT,Male,0,1,1,69,Two year,0,80.65,4600,5564.85,0,0.2654,0.005,0.007128749,2%
6416-TVAIH,Male,0,1,1,1,Month-to-month,2,68.5,5379,68.5,1,0.2654,0.935,0.63974697,88%
5451-YHYPW,Female,1,1,0,72,Two year,1,115.75,6190,8334,0,0.2654,0.005,0.072469246,1%
5108-ADXWO,Male,0,0,0,11,Month-to-month,2,73.5,5982,808.5,1,0.2654,0.715,0.487707969,43%
7998-WNZEM,Male,0,0,0,71,Two year,0,80.6,4710,5722.6,0,0.2654,0,0.00826574,0%
3066-RRJIO,Female,0,0,0,1,Month-to-month,3,69.95,5455,69.95,1,0.2654,0.945,0.701015198,81%
4664-NJCMS,Female,0,1,0,33,Two year,0,59.55,1645,1965.15,0,0.2654,0,0.042805253,1%
0307-BCOPK,Female,0,0,0,16,One year,3,19.05,2835,304.8,0,0.2654,0.005,0.059597893,2%
7629-WFGLW,Female,1,1,0,56,One year,2,95.65,4544,5356.4,0,0.2654,0.09,0.077258992,11%
2542-HYGIQ,Female,0,0,0,1,Month-to-month,1,19.95,1493,19.95,0,0.2654,0.309583333,0.194950414,35%
6715-OFDBP,Male,0,0,0,5,Month-to-month,2,70.05,2993,350.25,1,0.2654,0.825,0.526912479,57%
5016-LIPDW,Male,0,1,1,57,One year,3,19.4,122,1105.8,0,0.2654,0,0.006667129,5%
6481-LXPWL,Male,0,1,1,56,One year,1,36.1,1576,2021.6,0,0.2654,0.085,0.0416226,5%
1567-DSCIC,Male,0,0,0,8,Month-to-month,2,94,5885,752,1,0.2654,0.86,0.679084845,78%
2150-UWTFY,Female,0,1,1,22,Month-to-month,3,61.15,774,1345.3,1,0.2654,0.64,0.109431176,18%
6124-ACRHJ,Female,0,0,0,1,Month-to-month,3,19.75,1489,19.75,0,0.2654,0.0525,0.209583342,33%
9362-MWODR,Female,0,0,1,40,Month-to-month,1,64.1,2113,2564,0,0.2654,0.04,0.077553391,14%
9975-GPKZU,Male,0,1,1,46,Two year,1,19.75,6230,908.5,0,0.2654,0.005,0.006402103,0%
9625-RZFUK,Male,0,1,1,63,Two year,3,19.7,508,1241.1,0,0.2654,0,0.002397249,1%
5153-LXKDT,Male,0,1,1,68,Two year,2,110.2,5755,7493.6,0,0.2654,0.085,0.071697723,22%
5161-UBZXI,Male,0,1,1,69,Two year,1,106.35,5648,7338.15,0,0.2654,0.015,0.036842779,17%
1020-JPQOW,Female,0,1,0,56,Month-to-month,2,90.55,4307,5070.8,0,0.2654,0.07,0.18434367,8%
7919-ZODZZ,Female,0,1,1,10,One year,3,65.9,5267,659,0,0.2654,0.04,0.243541052,12%
0565-JUPYD,Male,0,0,0,63,One year,1,104.5,5262,6583.5,0,0.2654,0.145,0.065506019,9%
6867-ACCZI,Female,0,1,1,24,Two year,3,52.5,379,1260,0,0.2654,0.01,0.047737916,1%
5939-XAIXZ,Female,0,0,0,19,Month-to-month,3,56.1,71,1065.9,0,0.2654,0.075,0.343367197,10%
9054-FOWNV,Male,0,1,1,22,Month-to-month,2,88.75,1459,1952.5,0,0.2654,0.19,0.536381232,43%
2683-BPJSO,Male,0,1,0,29,Month-to-month,2,84.45,2117,2449.05,1,0.2654,0.715,0.342359401,46%
2157-MXBJS,Male,0,1,0,13,One year,3,75.3,6508,978.9,1,0.2654,0.76,0.399063337,53%
8207-VVMYB,Female,0,1,0,70,Two year,0,26,1632,1820,0,0.2654,0,0.004070044,0%
9732-EQMWY,Female,0,1,0,49,Month-to-month,2,99.4,4254,4870.6,0,0.2654,0.34,0.340973132,34%
9360-AHGNL,Female,1,1,0,43,One year,3,109.55,4081,4710.65,1,0.2654,0.675,0.26819935,55%
1087-UDSIH,Female,0,0,0,3,Month-to-month,3,19.6,4845,58.8,1,0.2654,0.685,0.282053553,38%
5269-NRGDP,Male,0,1,1,42,One year,2,73.15,2678,3072.3,0,0.2654,0.065,0.056920904,14%
6195-MELTI,Male,0,0,0,57,One year,3,54.65,2726,3115.05,0,0.2654,0.025,0.026199507,3%
5485-WUYWF,Male,1,0,0,2,Month-to-month,0,66.4,6423,132.8,1,0.2654,0.82,0.356091455,78%
2121-JAFOM,Female,0,1,0,72,Two year,1,115.55,6143,8319.6,0,0.2654,0,0.061547829,1%
8818-DOPVL,Female,1,0,0,46,Month-to-month,2,104.45,4107,4804.7,0,0.2654,0.4,0.548078086,51%
2632-UCGVD,Male,1,1,0,66,Month-to-month,1,100.05,5421,6603.3,1,0.2654,0.785,0.37512134,66%
5445-PZWGX,Male,0,0,0,62,One year,2,102,5222,6324,1,0.2654,0.67,0.082329168,40%
1227-UDMZR,Female,0,1,0,72,Two year,0,91.15,5284,6562.8,0,0.2654,0.005,0.017463065,0%
5198-HQAEN,Male,0,1,1,35,One year,2,89.7,2748,3139.5,0,0.2654,0.05,0.153401715,11%
9170-CCKOU,Male,0,1,0,17,Month-to-month,1,90.2,840,1533.4,1,0.2654,0.195,0.328556824,20%
2167-FQSTQ,Female,0,1,0,72,Two year,2,92.4,5367,6652.8,0,0.2654,0,0.020225864,1%
2819-GWENI,Female,0,1,1,28,One year,3,19.9,4508,557.2,0,0.2654,0,0.033413088,1%
1043-YCUTE,Male,0,1,0,56,Two year,1,25.15,593,1408.4,1,0.2654,0.585,0.00707418,7%
3814-MLAXC,Female,0,0,0,31,Month-to-month,1,79.85,2049,2475.35,1,0.2654,0.785,0.38287621,39%
3572-UUHRS,Male,0,0,0,45,One year,0,18.85,6260,848.25,0,0.2654,0.025,0.015520011,1%
2692-PFYTJ,Female,0,0,0,1,Month-to-month,3,25.75,2157,25.75,0,0.2654,0.08675,0.334993005,28%
1226-UDFZR,Female,0,0,0,2,Month-to-month,3,49.6,271,99.2,1,0.2654,0.82,0.389539003,60%
5955-EPOAZ,Female,0,0,0,6,Month-to-month,3,20.95,176,125.7,0,0.2654,0.0495,0.218680387,11%
6821-JPCDC,Female,0,1,0,48,One year,2,97.05,3975,4658.4,0,0.2654,0.07,0.235658532,19%
8815-LMFLX,Male,0,1,1,25,Month-to-month,0,25.4,4535,635,0,0.2654,0.02,0.118633543,13%
9135-HSWOC,Male,0,1,1,64,Two year,0,19.7,503,1260.8,0,0.2654,0,0.002741365,1%
8582-KRHPJ,Male,0,0,0,50,Month-to-month,3,35,1315,1750,0,0.2654,0.055,0.087975206,12%
5811-IWXYM,Female,0,1,1,52,One year,0,101.25,4436,5265,0,0.2654,0.09,0.221101228,22%
7044-YAACC,Male,1,1,0,4,Month-to-month,2,70.2,2428,280.8,0,0.2654,0.21,0.66989144,59%
8189-XRIKE,Female,1,0,0,32,Month-to-month,2,90.95,2501,2910.4,0,0.2654,0.15,0.514040571,33%
1506-YJTYT,Male,0,1,1,45,Two year,1,73.85,2927,3323.25,0,0.2654,0.01,0.012857689,1%
4123-DVHPH,Male,0,1,0,9,Month-to-month,2,88.05,6027,792.45,0,0.2654,0.205,0.648560097,45%
6425-YQLLO,Female,1,1,0,66,One year,1,105.95,5486,6992.7,1,0.2654,0.73,0.238645359,46%
5442-UTCVD,Male,0,0,1,3,Month-to-month,2,91.85,2226,275.55,1,0.2654,0.545,0.642509314,61%
2228-BZDEE,Female,0,0,0,54,Two year,3,20.1,154,1085.4,0,0.2654,0,0.004415091,1%
7734-DBOAI,Female,0,1,1,1,Month-to-month,2,40.1,3413,40.1,1,0.2654,0.475,0.466944293,43%
2789-CZANW,Female,0,1,1,64,Two year,0,110.3,5499,7059.2,0,0.2654,0.015,0.040247106,2%
2091-RFFBA,Female,1,0,0,31,Month-to-month,2,73.9,1853,2290.9,1,0.2654,0.825,0.505604537,70%
2114-MGINA,Female,0,0,0,14,Month-to-month,3,89.8,245,1257.2,1,0.2654,0.845,0.657282479,80%
7596-LDUXP,Female,0,0,0,12,One year,1,85.15,6498,1021.8,0,0.2654,0.13,0.353505084,12%
3740-RLMVT,Male,1,1,0,67,One year,0,60.95,3511,4083.65,0,0.2654,0.02,0.014192492,2%
4489-SNOJF,Female,0,1,1,35,Month-to-month,2,72.25,2224,2528.75,1,0.2654,0.075,0.092238201,13%
2192-OZITF,Female,0,0,0,45,Two year,3,73.55,2905,3309.75,0,0.2654,0,0.025709647,1%
5651-CPDND,Male,0,0,0,10,Month-to-month,3,46,4172,460,0,0.2654,0.09,0.326749459,15%
2186-QZEYA,Female,1,0,0,29,Month-to-month,0,58.55,1224,1697.95,0,0.2654,0.195,0.165998476,17%
1131-ALZWV,Female,0,0,0,24,One year,0,24.6,4945,590.4,0,0.2654,0.045,0.053702781,5%
7729-XBTWX,Male,0,1,1,66,Two year,3,19.75,626,1303.5,0,0.2654,0.015,0.002902604,1%
9134-WYRVP,Male,0,0,0,51,One year,3,86.35,3638,4403.85,0,0.2654,0.065,0.10177988,6%
3284-SVCRO,Female,0,1,0,45,Two year,3,25.5,233,1147.5,0,0.2654,0,0.009629805,1%
9732-OUYRN,Female,0,1,0,49,One year,1,19,6363,931,0,0.2654,0.005,0.014704868,1%
0559-CKHUS,Female,0,1,0,29,Two year,3,19.55,4366,566.95,0,0.2654,0,0.024115061,1%
2931-SVLTV,Male,0,1,1,40,Month-to-month,1,110.1,3792,4404,0,0.2654,0.44,0.311330607,43%
6899-PPEEA,Female,1,0,0,37,Month-to-month,2,96.55,3101,3572.35,1,0.2654,0.645,0.643027774,63%
7504-UWHNB,Male,0,0,0,25,Month-to-month,2,69.75,1235,1743.75,0,0.2654,0.175,0.352504893,19%
2582-FFFZR,Female,0,0,0,22,Month-to-month,2,50.6,145,1113.2,0,0.2654,0.135,0.493128421,40%
8908-NMQTX,Male,0,0,0,72,Two year,0,65.6,3888,4723.2,0,0.2654,0.005,0.013913117,1%
2187-LZGPL,Female,0,0,0,7,Month-to-month,1,40.1,2531,280.7,1,0.2654,0.765,0.57033128,70%
1431-AIDJQ,Male,0,1,1,33,Two year,1,82.1,2253,2709.3,0,0.2654,0.025,0.032781551,1%
6288-LBEAR,Female,0,0,0,23,Month-to-month,3,79.1,1317,1819.3,0,0.2654,0.12,0.345214726,24%
4597-NUCQV,Male,1,0,0,24,Month-to-month,2,101.25,2092,2430,1,0.2654,0.665,0.663904101,72%
9019-QVLZD,Female,0,0,0,1,Month-to-month,2,79.55,5969,79.55,1,0.2654,0.99,0.65903132,92%
8413-YNHNV,Male,0,0,0,69,Two year,3,90.65,5110,6254.85,0,0.2654,0,0.014373813,1%
5808-TOTXO,Female,0,0,1,3,One year,1,20.55,4703,61.65,0,0.2654,0.01,0.122420631,4%
4369-NYSCF,Male,0,0,0,56,One year,0,75.75,3645,4242,0,0.2654,0.05,0.051220206,7%
6333-YDVLT,Male,0,0,0,65,One year,1,110,5598,7150,0,0.2654,0.06,0.142798385,24%
5324-KTGCG,Male,0,1,0,71,One year,2,20.85,970,1480.35,0,0.2654,0.005,0.004361474,1%
5599-HVLTW,Female,1,0,0,14,Month-to-month,0,80.35,111,1124.9,0,0.2654,0.245,0.605263775,49%
7394-LWLYN,Female,0,0,0,2,Month-to-month,2,70.15,420,140.3,0,0.2654,0.17,0.628545314,52%
3707-LRWZD,Female,0,0,0,32,One year,2,84.05,2411,2689.6,1,0.2654,0.655,0.268029225,30%
6873-UDNLD,Male,0,0,0,40,Month-to-month,2,67.45,2379,2698,0,0.2654,0.07,0.113648592,11%
2700-LUEVA,Male,0,0,0,1,Month-to-month,1,20.75,1621,20.75,0,0.2654,0.0325,0.191731473,22%
1455-ESIQH,Male,0,0,0,1,Month-to-month,2,89.1,6296,89.1,1,0.2654,0.8,0.773193127,83%
0958-YHXGP,Female,0,0,0,7,Month-to-month,3,69.9,4204,489.3,0,0.2654,0.19,0.641535045,26%
1101-SSWAG,Female,0,1,0,15,Month-to-month,2,51.1,5577,766.5,0,0.2654,0.14,0.444813558,32%
2979-SXESE,Female,0,1,1,17,Month-to-month,2,94.4,1064,1604.8,1,0.2654,0.805,0.393577951,37%
4013-TLDHQ,Male,0,0,0,19,Month-to-month,2,78.25,885,1486.75,1,0.2654,0.79,0.41993795,45%
5743-KHMNA,Male,0,0,0,71,Two year,0,25.55,1473,1814.05,0,0.2654,0,0.00254323,0%
4194-FJARJ,Female,0,1,1,54,Two year,0,60,2849,3240,0,0.2654,0.085,0.008398775,3%
5325-UWTWJ,Male,0,1,0,31,Month-to-month,1,90.55,2529,2807.05,0,0.2654,0.175,0.262192528,17%
3969-GYXEL,Female,0,0,0,11,Month-to-month,2,76.4,6167,840.4,0,0.2654,0.435,0.438539165,33%
9208-OLGAQ,Female,1,0,0,18,Month-to-month,2,84.95,823,1529.1,0,0.2654,0.475,0.613198992,59%
3244-CQPHU,Female,1,0,0,72,Two year,0,110.1,5888,7927.2,0,0.2654,0.015,0.06186397,1%
2674-MLXMN,Female,1,0,0,71,Month-to-month,1,99.65,5477,7075.15,0,0.2654,0.21,0.382596049,15%
9708-HPXWZ,Male,1,0,0,5,Month-to-month,1,45.4,1761,227,0,0.2654,0.2,0.453534727,41%
6992-TKNYO,Male,0,1,0,38,One year,1,69,2321,2622,0,0.2654,0.02,0.077350437,8%
4468-YDOVK,Male,0,0,1,5,Month-to-month,0,48.65,1989,243.25,0,0.2654,0.235,0.261305685,39%
3754-DXMRT,Male,1,0,0,2,Month-to-month,2,44.15,6370,88.3,1,0.2654,0.845,0.52710992,68%
5792-JALQC,Female,1,0,0,52,Two year,0,59.85,2701,3112.2,0,0.2654,0.11,0.01676652,2%
7130-VTEWQ,Female,1,0,0,8,Month-to-month,2,75.75,4954,606,1,0.2654,0.575,0.729519161,56%
2200-DSAAL,Female,0,0,0,68,Two year,2,80.65,4458,5484.2,0,0.2654,0.025,0.037471616,8%
4302-ZYFEL,Male,0,1,1,69,One year,1,20.55,739,1417.95,0,0.2654,0,0.005154407,1%
9351-LZYGF,Female,0,1,0,42,Month-to-month,1,66.4,2371,2788.8,0,0.2654,0.085,0.087223755,17%
4366-CTOUZ,Female,0,0,0,50,Two year,3,100.2,4269,5010,0,0.2654,0.06,0.100450298,4%
6121-VZNQB,Female,0,0,0,1,Month-to-month,3,19.1,1477,19.1,1,0.2654,0.63,0.265432939,30%
7903-CMPEY,Male,1,1,0,1,Month-to-month,2,80.3,6018,80.3,1,0.2654,0.925,0.687105823,92%
1518-OMDIK,Male,0,1,0,33,Month-to-month,1,44.55,856,1470.15,0,0.2654,0.08,0.167883285,8%
6671-NGWON,Female,0,0,0,7,Month-to-month,3,20.35,904,142.45,0,0.2654,0.04,0.164747294,7%
0595-ITUDF,Male,0,1,1,64,Month-to-month,2,91.8,4884,5875.2,0,0.2654,0.26,0.161261808,8%
6996-KNSML,Female,0,0,0,1,Month-to-month,2,74.9,5724,74.9,1,0.2654,0.845,0.68549396,85%
1955-IBMMB,Male,0,0,0,59,Two year,0,20.2,358,1191.8,0,0.2654,0,0.004061793,1%
0096-BXERS,Female,0,1,0,6,Month-to-month,2,50.35,2729,302.1,0,0.2654,0.345,0.412826279,42%
3806-YAZOV,Female,0,0,0,3,Month-to-month,3,18.8,4634,56.4,0,0.2654,0.055,0.216191507,5%
7998-ZLXWN,Female,0,1,0,15,Month-to-month,1,20.45,2868,306.75,0,0.2654,0.065,0.123186518,13%
6253-WRFHY,Male,0,1,1,13,One year,2,64.75,6279,841.75,0,0.2654,0.14,0.28591396,15%
9133-AYJZG,Female,0,0,0,23,Month-to-month,1,98.7,1882,2270.1,0,0.2654,0.47,0.612612307,60%
2675-OTVVJ,Male,1,1,0,31,Month-to-month,2,89.45,2435,2772.95,0,0.2654,0.14,0.386352479,39%
8680-CGLTP,Male,0,0,0,29,One year,2,58.75,1193,1703.75,0,0.2654,0.005,0.042140461,3%
8430-TWCBX,Female,0,1,0,49,One year,1,20.7,69,1014.3,0,0.2654,0.04,0.011466301,3%
5018-GWURO,Female,0,1,0,56,Month-to-month,0,85.6,4152,4793.6,0,0.2654,0.135,0.36074846,19%
6741-QRLUP,Female,0,0,0,63,Two year,1,80.3,4222,5058.9,0,0.2654,0.01,0.015519422,0%
4737-HOBAX,Male,0,1,0,63,Two year,1,79.8,4264,5027.4,0,0.2654,0,0.024570748,1%
0537-QYZZN,Male,1,1,1,24,Month-to-month,2,79.85,1423,1916.4,0,0.2654,0.605,0.409126282,44%
3340-QBBFM,Male,1,1,0,36,One year,1,54.1,1600,1947.6,0,0.2654,0.015,0.04974912,2%
1704-NRWYE,Female,1,0,0,9,Month-to-month,2,80.85,5781,727.65,1,0.2654,0.795,0.713798873,67%
2592-SEIFQ,Male,0,0,0,3,Month-to-month,2,24.75,5266,74.25,1,0.2654,0.805,0.540605197,74%
8200-KLNYW,Female,0,1,0,21,One year,3,80.9,1217,1698.9,0,0.2654,0.035,0.094159188,4%
3372-CDXFJ,Male,0,1,1,13,One year,0,24.5,2970,318.5,0,0.2654,0.035,0.06538301,5%
4781-ZXYGU,Male,0,1,1,1,Month-to-month,0,20.15,1609,20.15,0,0.2654,0.235,0.210080154,53%
7632-YUTXB,Female,0,1,1,25,One year,3,20.05,4357,501.25,0,0.2654,0,0.038148483,1%
2718-YSKCS,Male,0,1,1,71,Two year,0,19.6,700,1391.6,0,0.2654,0,0.001986716,1%
9896-UYMIE,Male,0,0,0,66,One year,0,114.3,5706,7543.8,0,0.2654,0.235,0.118937476,28%
0853-NWIFK,Female,0,0,0,45,One year,2,100.3,3802,4513.5,0,0.2654,0.18,0.189775984,27%
8212-CRQXP,Female,0,1,0,22,Month-to-month,1,80,1204,1760,0,0.2654,0.29,0.517199173,29%
6980-CDGFC,Female,0,1,0,67,One year,0,20.85,594,1396.95,0,0.2654,0.055,0.00677203,2%
7691-XVTZH,Female,0,1,0,68,Two year,0,89.95,4895,6116.6,0,0.2654,0.03,0.080553286,4%
2520-SGTTA,Female,0,1,1,0,Two year,3,20,0,0,0,0.2654,0.025,0.045296072,1%
7481-ATQQS,Female,1,0,0,49,Month-to-month,1,90.85,3841,4451.65,1,0.2654,0.745,0.489490446,52%
2277-VWCNI,Female,1,0,0,4,Month-to-month,3,48.75,1327,195,0,0.2654,0.75,0.450555364,65%
1088-CNNKB,Male,0,1,0,63,One year,1,80,4272,5040,0,0.2654,0.03,0.023604175,3%
8642-GVWRF,Female,0,1,0,2,Month-to-month,0,79.7,1125,159.4,1,0.2654,0.65,0.482417918,84%
1930-BZLHI,Male,0,0,0,21,One year,3,20.35,3604,427.35,0,0.2654,0,0.066571606,1%
3400-ESFUW,Male,0,1,1,55,Two year,0,57.55,2648,3165.25,1,0.2654,0.66,0.00445636,12%
5868-YTYKS,Male,0,0,1,1,Month-to-month,3,20.25,1611,20.25,0,0.2654,0.310071429,0.229760636,43%
3525-DVKFN,Female,0,0,0,17,Two year,3,19.4,3098,329.8,0,0.2654,0,0.027676889,0%
1482-OXZSY,Male,0,0,0,30,Month-to-month,0,100.4,2538,3012,0,0.2654,0.19,0.496896725,35%
0377-JBKKT,Male,0,1,1,22,Month-to-month,3,57.95,500,1274.9,0,0.2654,0.06,0.0958374,15%
5778-BVOFB,Female,0,0,0,9,Month-to-month,0,59.5,4435,535.5,0,0.2654,0.16,0.34308584,24%
3373-YZZYM,Male,0,1,1,1,Month-to-month,3,19.2,1479,19.2,0,0.2654,0.08,0.177411369,30%
2057-ZBLPD,Female,0,1,0,21,Month-to-month,2,86.5,1355,1816.5,1,0.2654,0.785,0.646129454,58%
0228-MAUWC,Male,0,0,0,19,Month-to-month,2,59.55,275,1131.45,0,0.2654,0.045,0.191842043,10%
5502-RLUYV,Female,0,1,1,69,Month-to-month,2,103.95,5746,7172.55,1,0.2654,0.575,0.341289952,43%
0023-HGHWL,Male,1,0,0,1,Month-to-month,2,25.1,2149,25.1,1,0.2654,0.975,0.645138738,85%
7663-YJHSN,Female,0,1,0,72,Two year,0,103.95,5806,7484.4,0,0.2654,0.01,0.03523514,1%
4915-BFSXL,Male,0,1,1,70,Two year,1,68.95,4096,4826.5,0,0.2654,0.1,0.00917585,6%
3086-RUCRN,Female,0,0,0,66,Month-to-month,0,103.1,5263,6804.6,0,0.2654,0.055,0.171714129,9%
5215-LNLDJ,Female,0,1,1,7,Month-to-month,2,24.7,882,172.9,0,0.2654,0.135,0.495947214,31%
7576-JMYWV,Female,1,1,1,46,Month-to-month,2,110.2,4207,5069.2,0,0.2654,0.315,0.340668781,31%
9039-RBEEE,Male,0,0,0,39,Month-to-month,1,48.95,1455,1909.05,1,0.2654,0.63,0.114562976,21%
0257-KXZGU,Female,0,1,1,32,Month-to-month,0,62.45,1678,1998.4,0,0.2654,0.03,0.142323688,9%
1307-ATKGB,Male,0,0,0,24,Month-to-month,2,89.55,1802,2149.2,0,0.2654,0.13,0.483770214,42%
8417-FMLZI,Male,0,1,1,6,Month-to-month,1,83.55,4037,501.3,1,0.2654,0.75,0.596506853,64%
3714-XPXBW,Female,0,0,0,37,Month-to-month,1,78.9,2571,2919.3,0,0.2654,0.1,0.11797407,17%
1850-AKQEP,Male,0,0,1,8,Month-to-month,3,20.35,1309,162.8,0,0.2654,0.09,0.133027121,14%
2824-DXNKN,Female,0,1,1,72,Two year,0,71.45,4256,5144.4,0,0.2654,0.02,0.013110146,2%
5227-JSCFE,Male,1,1,0,71,Two year,1,46.35,2911,3290.85,0,0.2654,0.015,0.005967746,0%
0848-ZGQIJ,Female,0,1,0,16,Month-to-month,0,94.65,853,1514.4,0,0.2654,0.135,0.581201813,44%
3621-CHYVB,Female,0,1,0,57,Month-to-month,0,49.9,2412,2844.3,0,0.2654,0.23,0.085319581,9%
8042-RNLKO,Male,0,0,0,66,One year,0,25.45,1196,1679.7,0,0.2654,0.04,0.006784451,1%
1792-UXAFY,Female,1,0,0,17,Month-to-month,2,89.15,894,1515.55,1,0.2654,0.85,0.544518526,66%
5372-FBKBN,Female,0,0,1,21,Month-to-month,3,20.75,3844,435.75,0,0.2654,0.01,0.091022873,3%
0420-TXVSG,Male,0,1,0,66,Two year,1,66.1,3763,4362.6,0,0.2654,0.005,0.011989063,1%
6217-TOWGS,Female,0,1,0,17,Month-to-month,0,75.4,587,1281.8,0,0.2654,0.075,0.4223283,12%
0515-YPMCW,Male,0,0,1,1,Month-to-month,3,70.45,5510,70.45,1,0.2654,0.86,0.655159859,77%
0378-XSZPU,Male,0,1,0,58,One year,1,60.3,3086,3497.4,1,0.2654,0.665,0.016765541,8%
1045-LTCYT,Female,0,1,1,8,Month-to-month,1,21.05,712,168.4,0,0.2654,0.085,0.129370237,23%
1544-JJMYL,Male,0,0,0,27,One year,1,69.35,1524,1872.45,0,0.2654,0.05,0.047346906,1%
4636-JGAAI,Male,0,1,0,34,Month-to-month,3,88.85,2598,3020.9,0,0.2654,0.12,0.427598474,22%
6874-SGLHU,Male,0,0,0,30,One year,0,97,2623,2910,0,0.2654,0.085,0.317681965,18%
5951-AOFIH,Male,0,0,0,33,Month-to-month,1,66.4,1880,2191.2,0,0.2654,0.065,0.191955885,14%
4729-XKASR,Male,0,0,1,1,Month-to-month,2,24.75,2043,24.75,1,0.2654,0.195,0.478953439,43%
3059-NGMXB,Male,0,1,1,14,Month-to-month,3,69.2,6431,968.8,0,0.2654,0.12,0.26764518,11%
8652-YHIYU,Female,0,0,1,16,One year,1,79.5,483,1272,0,0.2654,0.085,0.261635579,7%
5278-PNYOX,Female,0,0,0,49,Two year,1,100.65,4168,4931.85,0,0.2654,0.075,0.081965129,5%
5449-FIBXJ,Male,0,1,1,19,Month-to-month,2,103.3,1642,1962.7,1,0.2654,0.455,0.473349523,38%
3486-HOOGQ,Female,0,1,1,70,Two year,0,79.7,4743,5579,0,0.2654,0.01,0.006615647,2%
5061-PBXFW,Female,0,1,1,32,Month-to-month,0,61.4,1436,1964.8,0,0.2654,0.08,0.052571572,8%
8630-FJLIB,Female,0,0,0,18,Month-to-month,2,69.8,408,1256.4,0,0.2654,0.09,0.49109241,26%
3891-NLXJB,Male,0,0,0,37,Two year,3,40.55,714,1500.35,0,0.2654,0.005,0.02510331,1%
4749-OJKQU,Female,0,0,0,4,Month-to-month,2,75.65,2619,302.6,0,0.2654,0.435,0.698947542,79%
0577-WHMEV,Female,0,1,0,16,Month-to-month,2,90.7,676,1451.2,0,0.2654,0.155,0.357239912,22%
5453-AXEPF,Male,0,1,0,17,Month-to-month,0,80.5,611,1368.5,0,0.2654,0.12,0.505563115,29%
3639-XJHKQ,Female,0,0,1,19,Month-to-month,2,60.6,542,1151.4,0,0.2654,0.105,0.145984576,12%
3716-LRGXK,Male,0,1,0,60,Two year,1,101.15,4958,6069,0,0.2654,0.04,0.11453186,2%
2263-SFSQZ,Male,0,1,1,51,Two year,3,24.95,410,1272.45,0,0.2654,0,0.008032422,1%
9950-MTGYX,Male,0,1,1,28,Two year,1,20.3,4114,568.4,0,0.2654,0,0.018636366,1%
3397-AVTKU,Male,0,0,0,43,Two year,2,60,2200,2580,0,0.2654,0.05,0.038386139,2%
4825-FUREZ,Male,0,1,0,42,Two year,2,20.25,6161,850.5,0,0.2654,0,0.009784988,0%
9837-BMCLM,Male,0,0,0,3,Month-to-month,2,78.5,2064,235.5,1,0.2654,0.895,0.658688618,65%
2672-OJQZP,Female,0,0,0,1,Month-to-month,3,44.75,3747,44.75,0,0.2654,0.19,0.41018581,42%
0137-UDEUO,Female,0,0,0,3,Month-to-month,3,19.85,5092,59.55,1,0.2654,0.81,0.224237541,46%
3134-DSHVC,Female,0,0,0,63,Two year,1,98,5050,6174,0,0.2654,0.01,0.040323122,3%
6161-UUUTA,Male,1,0,0,3,Month-to-month,2,79.9,2251,239.7,1,0.2654,0.635,0.703440719,66%
7821-DPRQE,Male,0,1,0,68,Month-to-month,2,107.7,5678,7323.6,0,0.2654,0.26,0.221464988,24%
6543-XRMYR,Female,1,0,0,30,Month-to-month,2,99.7,2564,2991,1,0.2654,0.93,0.632303869,78%
2001-EWBQU,Female,0,0,0,60,Two year,2,104.7,5120,6282,0,0.2654,0.065,0.104075779,12%
4925-LMHOK,Male,0,0,0,15,Month-to-month,1,58.6,6416,879,1,0.2654,0.195,0.290433855,18%
1608-GMEWB,Male,1,0,0,45,Month-to-month,0,93.9,3593,4225.5,0,0.2654,0.165,0.539897732,30%
6695-AMZUF,Female,0,1,0,70,Two year,1,86.45,4878,6051.5,0,0.2654,0,0.00992063,0%
1455-UGQVH,Male,0,1,0,10,Month-to-month,2,98.5,77,985,1,0.2654,0.835,0.713670966,90%
8410-BGQXN,Male,0,0,0,4,Month-to-month,3,19.4,6391,77.6,0,0.2654,0,0.217640296,3%
8280-MQRQN,Female,0,0,0,1,Month-to-month,3,50.45,4228,50.45,1,0.2654,0.955,0.490938011,84%
1619-YWUBB,Female,0,1,0,68,Two year,1,24.95,1079,1696.6,0,0.2654,0,0.004364185,0%
7611-YKYTC,Male,0,1,1,22,Month-to-month,0,75,1025,1650,0,0.2654,0.105,0.233060574,21%
2037-SGXHH,Male,0,1,1,38,Month-to-month,2,94.65,3131,3596.7,1,0.2654,0.715,0.408031721,36%
3178-FESZO,Female,0,0,0,1,Month-to-month,1,100.25,2,100.25,1,0.2654,0.88,0.731869918,92%
0365-GXEZS,Male,0,1,0,18,Month-to-month,2,78.2,862,1407.6,0,0.2654,0.08,0.320114285,22%
0082-OQIQY,Male,0,0,0,29,Month-to-month,2,94.2,2257,2731.8,0,0.2654,0.125,0.466943151,25%
6087-MVHJH,Female,0,0,0,16,Month-to-month,2,88.45,775,1415.2,1,0.2654,0.61,0.644685914,68%
4603-JANFB,Male,0,0,0,1,Month-to-month,2,69.85,5453,69.85,1,0.2654,0.92575,0.680705111,81%
3018-TFTSU,Male,0,0,0,12,Month-to-month,0,81.7,6237,980.4,1,0.2654,0.25,0.39333435,44%
3606-SBKRY,Male,0,0,0,31,One year,2,50.05,947,1551.55,0,0.2654,0.045,0.235276053,6%
4806-KEXQR,Male,0,0,0,4,Month-to-month,2,79.9,2819,319.6,1,0.2654,0.545,0.69288886,67%
0667-NSRGI,Female,0,1,0,48,One year,3,69.55,2974,3338.4,0,0.2654,0.045,0.090282635,10%
7083-YNSKY,Female,0,0,0,15,Month-to-month,1,25.4,3407,381,1,0.2654,0.675,0.203494952,27%
6893-ODYYE,Male,0,0,0,50,One year,1,90.1,3878,4505,0,0.2654,0.03,0.06609839,3%
8242-JSVBO,Male,0,0,0,7,Month-to-month,0,44.65,2802,312.55,0,0.2654,0.115,0.372829055,35%
2479-BRAMR,Male,1,1,0,41,Month-to-month,0,83.75,2847,3433.75,1,0.2654,0.34,0.313742557,28%
9541-ZPSEA,Male,0,1,1,68,Two year,1,80.35,4476,5463.8,0,0.2654,0.01,0.018051906,5%
2665-NPTGL,Female,1,1,0,26,Month-to-month,0,98.1,2170,2550.6,0,0.2654,0.255,0.663656713,51%
1139-WUOAH,Male,0,0,0,57,Two year,1,53.35,2686,3040.95,0,0.2654,0,0.026039016,1%
4693-VWVBO,Female,0,0,0,3,Month-to-month,2,19.55,4981,58.65,0,0.2654,0.215,0.213951617,16%
7434-SHXLS,Female,0,0,0,1,Month-to-month,3,20.9,1624,20.9,1,0.2654,0.667119048,0.215045435,37%
6937-GCDGQ,Male,0,1,1,19,One year,0,48.95,6456,930.05,0,0.2654,0.035,0.098397678,6%
0988-JRWWP,Female,0,0,0,3,Month-to-month,2,54.2,730,162.6,0,0.2654,0.18,0.459784138,56%
5075-JSDKI,Female,0,0,0,59,Two year,2,24.45,887,1442.55,0,0.2654,0.015,0.004701987,0%
7908-QCBCA,Female,0,1,0,1,Month-to-month,3,69.4,5445,69.4,1,0.2654,1,0.704734794,91%
8644-XYTSV,Male,0,1,0,42,Month-to-month,0,40.15,1098,1686.3,0,0.2654,0.055,0.154251022,10%
6711-FLDFB,Female,0,0,0,7,Month-to-month,2,74.9,4498,524.3,1,0.2654,0.715,0.693724911,60%
3873-WOSBC,Male,0,1,0,67,Two year,1,25.6,1319,1715.2,0,0.2654,0,0.003278615,0%
7465-ZZRVX,Male,0,0,0,1,Month-to-month,2,70.35,5508,70.35,0,0.2654,0.3175,0.683744243,78%
7975-JMZNT,Male,0,1,0,66,Two year,0,91.7,4963,6052.2,0,0.2654,0,0.014504208,1%
7251-XFOIL,Female,0,0,0,61,Month-to-month,3,89.2,4571,5441.2,0,0.2654,0.095,0.306979989,5%
4116-IQRFR,Male,0,1,1,4,One year,1,24.1,5664,96.4,0,0.2654,0.025,0.111363263,9%
3714-JTVOV,Female,1,1,0,42,Month-to-month,1,74.15,2805,3114.3,1,0.2654,0.795,0.262094597,56%
8259-DZLIZ,Female,0,1,1,64,One year,0,53.85,2941,3446.4,0,0.2654,0.105,0.028573873,3%
0442-ZXKVS,Female,1,1,0,54,One year,0,115.6,5176,6242.4,0,0.2654,0.13,0.18865514,29%
7853-WNZSY,Male,0,0,0,1,Month-to-month,1,19.75,1489,19.75,0,0.2654,0.045,0.241749099,22%
3120-FAZKD,Male,0,1,1,54,Two year,0,24.05,422,1298.7,0,0.2654,0,0.005894813,4%
8606-OEGQZ,Female,0,0,1,18,Two year,1,25.3,3869,455.4,0,0.2654,0.035,0.028295986,2%
0225-ZORZP,Male,0,0,0,3,Month-to-month,2,84.3,1987,252.9,0,0.2654,0.125,0.567606253,42%
4702-IOQDC,Female,0,0,0,1,Month-to-month,2,70.1,5503,70.1,1,0.2654,0.89375,0.692147314,81%
9489-JMTTN,Female,0,1,1,72,Two year,1,89.75,5264,6462,0,0.2654,0.005,0.010523015,0%
0575-CUQOV,Male,1,1,0,60,One year,2,97.95,4819,5877,0,0.2654,0.12,0.21149039,15%
0967-BMLBD,Female,0,1,1,11,One year,3,20,1564,220,0,0.2654,0.08,0.08425125,3%
6178-KFNHS,Female,0,0,1,12,Month-to-month,2,78.3,6342,939.6,1,0.2654,0.74,0.517627542,42%
2830-LEWOA,Male,0,1,1,61,One year,1,103.9,5186,6337.9,0,0.2654,0.13,0.091537176,14%
5006-MXVRN,Female,0,0,0,39,Two year,1,20.7,5837,807.3,0,0.2654,0,0.010860297,1%
1264-BYWMS,Male,0,0,0,55,Month-to-month,2,96.8,4418,5324,1,0.2654,0.81,0.487349022,71%
9658-WYUFB,Female,0,0,0,17,Month-to-month,2,94.4,1082,1604.8,1,0.2654,0.615,0.470788168,58%
8327-WKMIE,Male,0,0,0,37,One year,1,20.15,5935,745.55,0,0.2654,0,0.02411991,0%
6917-FIJHC,Female,0,1,0,72,Two year,3,26,1298,1872,0,0.2654,0,0.004218342,0%
5329-KRDTM,Male,1,1,0,72,Two year,1,77.35,4484,5569.2,0,0.2654,0.005,0.013953271,1%
7797-EJMDP,Female,0,0,0,8,Month-to-month,0,66.05,4740,528.4,0,0.2654,0.225,0.227503879,16%
3530-VWVGU,Female,0,1,1,22,Month-to-month,3,19.9,3418,437.8,0,0.2654,0,0.086134093,3%
2013-SGDXK,Female,0,0,0,1,Month-to-month,2,84.3,6172,84.3,1,0.2654,0.94,0.61466562,92%
6368-NWMCE,Female,0,0,0,38,Month-to-month,1,68.15,2304,2589.7,0,0.2654,0.145,0.132875033,17%
3633-CDBUW,Male,0,0,1,17,One year,2,80.85,828,1374.45,0,0.2654,0.06,0.100558935,11%
0707-HOVVN,Female,1,0,0,70,Two year,0,75.5,4368,5285,0,0.2654,0.04,0.018338654,1%
8580-QVLOC,Female,1,1,1,72,Two year,1,92.45,5180,6656.4,1,0.2654,0.005,0.013725039,0%
3956-MGXOG,Female,0,0,0,28,Month-to-month,2,80.6,1879,2256.8,0,0.2654,0.14,0.515761121,47%
9274-UARKJ,Female,0,0,0,15,Month-to-month,0,83.2,254,1248,0,0.2654,0.2,0.485452384,40%
4077-HWUYD,Male,0,1,1,72,Two year,0,87.55,5192,6303.6,0,0.2654,0,0.012087848,0%
2012-NWRPA,Female,1,1,0,11,Month-to-month,2,99.55,256,1095.05,1,0.2654,0.98,0.755970394,97%
8808-ELEHO,Male,1,0,0,8,Month-to-month,2,81.25,4815,650,1,0.2654,0.85,0.715786703,74%
0103-CSITQ,Female,0,1,0,57,One year,0,109.4,5067,6235.8,0,0.2654,0.07,0.206496417,23%
3506-LCJDC,Male,0,1,1,1,Month-to-month,0,19.95,1493,19.95,1,0.2654,0.795,0.159829635,61%
8671-KKKOS,Female,0,1,0,46,Month-to-month,2,45.55,1687,2095.3,0,0.2654,0.04,0.104162955,18%
7305-ZWMAJ,Male,0,1,0,30,One year,1,20.7,4821,621,0,0.2654,0,0.032910992,2%
9518-XXBXE,Male,1,1,0,10,Month-to-month,2,75.3,5626,753,0,0.2654,0.405,0.47059329,24%
3934-HXCFZ,Male,0,1,0,23,Month-to-month,2,99.25,1801,2282.75,1,0.2654,0.875,0.430142704,73%
6578-KRMAW,Male,0,0,0,32,Month-to-month,1,93.4,2574,2988.8,0,0.2654,0.11,0.315631978,16%
4860-IJUDE,Male,0,0,0,13,Month-to-month,1,73.75,6458,958.75,0,0.2654,0.215,0.466471174,30%
7666-WKRON,Female,0,0,0,39,Two year,2,80.45,2783,3137.55,1,0.2654,0.14,0.077209222,6%
9688-YGXVR,Female,0,0,0,44,Month-to-month,1,88.15,3396,3878.6,0,0.2654,0.255,0.321264683,18%
0423-UDIJQ,Male,1,0,0,9,Month-to-month,3,49.2,3794,442.8,0,0.2654,0.12,0.282246044,16%
1945-XISKS,Female,0,1,0,67,Two year,3,19.65,605,1316.55,0,0.2654,0,0.00249361,0%
4910-AQFFX,Male,0,1,1,9,Month-to-month,0,79.35,5273,714.15,1,0.2654,0.8,0.612798629,65%
2154-KVJFF,Female,0,0,0,15,Month-to-month,2,79.75,217,1196.25,1,0.2654,0.875,0.539133519,71%
5360-LJCNJ,Female,0,1,0,71,Two year,0,105.15,5805,7465.65,0,0.2654,0.03,0.10655939,4%
2607-FBDFF,Male,0,0,0,1,Month-to-month,1,49,4136,49,0,0.2654,0.12,0.296509968,32%
9647-ERGBE,Female,0,1,1,30,Month-to-month,2,100.05,2647,3001.5,1,0.2654,0.88,0.599239219,78%
3428-XZMAZ,Male,0,0,0,1,Month-to-month,2,69.35,5444,69.35,1,0.2654,1,0.67814623,90%
1100-DDVRV,Male,0,1,0,17,Month-to-month,3,49.8,6162,846.6,0,0.2654,0.285,0.579122806,38%
0378-TOVMS,Female,0,0,0,3,Month-to-month,2,85.8,2361,257.4,1,0.2654,0.85,0.550846337,56%
4355-HBJHH,Male,0,1,1,67,Two year,2,79.7,4425,5339.9,1,0.2654,0.575,0.023772408,20%
6728-WYQBC,Male,0,0,0,1,Month-to-month,0,20.95,1625,20.95,0,0.2654,0.146916667,0.185155859,35%
9058-CBREO,Female,1,0,0,1,Month-to-month,3,50.55,4230,50.55,1,0.2654,0.845,0.526177007,67%
9029-FEGVJ,Female,1,1,0,32,Month-to-month,3,79.3,2228,2537.6,0,0.2654,0.12,0.443724009,24%
7216-KAOID,Male,0,1,1,41,One year,0,19.5,6003,799.5,0,0.2654,0,0.016276875,1%
0318-QUUOB,Male,0,1,0,1,Month-to-month,2,80.55,6021,80.55,1,0.2654,0.805,0.730007011,90%
6145-NNPNO,Female,0,0,0,1,Month-to-month,0,44.15,3737,44.15,0,0.2654,0.185,0.372755315,34%
5520-FVEWJ,Female,0,1,1,12,Month-to-month,2,84.5,6359,1014,1,0.2654,0.825,0.593277633,64%
5339-TJFEK,Male,0,1,1,62,Month-to-month,2,105.5,5203,6541,0,0.2654,0.055,0.2857967,10%
5572-ZDXHY,Female,0,0,0,22,Month-to-month,3,84.3,1419,1854.6,1,0.2654,0.635,0.518211734,35%
2074-GUHPQ,Female,0,0,1,17,Month-to-month,1,92.7,997,1575.9,0,0.2654,0.11,0.406596663,18%
4625-XMOYM,Female,0,1,1,72,Two year,0,26.25,1593,1890,0,0.2654,0,0.003135055,0%
5827-MWCZK,Male,0,1,1,56,Month-to-month,1,96.95,4514,5429.2,0,0.2654,0.07,0.248751329,19%
1385-TQOZW,Female,0,0,0,9,Month-to-month,1,20.45,866,184.05,0,0.2654,0.02,0.184388053,10%
5914-XRFQB,Male,0,1,0,72,Two year,0,115.8,6185,8337.6,0,0.2654,0,0.057050452,2%
4329-YPDDQ,Male,0,0,0,20,Month-to-month,0,108.2,1836,2164,0,0.2654,0.335,0.343487201,29%
4804-NCPET,Male,0,1,1,19,Two year,3,20.2,3308,383.8,0,0.2654,0,0.021568849,1%
3750-CKVKH,Male,0,0,0,2,Month-to-month,2,67.75,299,135.5,1,0.2654,0.82,0.603510388,68%
5944-UGLLK,Male,0,0,0,53,One year,1,54.9,2645,2909.7,0,0.2654,0.015,0.06668329,17%
8063-GBATB,Female,1,0,0,27,Month-to-month,2,85.25,1926,2301.75,1,0.2654,0.605,0.633038596,65%
7787-BNTZM,Male,0,0,0,6,Month-to-month,0,20.15,549,120.9,0,0.2654,0.12,0.14343495,22%
2252-ISRNH,Male,0,1,1,9,One year,2,90.35,5855,813.15,0,0.2654,0.13,0.503756161,13%
9415-TPKRV,Female,0,1,1,8,Month-to-month,2,55.75,3789,446,0,0.2654,0.07,0.323872646,14%
5322-TEUJK,Female,0,1,1,71,Two year,0,114.6,6066,8136.6,0,0.2654,0,0.035754724,2%
4547-KQRTM,Female,0,0,0,10,Month-to-month,0,80.05,6135,800.5,1,0.2654,0.92,0.627491011,83%
4877-EVATK,Male,0,0,0,1,Month-to-month,3,20,1606,20,1,0.2654,0.337083333,0.20406869,44%
1866-DIOQZ,Female,0,1,0,71,One year,0,66.8,3967,4742.8,0,0.2654,0.01,0.025407063,2%
8375-KVTHK,Male,0,1,0,68,One year,2,100.3,5349,6820.4,0,0.2654,0.07,0.129136981,20%
2697-NQBPF,Male,0,0,0,34,Month-to-month,2,105.35,3066,3581.9,0,0.2654,0.1,0.486638325,32%
3709-OIJEA,Male,0,0,0,26,One year,2,85.2,1799,2215.2,0,0.2654,0.015,0.174155949,11%
7639-SUPCW,Female,0,0,0,22,Month-to-month,1,48.8,103,1073.6,1,0.2654,0.72,0.163140986,48%
1386-ZIKUV,Male,0,0,0,7,Month-to-month,3,18.95,550,132.65,0,0.2654,0.15,0.198650189,20%
0599-XNYDO,Female,0,1,0,20,Month-to-month,0,69.8,979,1396,0,0.2654,0.195,0.464737906,27%
6377-WHAOX,Female,0,1,0,60,Month-to-month,2,106.15,5166,6369,0,0.2654,0.16,0.452680411,51%
6855-VLGOS,Male,0,1,1,72,Two year,2,20.55,801,1479.6,0,0.2654,0,0.001574098,0%
8999-XXGNS,Female,1,1,0,72,One year,1,105.75,5841,7614,0,0.2654,0.015,0.242623838,5%
8746-OQQRW,Male,0,0,0,4,Month-to-month,3,25.25,23,101,0,0.2654,0.12,0.212684358,8%
3181-MIZBN,Male,0,1,1,16,Month-to-month,2,19.75,2720,316,0,0.2654,0.075,0.098705554,13%
0471-ARVMX,Female,1,1,0,62,One year,2,104.85,5105,6500.7,0,0.2654,0.11,0.236354078,27%
7766-CLTIC,Female,0,0,0,10,Month-to-month,3,60.95,5082,609.5,0,0.2654,0.09,0.411706966,23%
5650-YLIBA,Male,0,0,0,31,Month-to-month,2,81.15,2289,2515.65,0,0.2654,0.105,0.435936223,49%
0825-CPPQH,Female,0,1,0,71,Two year,1,19.1,670,1356.1,0,0.2654,0,0.001844993,0%
9084-OAYKL,Male,0,0,0,58,Two year,3,20.8,388,1206.4,0,0.2654,0.01,0.003635281,0%
6122-LJADA,Male,0,1,1,70,Two year,1,90.15,5060,6310.5,0,0.2654,0,0.014791825,1%
2400-XIWIO,Female,0,1,0,71,Two year,2,90.1,5103,6397.1,0,0.2654,0.005,0.013641211,1%
7524-VRLPL,Male,1,0,0,69,Two year,1,74.1,4261,5112.9,0,0.2654,0.03,0.011208201,6%
1069-XAIEM,Female,1,0,0,1,Month-to-month,2,85.05,6207,85.05,1,0.2654,0.99,0.825143214,97%
7569-NMZYQ,Female,0,1,1,72,Two year,0,118.75,6262,8550,0,0.2654,0.26,0.056402768,1%
5201-USSQZ,Female,0,1,0,26,Month-to-month,1,85.9,1818,2233.4,0,0.2654,0.1,0.367955472,15%
2105-PHWON,Female,0,1,0,33,Month-to-month,1,95,2604,3135,0,0.2654,0.175,0.471004007,30%
1494-EJZDW,Female,0,1,1,10,Two year,3,20.15,1829,201.5,0,0.2654,0.005,0.031593893,1%
4884-TVUQF,Female,1,0,0,57,Two year,1,101.3,4767,5774.1,0,0.2654,0.085,0.058383332,6%
8003-EWNDZ,Female,0,0,0,10,Month-to-month,2,21.2,1855,212,0,0.2654,0.015,0.194899103,13%
1897-RCFUM,Female,0,1,1,39,One year,3,24.2,6355,943.8,0,0.2654,0.015,0.039977986,3%
9256-JTBNZ,Female,0,0,0,11,Month-to-month,0,20.3,2108,223.3,0,0.2654,0.065,0.130633657,11%
4658-HCOHW,Female,0,1,1,21,Month-to-month,2,102.8,1741,2158.8,1,0.2654,0.735,0.436326351,58%
2211-RMNHO,Female,0,1,1,68,Two year,0,85.3,4610,5800.4,0,0.2654,0,0.016288251,1%
2432-TFSMK,Male,0,0,0,18,One year,1,89.6,1106,1612.8,0,0.2654,0.065,0.400342609,8%
3440-JPSCL,Female,0,0,0,6,Month-to-month,3,99.95,4542,599.7,1,0.2654,0.805,0.671782711,80%
4929-ROART,Male,0,0,0,18,Month-to-month,3,56.25,6480,1012.5,0,0.2654,0.105,0.252039802,17%
1834-ABKHQ,Female,0,1,1,52,One year,0,50.95,2261,2649.4,0,0.2654,0.025,0.039571571,7%
1741-WTPON,Male,0,1,1,56,Two year,3,115.85,5245,6487.6,0,0.2654,0.055,0.055244229,2%
3932-IJWDZ,Male,0,0,0,45,Month-to-month,0,103.65,4017,4664.25,0,0.2654,0.21,0.429563078,35%
1240-HCBOH,Female,0,0,0,67,Two year,3,26.1,1283,1748.7,0,0.2654,0,0.005143676,0%
3594-KADLU,Male,0,1,0,3,Month-to-month,3,35.1,20,105.3,0,0.2654,0.39,0.303130599,18%
8065-BVEPF,Male,1,0,0,65,Month-to-month,0,99.1,5206,6441.5,0,0.2654,0.125,0.322699713,17%
3796-ENZGF,Male,0,1,0,63,Two year,3,67.25,3612,4236.75,0,0.2654,0.005,0.014925231,0%
1734-ZMNTZ,Female,0,1,1,11,Two year,3,25,2596,275,0,0.2654,0,0.040632489,1%
2853-CWQFQ,Male,0,0,1,1,Month-to-month,3,59.55,4844,59.55,0,0.2654,0.245,0.427038853,55%
0813-TAXXS,Male,0,0,0,55,Two year,0,77.8,3678,4279,0,0.2654,0.06,0.057140814,3%
2519-TWKFS,Male,0,1,1,25,One year,3,55.1,861,1377.5,0,0.2654,0,0.103414523,4%
2889-FPWRM,Male,0,1,0,72,One year,0,117.8,6265,8481.6,1,0.2654,0.835,0.125068077,56%
0626-QXNGV,Female,0,1,0,72,Two year,1,24.15,1299,1738.8,0,0.2654,0,0.003562568,0%
6723-CEGQI,Female,0,0,1,65,Two year,3,45.25,2536,2941.25,0,0.2654,0.01,0.010958828,0%
6987-XQSJT,Female,1,0,0,54,Month-to-month,2,79.5,3711,4293,1,0.2654,0.815,0.3170869,58%
4732-RRJZC,Male,0,1,1,7,Month-to-month,3,20.25,810,141.75,0,0.2654,0.02,0.138956094,15%
9499-XPZXM,Female,0,1,0,72,Two year,0,64.75,4059,4662,0,0.2654,0.075,0.004884897,1%
4338-EYCER,Male,0,1,0,21,Month-to-month,0,54.6,238,1146.6,0,0.2654,0.075,0.21408935,11%
3007-FDPEA,Female,0,0,0,2,Month-to-month,0,20.7,3342,41.4,0,0.2654,0.04,0.253592773,11%
6350-XFYGW,Male,1,0,0,4,Month-to-month,2,94.75,3601,379,0,0.2654,0.295,0.759544238,66%
4290-BSXUX,Male,0,1,0,3,Month-to-month,0,79.65,2168,238.95,1,0.2654,0.765,0.5890991,79%
8513-OLYGY,Male,0,1,0,72,Two year,1,115.8,6151,8337.6,0,0.2654,0.01,0.04377867,2%
0311-QYWSS,Female,0,0,0,6,Month-to-month,2,49.45,2730,296.7,0,0.2654,0.105,0.308686508,23%
8705-DWKTI,Male,0,0,0,52,Month-to-month,1,83.8,3686,4357.6,0,0.2654,0.33,0.322135545,38%
8755-IWJHN,Male,1,1,0,69,Month-to-month,0,95.35,5145,6579.15,0,0.2654,0.155,0.318791149,13%
0325-XBFAC,Male,0,0,0,8,Month-to-month,2,94.7,5727,757.6,1,0.2654,0.815,0.726222292,74%
4480-QQRHC,Female,1,0,0,8,Month-to-month,0,74.05,4915,592.4,0,0.2654,0.195,0.635215155,41%
0929-PECLO,Female,1,0,0,63,Month-to-month,0,89.6,4596,5644.8,0,0.2654,0.305,0.374940617,5%
3680-CTHUH,Male,0,0,0,60,One year,1,116.6,5543,6996,0,0.2654,0.09,0.14983925,13%
1202-KKGFU,Female,0,1,0,12,Month-to-month,0,54.2,5457,650.4,0,0.2654,0.29,0.160569465,26%
6112-KTHFQ,Female,0,0,0,13,Month-to-month,3,19.3,2416,250.9,0,0.2654,0.055,0.177800445,9%
1852-XEMDW,Male,0,0,0,22,Month-to-month,3,65.05,792,1431.1,0,0.2654,0.08,0.149892781,10%
2462-XIIJB,Male,0,0,0,5,Month-to-month,2,92.5,3847,462.5,1,0.2654,0.905,0.732786096,83%
4760-XOHVN,Female,0,1,1,1,Month-to-month,3,19.45,1483,19.45,1,0.2654,0.755,0.184960866,39%
1820-DJFPH,Female,0,1,1,72,Two year,0,24.05,1206,1731.6,0,0.2654,0,0.002816781,0%
9426-SXNHE,Female,0,0,0,2,Month-to-month,0,18.75,4431,37.5,0,0.2654,0.145,0.198583011,3%
9068-FHQHD,Female,0,1,1,40,Two year,0,20.15,5899,806,0,0.2654,0,0.008414414,1%
1269-FOYWN,Male,0,1,1,44,One year,0,20,6243,880,0,0.2654,0,0.014570699,1%
9470-YFUYI,Male,1,1,0,71,One year,0,71,4244,5041,0,0.2654,0.04,0.017743456,1%
7817-BOQPW,Female,0,0,0,2,Month-to-month,2,75.55,1144,151.1,1,0.2654,0.91,0.697085017,82%
7402-EYFXX,Male,1,0,0,26,Month-to-month,2,93.6,2048,2433.6,0,0.2654,0.275,0.671338541,59%
1853-UDXBW,Male,0,1,1,1,Month-to-month,2,70,5501,70,1,0.2654,0.780625,0.648898236,81%
9895-VFOXH,Female,0,0,0,1,Month-to-month,3,24.4,2039,24.4,0,0.2654,0.14,0.544811978,38%
5458-CQJTA,Male,0,1,1,65,Two year,0,74.8,4073,4862,1,0.2654,0.67,0.011828832,17%
1230-QAJDW,Male,0,0,0,3,Month-to-month,3,65.25,1719,195.75,0,0.2654,0.09,0.454698966,32%
5701-ZIKJE,Male,0,0,0,13,Month-to-month,3,50.55,4987,657.15,0,0.2654,0.055,0.301863497,16%
5219-YIPTK,Female,0,1,0,33,Month-to-month,2,104.4,2951,3445.2,1,0.2654,0.34,0.58384368,59%
5032-MIYKT,Female,0,0,0,1,Month-to-month,3,70.7,5515,70.7,0,0.2654,0.3,0.70517298,76%
7396-VJUZB,Male,0,1,1,4,Month-to-month,3,45.25,986,181,0,0.2654,0.105,0.309249786,40%
9717-QEBGU,Male,0,0,0,2,Month-to-month,2,70.3,808,140.6,0,0.2654,0.12,0.623284757,59%
5172-RKOCB,Male,0,1,0,72,Two year,1,108.95,5945,7844.4,0,0.2654,0.01,0.052471791,2%
6509-TSGWN,Female,0,1,1,37,Month-to-month,3,26.45,6349,978.65,0,0.2654,0.01,0.07138147,4%
3540-RZJYU,Female,0,0,0,15,Month-to-month,2,86.2,497,1293,1,0.2654,0.845,0.385496761,48%
3178-CIFOT,Female,0,0,0,23,One year,1,19.65,4041,451.95,0,0.2654,0.01,0.058273561,2%
2091-MJTFX,Female,0,1,1,30,Month-to-month,1,51.2,1009,1536,1,0.2654,0.11,0.244603363,8%
4530-NDRKU,Female,0,1,1,42,One year,2,19.05,5829,800.1,0,0.2654,0.005,0.023972253,3%
5985-TBABQ,Female,0,0,0,32,One year,3,74.75,1923,2392,0,0.2654,0.03,0.116957702,7%
9800-ONTFE,Female,0,1,1,22,Month-to-month,0,75.8,1080,1667.6,0,0.2654,0.43,0.4825872,38%
6743-HHQPF,Male,0,1,0,42,Month-to-month,1,25.1,194,1054.2,0,0.2654,0.095,0.175133855,21%
8455-HIRAQ,Female,0,0,0,8,Month-to-month,3,44.45,3183,355.6,0,0.2654,0.05,0.335472271,11%
6616-AALSR,Female,0,1,1,65,Two year,1,104.3,5333,6779.5,0,0.2654,0.11,0.081082645,7%
0883-EIBTI,Female,0,0,0,2,Month-to-month,3,19.5,2698,39,1,0.2654,0.08,0.210751962,6%
9415-ZNBSX,Female,0,1,1,70,Two year,0,89,5084,6230,0,0.2654,0,0.014121359,1%
4018-KJYUY,Male,0,0,1,22,Month-to-month,1,20.15,3676,443.3,0,0.2654,0.01,0.074929624,3%
0722-TROQR,Female,1,0,0,4,Month-to-month,2,74.9,2793,299.6,1,0.2654,0.86,0.730680135,79%
7571-YXDAD,Female,0,0,0,2,Month-to-month,1,74.9,864,149.8,1,0.2654,0.745,0.606411792,56%
3884-UEBXB,Female,0,1,1,67,Two year,0,36.15,2083,2422.05,0,0.2654,0.005,0.005986751,1%
8780-RSYYU,Female,0,0,0,25,Month-to-month,1,19.2,4448,480,0,0.2654,0,0.109720716,5%
5537-UXXVS,Female,0,1,0,20,Month-to-month,0,19.25,3222,385,0,0.2654,0.075,0.094551083,7%
1791-PQHBB,Female,0,0,1,2,Month-to-month,1,61.2,456,122.4,0,0.2654,0.1,0.340065837,24%
8701-DGLVH,Male,0,0,0,51,Two year,3,20.45,82,1042.95,0,0.2654,0,0.00489714,0%
8741-LQOBK,Female,0,1,1,46,Month-to-month,0,35.05,1089,1612.3,0,0.2654,0.075,0.06025738,18%
3393-FMZPV,Female,0,0,0,25,Month-to-month,2,100.25,2023,2506.25,1,0.2654,0.845,0.623008029,78%
8082-GHXOP,Male,0,0,1,13,Month-to-month,3,44,5258,572,0,0.2654,0.19,0.264815851,17%
6402-ZFPPI,Female,1,0,0,25,Month-to-month,3,102.8,2316,2570,1,0.2654,0.87,0.555684533,74%
0980-FEXWF,Male,0,1,1,26,One year,3,50.35,519,1309.1,0,0.2654,0.03,0.075884317,2%
7486-KSRVI,Male,0,0,0,43,One year,2,100,3595,4300,1,0.2654,0.685,0.288627773,41%
3011-WQKSZ,Male,0,0,1,19,Month-to-month,2,20,3234,380,0,0.2654,0.105,0.116476655,9%
8443-WVPSS,Male,0,1,0,10,Month-to-month,2,99.85,6516,998.5,1,0.2654,0.79,0.618151977,65%
3006-XIMLN,Female,0,0,1,2,Month-to-month,0,94.2,1531,188.4,1,0.2654,0.99,0.730399502,91%
8218-FFJDS,Female,0,1,0,72,Two year,0,86.4,4953,6220.8,0,0.2654,0.01,0.016520344,0%
1986-PHGZF,Male,1,0,0,18,Month-to-month,1,58.4,6475,1051.2,0,0.2654,0.115,0.279744553,17%
9965-YOKZB,Male,1,0,0,9,Month-to-month,2,83.85,5977,754.65,1,0.2654,0.94,0.771937083,79%
0504-HHAPI,Female,1,0,0,27,Month-to-month,1,88.3,2118,2384.1,1,0.2654,0.725,0.530032113,36%
9360-OMDZZ,Male,0,0,0,24,Month-to-month,2,94.1,1960,2258.4,0,0.2654,0.165,0.649472136,61%
6305-YLBMM,Male,0,0,0,69,One year,0,104.05,5649,7179.45,1,0.2654,0.72,0.114072249,40%
0345-XMMUG,Female,0,1,0,46,Two year,1,108.9,4094,5009.4,0,0.2654,0.075,0.133984638,13%
8024-XNAFQ,Female,1,0,0,72,Two year,0,107.4,5889,7732.8,0,0.2654,0.05,0.05143299,1%
3647-GMGDH,Male,0,1,0,22,Month-to-month,1,94.7,1517,2083.4,1,0.2654,0.245,0.587319384,23%
2988-GBIVW,Female,1,1,0,70,Month-to-month,2,90.85,5196,6359.5,0,0.2654,0.115,0.280628204,19%
2832-SCUCO,Female,0,0,0,2,Month-to-month,2,19.9,4703,39.8,0,0.2654,0.13,0.220969036,9%
7036-ZZKBD,Male,0,1,0,31,Month-to-month,1,66.4,1649,2058.4,0,0.2654,0.055,0.198660596,5%
3791-LGQCY,Female,1,1,0,56,Month-to-month,0,100.65,4698,5636.4,1,0.2654,0.725,0.517284336,42%
0265-PSUAE,Female,0,1,1,16,Month-to-month,0,100.7,946,1611.2,0,0.2654,0.14,0.393647194,39%
0463-TXOAK,Male,0,0,1,52,Two year,1,25.6,604,1331.2,0,0.2654,0.035,0.005064762,1%
0594-UFTUL,Male,0,1,1,13,Month-to-month,3,19.85,2178,258.05,0,0.2654,0.04,0.151533754,9%
9509-MPYOD,Female,0,0,0,35,One year,3,20.75,5520,726.25,0,0.2654,0,0.030234298,2%
9128-CPXKI,Female,0,0,0,59,Two year,2,95.8,4678,5652.2,0,0.2654,0.355,0.089801757,10%
0129-KPTWJ,Male,0,1,0,72,Month-to-month,2,94.65,5346,6814.8,0,0.2654,0.415,0.302906696,19%
8166-ZZTFS,Female,1,1,0,66,Two year,0,80.55,4405,5316.3,1,0.2654,0.06,0.043576798,4%
5855-EIBDE,Female,0,1,0,49,Two year,1,106.65,4341,5225.85,0,0.2654,0.055,0.054871231,10%
5365-LLFYV,Female,0,0,0,2,Month-to-month,3,45.85,97,91.7,0,0.2654,0.19,0.441735341,39%
5956-YHHRX,Male,1,0,0,21,Month-to-month,2,104.35,1907,2191.35,0,0.2654,0.25,0.665286,62%
6008-NAIXK,Male,1,0,0,54,One year,2,55.45,2563,2994.3,0,0.2654,0.12,0.123677141,36%
2956-GGUCQ,Male,1,1,0,24,Month-to-month,2,78.85,1296,1892.4,1,0.2654,0.89,0.444525543,58%
1928-BXYIV,Male,0,0,0,1,Month-to-month,2,61.15,4982,61.15,0,0.2654,0.12,0.317857344,27%
5760-FXFVO,Male,0,0,0,6,Month-to-month,2,78.95,4188,473.7,0,0.2654,0.145,0.462833658,29%
6595-COKXZ,Female,0,0,0,1,Month-to-month,3,44.45,3742,44.45,1,0.2654,0.76,0.488647165,56%
0961-ZWLVI,Male,0,0,1,49,One year,1,109.2,4423,5350.8,0,0.2654,0.055,0.182933931,24%
5181-OABFK,Female,0,1,1,56,Two year,1,61.3,2903,3432.8,0,0.2654,0.03,0.010398748,2%
4007-NHVHI,Female,1,0,0,56,Month-to-month,2,96.85,4371,5423.6,0,0.2654,0.11,0.333151027,18%
7816-VGHTO,Female,0,1,1,6,Two year,3,40.55,1787,243.3,0,0.2654,0.075,0.090158193,3%
5871-DGTXZ,Male,0,0,0,32,One year,3,19.8,4962,633.6,0,0.2654,0,0.03138889,1%
7550-WIQVA,Male,0,1,1,50,One year,2,108.25,4512,5412.5,0,0.2654,0.085,0.186707104,26%
7544-ZVIKX,Male,0,1,1,58,One year,0,105.05,4919,6092.9,0,0.2654,0.315,0.189582777,29%
0016-QLJIS,Female,0,1,1,65,Two year,3,90.45,4881,5879.25,0,0.2654,0.005,0.019687425,1%
7508-DQAKK,Female,0,0,0,64,Two year,1,86.4,4524,5529.6,0,0.2654,0.005,0.018031958,1%
5176-OLSKT,Female,0,1,0,66,Two year,0,66.9,3711,4415.4,0,0.2654,0.005,0.008917045,1%
9356-AXGMP,Male,0,1,0,38,One year,2,110.7,3764,4206.6,0,0.2654,0.105,0.246641015,21%
3556-BVQGL,Female,0,1,0,20,One year,3,20,3558,400,0,0.2654,0,0.073790935,1%
0362-ZBZWJ,Male,0,0,0,36,Month-to-month,2,84.9,2663,3056.4,1,0.2654,0.925,0.521033799,72%
8979-CAMGB,Male,1,0,0,64,One year,2,102.1,5306,6534.4,0,0.2654,0.11,0.165555309,18%
4211-MMAZN,Male,0,0,0,1,Month-to-month,3,20.25,1611,20.25,1,0.2654,0.453178571,0.205028491,32%
7581-EBBOU,Female,0,0,0,60,One year,1,70.15,3607,4209,0,0.2654,0.005,0.033093661,3%
4274-OWWYO,Male,0,0,0,1,Month-to-month,2,74.35,5718,74.35,1,0.2654,0.91,0.637009563,78%
5073-RZGBK,Female,0,1,1,50,One year,0,80.05,3458,4002.5,0,0.2654,0.065,0.039111474,6%
1541-ETJZO,Male,0,0,0,1,Month-to-month,3,62.05,5040,62.05,1,0.2654,0.875,0.393882341,77%
2192-CKRLV,Female,0,1,0,72,Two year,2,49.2,3102,3542.4,0,0.2654,0.11,0.014092826,2%
3154-HMWUU,Male,0,1,0,60,Two year,0,20.5,367,1230,0,0.2654,0,0.00404376,1%
6119-SPUDB,Male,0,0,0,46,Two year,3,38.25,1277,1759.5,0,0.2654,0,0.014050436,0%
6522-OIQSX,Female,0,1,1,69,Two year,1,54.95,3238,3791.55,0,0.2654,0.03,0.026402127,2%
7813-ZGGAW,Male,1,0,0,31,Month-to-month,0,96.6,2483,2994.6,0,0.2654,0.145,0.476307045,24%
8748-HFWBO,Male,0,1,1,19,One year,3,19.9,3093,378.1,0,0.2654,0,0.044880533,2%
1052-QJIBV,Female,0,1,1,71,Two year,1,19.9,724,1412.9,0,0.2654,0,0.001596761,0%
1319-YLZJG,Male,0,1,0,12,Month-to-month,2,84.6,6464,1015.2,0,0.2654,0.22,0.448404866,31%
4106-HADHQ,Male,0,1,1,39,One year,1,80,2766,3120,1,0.2654,0.7,0.042742614,19%
0723-FDLAY,Male,0,0,0,44,One year,0,85.25,3194,3751,0,0.2654,0.03,0.097024401,7%
3050-RLLXC,Female,0,1,1,56,Two year,1,81.25,3923,4550,0,0.2654,0,0.011001623,2%
9298-WGMRW,Female,0,1,0,72,Two year,0,115.5,6144,8316,0,0.2654,0,0.058740266,1%
2369-UAPKZ,Male,0,0,0,5,Month-to-month,3,104.1,4500,520.5,1,0.2654,0.54,0.686511868,71%
3088-LHEFH,Female,0,0,0,11,Month-to-month,0,79,6388,869,0,0.2654,0.51,0.551492773,56%
2778-OCLGR,Male,1,1,0,24,Month-to-month,0,39.1,6488,938.4,1,0.2654,0.845,0.320178786,79%
6583-KQJLK,Female,1,1,0,15,Month-to-month,2,94.65,518,1419.75,0,0.2654,0.205,0.645601056,45%
8544-JNBOX,Male,0,0,0,72,Two year,3,20.8,944,1497.6,0,0.2654,0,0.002693254,0%
6681-ZSEXG,Male,0,1,0,56,Two year,1,59.5,2937,3332,0,0.2654,0.005,0.016578008,3%
6139-ZZRBQ,Male,1,0,0,64,Two year,0,20.05,366,1283.2,0,0.2654,0,0.003770842,1%
6116-RFVHN,Female,0,1,0,34,Month-to-month,2,100.45,2958,3415.3,0,0.2654,0.27,0.622659401,55%
0637-KVDLV,Male,0,0,0,2,Month-to-month,2,76.5,1086,153,1,0.2654,0.785,0.691525694,86%
8884-FEEWR,Male,0,0,0,35,One year,0,20.6,5791,721,0,0.2654,0,0.025393139,2%
3125-RAHBV,Male,0,0,0,22,One year,1,20.3,3949,446.6,0,0.2654,0,0.043440155,1%
6633-MPWBS,Male,0,0,0,5,Month-to-month,2,49.2,1777,246,1,0.2654,0.73,0.318228332,45%
0373-AIVNJ,Male,0,0,0,9,One year,3,39.55,3212,355.95,0,0.2654,0.075,0.165908197,3%
8785-EPNCG,Male,0,0,0,11,Month-to-month,1,23.15,2102,254.65,1,0.2654,0.595,0.157998374,14%
1682-VCOIO,Male,0,0,0,23,One year,3,20.45,4065,470.35,0,0.2654,0,0.045941096,1%
5729-KLZAR,Female,0,1,1,4,Month-to-month,2,80.85,2622,323.4,1,0.2654,0.785,0.59815437,70%
2072-ZVJJX,Male,0,1,0,68,Two year,0,25.25,1234,1717,0,0.2654,0,0.002934937,0%
8849-AYPTR,Male,0,1,0,33,Month-to-month,2,91.25,2560,3011.25,0,0.2654,0.215,0.465026987,29%
9518-IMLHK,Male,0,0,0,31,Month-to-month,0,72.45,1770,2245.95,0,0.2654,0.06,0.091785907,13%
1582-RAFML,Male,0,0,0,1,Month-to-month,3,60.1,4911,60.1,1,0.2654,0.775,0.34514965,46%
3646-ITDGM,Female,0,0,0,56,Two year,0,19.7,100,1103.2,0,0.2654,0.24,0.003428338,8%
8740-CRYFY,Male,0,0,0,1,Month-to-month,2,78.95,5914,78.95,1,0.2654,1,0.715544063,91%
3569-VLDHH,Male,0,1,1,66,One year,2,75.1,4246,4956.6,0,0.2654,0.015,0.016577201,9%
8224-KDLKN,Male,0,1,1,72,Two year,0,25,1247,1800,0,0.2654,0,0.002027242,0%
7594-LZNWR,Male,1,0,0,34,Month-to-month,1,69.15,1912,2351.1,0,0.2654,0.1,0.312752333,26%
4001-TSBTV,Female,0,1,1,58,Month-to-month,2,91.55,4579,5309.9,0,0.2654,0.29,0.252319273,15%
2962-XPMCQ,Male,0,0,0,2,Month-to-month,2,45.15,6501,90.3,1,0.2654,0.87,0.493289648,60%
8727-XDPUD,Male,0,0,0,37,Two year,1,35.8,579,1324.6,0,0.2654,0.02,0.050424056,1%
1043-UXOVO,Female,0,0,0,71,Two year,1,113.15,6011,8033.65,0,0.2654,0.005,0.055509153,2%
1064-FBXNK,Male,0,1,1,1,One year,1,19.85,1491,19.85,0,0.2654,0.11,0.08395924,10%
3996-ZNWYK,Male,1,1,1,71,Two year,1,19.8,702,1405.8,0,0.2654,0,0.001790286,0%
2878-DHMIN,Male,0,1,1,35,One year,2,19.9,5292,696.5,0,0.2654,0,0.023044503,1%
7762-ONLJY,Female,0,1,1,6,One year,3,19.7,6421,118.2,0,0.2654,0.01,0.095872052,2%
1678-FYZOW,Female,0,0,0,3,Month-to-month,2,79.4,2088,238.2,1,0.2654,0.87,0.67359181,66%
5795-BKOYE,Female,0,1,1,69,One year,0,59.1,3527,4077.9,0,0.2654,0.02,0.010128112,2%
8627-EHGIP,Male,0,0,0,44,One year,3,53.95,2014,2373.8,1,0.2654,0.675,0.145426995,53%
7402-PWYJJ,Female,0,1,0,53,One year,2,91.15,4106,4830.95,0,0.2654,0.11,0.210357496,17%
5480-TBGPH,Female,0,1,0,24,Month-to-month,1,99.3,2079,2383.2,1,0.2654,0.44,0.547235735,56%
0018-NYROU,Female,0,1,0,5,Month-to-month,2,68.95,3043,344.75,0,0.2654,0.39,0.63516032,52%
7501-VTYLJ,Female,0,0,1,2,Month-to-month,3,51.55,115,103.1,0,0.2654,0.12,0.285671136,32%
7608-RGIRO,Male,0,0,1,62,Two year,3,24.4,758,1512.8,0,0.2654,0,0.004714481,1%
0480-BIXDE,Female,0,1,0,19,Month-to-month,2,96.8,1262,1839.2,0,0.2654,0.185,0.639948504,39%
5895-QSXOD,Male,0,0,0,9,Month-to-month,3,70.05,5246,630.45,0,0.2654,0.095,0.549391831,41%
9814-AOUDH,Male,0,0,0,53,Two year,1,19.5,98,1033.5,0,0.2654,0.05,0.00392684,4%
6175-IRFIT,Male,0,0,0,5,Month-to-month,3,78.75,3628,393.75,0,0.2654,0.505,0.626513731,42%
8760-ZRHKE,Female,1,1,1,71,One year,2,69.2,4214,4913.2,0,0.2654,0.03,0.021314326,2%
1622-HSHSF,Female,0,0,0,1,Month-to-month,3,19.55,1485,19.55,0,0.2654,0.028333333,0.267498705,26%
8854-CCVSQ,Male,0,0,0,18,Month-to-month,2,80.65,838,1451.7,1,0.2654,0.825,0.517555767,54%
6749-UTDVX,Male,0,0,0,72,Two year,2,103.65,5844,7462.8,0,0.2654,0.09,0.100577389,11%
5542-DHSXL,Female,0,1,0,4,Month-to-month,3,54.7,1987,218.8,0,0.2654,0.225,0.232016966,19%
9102-OXKFY,Male,0,0,0,59,Two year,1,54.15,2708,3194.85,0,0.2654,0.005,0.015915803,1%
0511-JTEOY,Female,0,0,0,1,Month-to-month,3,71.1,5565,71.1,1,0.2654,0.32,0.636165072,59%
5216-WASFJ,Female,1,1,0,31,Month-to-month,2,84.85,2281,2630.35,0,0.2654,0.275,0.612662814,64%
7808-DVWEP,Male,0,1,0,3,Month-to-month,0,20,4142,60,0,0.2654,0.19,0.19123253,16%
7067-KSAZT,Female,1,1,0,65,One year,2,106.25,5488,6906.25,1,0.2654,0.78,0.287207982,47%
2284-VFLKH,Male,0,1,0,49,One year,1,99.25,4175,4863.25,0,0.2654,0.065,0.201373834,14%
0366-NQSHS,Male,0,0,0,2,Month-to-month,3,19.35,3907,38.7,0,0.2654,0.01,0.212619766,4%
6532-YLWSI,Female,0,1,0,53,One year,0,20.8,43,1102.4,1,0.2654,0.62,0.009112302,24%
3807-BPOMJ,Female,0,1,0,55,One year,2,94.75,4414,5211.25,0,0.2654,0.09,0.174954515,23%
3892-NXAZG,Male,0,1,1,72,Two year,1,114.05,6126,8211.6,0,0.2654,0,0.046985138,1%
4948-WBBKL,Female,1,0,0,36,Month-to-month,0,74.9,2311,2696.4,0,0.2654,0.175,0.453401325,44%
4182-BGSIQ,Female,0,1,1,10,Month-to-month,0,19.8,1566,198,0,0.2654,0.045,0.15296644,13%
9300-AGZNL,Male,1,0,0,1,Month-to-month,2,94,6418,94,1,0.2654,1,0.839736366,97%
0988-AADSA,Female,0,1,1,72,Two year,0,80.85,4800,5821.2,0,0.2654,0.005,0.007330938,0%
9972-NKTFD,Female,0,0,0,28,Month-to-month,0,54.65,935,1530.2,0,0.2654,0.005,0.096177157,6%
3717-LNXKW,Male,0,1,0,38,Month-to-month,0,91.7,3014,3484.6,0,0.2654,0.07,0.303464616,17%
5734-EJKXG,Female,0,0,0,61,One year,2,118.6,5700,7234.6,0,0.2654,0.075,0.170293381,11%
2207-RYYRL,Male,0,1,1,52,Two year,3,24.55,600,1276.6,0,0.2654,0.015,0.005533756,1%
6729-FZWSY,Male,0,0,0,67,One year,3,19.45,365,1303.15,0,0.2654,0,0.006782989,2%
9695-IDRZR,Female,0,0,1,34,Two year,1,116.15,3371,3949.1,0,0.2654,0.05,0.102636713,7%
8144-DGHXP,Female,0,0,0,54,Two year,2,80.6,3656,4352.4,0,0.2654,0.015,0.016981305,2%
7814-LEEVE,Female,0,1,0,1,Month-to-month,0,20.3,1612,20.3,0,0.2654,0.22375,0.25038765,31%
1112-CUNAO,Female,1,0,0,15,Month-to-month,2,89.85,787,1347.75,1,0.2654,0.465,0.585101613,56%
5175-AOBHI,Female,0,0,0,4,Month-to-month,3,46,1530,184,1,0.2654,0.82,0.44007809,49%
5174-RNGBH,Female,0,0,0,9,Month-to-month,3,66.25,5045,596.25,1,0.2654,0.66,0.27996993,20%
8631-WUXGY,Female,0,0,1,46,Month-to-month,2,99.8,3729,4590.8,0,0.2654,0.18,0.383470107,46%
7270-BDIOA,Female,0,0,0,22,Month-to-month,2,90,1604,1980,1,0.2654,0.825,0.514042541,59%
9565-JSNFM,Male,0,0,0,38,One year,0,70.45,2246,2677.1,1,0.2654,0.7,0.177751705,17%
5906-DVAPM,Female,0,1,1,55,One year,1,75,3597,4125,0,0.2654,0.015,0.030569908,3%
6654-QGBZZ,Female,0,0,0,1,Month-to-month,3,19.9,1492,19.9,0,0.2654,0.461404762,0.210170266,42%
8348-JLBUG,Male,1,1,0,64,One year,1,80.3,4249,5139.2,0,0.2654,0.02,0.05941609,2%
0607-DAAHE,Male,0,0,1,53,Two year,0,19.75,101,1046.75,1,0.2654,0.66,0.003160022,14%
5641-DMBFJ,Female,0,1,0,58,Two year,2,84.3,4166,4889.4,0,0.2654,0.01,0.02870961,2%
9200-NLNPD,Male,0,1,0,56,One year,0,54.05,2553,3026.8,0,0.2654,0.05,0.077202865,21%
2664-XJZNO,Male,0,1,1,72,Two year,1,104.9,5807,7552.8,0,0.2654,0.025,0.037994521,2%
9732-KPKBW,Male,0,0,0,1,Month-to-month,2,53.95,4434,53.95,1,0.2654,0.7,0.280267612,41%
3339-EAQNV,Male,1,1,0,72,One year,1,97.25,5595,7002,0,0.2654,0.11,0.200028596,3%
0921-OHLVP,Male,0,0,0,22,Month-to-month,2,83.05,1341,1827.1,0,0.2654,0.135,0.518609085,37%
3389-YGYAI,Female,1,0,0,8,Month-to-month,2,105.5,6129,844,1,0.2654,0.935,0.786986844,91%
9560-ARGQJ,Female,0,0,1,16,Month-to-month,2,81,573,1296,1,0.2654,0.795,0.523469236,51%
8350-NYMVI,Female,0,0,0,39,Month-to-month,0,41.1,1052,1602.9,0,0.2654,0.055,0.10409622,13%
1600-DILPE,Female,0,0,0,12,Month-to-month,0,45,4392,540,0,0.2654,0.22,0.356275411,31%
0536-ESJEP,Male,0,1,0,54,Two year,0,74.55,3584,4025.7,0,0.2654,0.03,0.023061351,4%
4654-GGUII,Female,0,0,0,18,One year,3,40.2,5579,723.6,0,0.2654,0.01,0.14013495,4%
6478-HRRCZ,Male,0,1,0,32,One year,3,70.5,1833,2256,0,0.2654,0.11,0.045686819,10%
8510-BBWMU,Female,0,0,0,41,One year,3,19.75,6044,809.75,0,0.2654,0.015,0.031374805,1%
6857-TKDJV,Male,0,1,1,67,Two year,0,24.65,1090,1651.55,0,0.2654,0,0.002491613,0%
2360-RDGRO,Male,0,1,0,65,Month-to-month,2,104.25,5386,6776.25,0,0.2654,0.065,0.333175846,26%
0584-BJQGZ,Female,0,0,0,25,Month-to-month,0,78.35,1392,1958.75,0,0.2654,0.1,0.148612817,10%
5134-IKDAY,Female,0,1,1,1,Month-to-month,2,69.8,5452,69.8,1,0.2654,0.91,0.657529375,89%
1360-XFJMR,Female,0,1,0,67,One year,1,109.7,5691,7349.9,0,0.2654,0.065,0.1818382,15%
3070-DVEYC,Male,1,0,0,7,Month-to-month,3,73.75,4528,516.25,1,0.2654,0.865,0.653384115,59%
5730-RIITO,Female,1,0,0,43,Month-to-month,1,33.45,907,1438.35,0,0.2654,0.075,0.119887726,25%
9058-MJLZC,Female,0,0,0,24,Month-to-month,2,94.6,1924,2270.4,0,0.2654,0.2,0.486876712,49%
5707-ORNDZ,Male,1,0,0,9,Month-to-month,2,54.55,4186,490.95,1,0.2654,0.245,0.313326617,19%
0902-XKXPN,Male,0,1,1,69,Two year,0,20.2,680,1393.8,0,0.2654,0,0.001613795,1%
5177-RVZNU,Female,0,0,1,37,One year,0,20.3,5799,751.1,0,0.2654,0.025,0.020148334,2%
0056-EPFBG,Male,0,1,1,20,Two year,1,39.4,6113,788,0,0.2654,0.01,0.057373817,1%
8993-IZEUX,Male,0,0,0,7,Month-to-month,0,69.15,4123,484.05,0,0.2654,0.115,0.511737656,26%
8696-JKZNU,Female,1,0,0,37,Month-to-month,2,76.25,2458,2821.25,1,0.2654,0.72,0.481249162,66%
5380-AFSSK,Female,0,0,0,5,Month-to-month,3,93.9,4102,469.5,1,0.2654,0.89,0.794666999,85%
8190-ZTQFB,Male,0,0,0,41,One year,2,51.35,1699,2105.35,0,0.2654,0.07,0.183354097,13%
0931-MHTEM,Female,0,0,0,54,One year,1,100.05,4429,5402.7,0,0.2654,0.095,0.151803877,34%
2055-PDADH,Female,1,0,0,3,Month-to-month,2,70.4,1673,211.2,1,0.2654,0.92,0.673448699,62%
7515-LODFU,Male,1,0,0,69,Two year,1,20.3,645,1400.7,0,0.2654,0.005,0.002318908,1%
0440-UEDAI,Female,0,0,0,53,One year,1,94.45,4273,5005.85,0,0.2654,0.06,0.131899786,9%
1337-BOZWO,Male,0,1,1,18,One year,1,46.4,6071,835.2,0,0.2654,0.08,0.198260613,3%
0868-VJRDR,Male,0,1,0,64,Two year,1,104.05,5272,6659.2,0,0.2654,0.015,0.044667707,2%
8714-EUHJO,Female,0,1,1,31,Month-to-month,2,91.15,2589,2825.65,1,0.2654,0.75,0.502333248,57%
6344-SFJVH,Female,0,0,0,20,Month-to-month,1,24.9,4278,498,0,0.2654,0.09,0.340497351,18%
3950-VPYJB,Male,0,1,1,57,One year,3,59.6,3042,3397.2,0,0.2654,0.015,0.011303615,2%
8041-TMEID,Male,1,1,0,63,Two year,1,108.5,5495,6835.5,0,0.2654,0.075,0.072852079,4%
7321-ZNSLA,Male,0,1,1,13,Two year,3,40.55,4847,527.15,0,0.2654,0.015,0.050881552,1%
6941-KXRRV,Female,1,1,0,48,One year,0,58.95,2413,2829.6,0,0.2654,0.1,0.075119804,26%
3721-CNEYS,Female,0,0,0,2,Month-to-month,2,70.95,668,141.9,1,0.2654,0.505,0.63564335,53%
8727-JQFHV,Male,0,1,1,57,Two year,3,20.75,235,1182.75,0,0.2654,0,0.003253642,1%
9475-NNDGC,Male,0,1,0,71,One year,0,113.15,5996,8033.65,0,0.2654,0.415,0.176105173,45%
1355-KUSBG,Female,0,1,1,7,Month-to-month,2,48.8,3025,341.6,0,0.2654,0.295,0.355786511,38%
3688-FTHLT,Female,0,0,0,16,Month-to-month,0,63.05,128,1008.8,0,0.2654,0.21,0.429011177,35%
0899-LIIBW,Male,0,1,0,34,Month-to-month,2,100.85,3056,3428.9,0,0.2654,0.165,0.536966535,37%
2568-OIADY,Female,0,1,0,37,Month-to-month,2,99.5,3229,3681.5,1,0.2654,0.84,0.599480703,70%
1384-RCUXW,Male,0,0,0,16,Month-to-month,3,80.55,452,1288.8,0,0.2654,0.165,0.539931268,34%
5825-XJOCM,Male,0,0,1,48,One year,0,64.4,2637,3091.2,0,0.2654,0.02,0.033278128,10%
6848-YLDFR,Male,0,1,1,58,One year,1,75.2,3663,4361.6,0,0.2654,0.065,0.042886285,6%
8125-QPFJD,Female,0,1,0,72,Two year,0,84.9,4956,6112.8,0,0.2654,0,0.01820675,1%
2320-YKQBO,Female,0,0,0,7,Month-to-month,3,19.3,813,135.1,0,0.2654,0.06,0.160689647,17%
1193-RTSLK,Female,0,0,0,38,Month-to-month,1,83.9,2811,3188.2,1,0.2654,0.735,0.223261206,40%
2302-ANTDP,Female,1,1,0,48,Month-to-month,2,117.45,4520,5637.6,1,0.2654,0.72,0.322555299,44%
5923-GXUOC,Male,0,0,0,10,Month-to-month,2,104.4,163,1044,1,0.2654,0.865,0.499304987,83%
4973-RLZVI,Female,0,0,0,30,One year,1,74.65,1944,2239.5,0,0.2654,0.075,0.039479887,5%
7869-ZYDST,Male,0,1,0,31,Month-to-month,1,59.05,1457,1830.55,0,0.2654,0.08,0.275073045,10%
4501-UYKBC,Female,1,0,0,46,One year,1,69.1,2834,3178.6,0,0.2654,0.11,0.097573206,13%
1215-EXRMO,Male,0,1,0,50,Two year,3,20.55,130,1027.5,0,0.2654,0,0.005320365,0%
2305-MRGLV,Male,0,1,0,28,Month-to-month,0,76.55,1689,2143.4,0,0.2654,0.06,0.26296472,10%
8404-VIOMB,Female,0,0,0,66,Two year,0,62.5,3530,4125,0,0.2654,0.005,0.015677437,1%
5233-GEEAX,Male,1,0,0,8,Month-to-month,2,29.4,1845,235.2,1,0.2654,0.86,0.554228666,78%
2359-KLTEK,Female,0,1,1,41,Month-to-month,0,94.9,3293,3890.9,0,0.2654,0.045,0.431690408,22%
5304-EFJLP,Male,1,1,0,72,Two year,0,111.65,6032,8038.8,0,0.2654,0.015,0.096553099,2%
2673-ZALNP,Female,0,0,0,7,One year,3,19.9,1237,139.3,0,0.2654,0.01,0.08368343,2%
9184-GALIL,Female,0,1,1,38,Month-to-month,3,20.45,5924,777.1,0,0.2654,0.01,0.048770256,2%
4393-RYCRE,Male,0,0,0,44,One year,2,106.05,3838,4666.2,0,0.2654,0.095,0.193540332,29%
9746-MDMBK,Male,0,1,1,47,One year,0,113.45,4447,5332.15,0,0.2654,0.08,0.142587396,27%
3162-ZJZFU,Male,0,1,1,53,Month-to-month,2,92.55,4040,4905.15,0,0.2654,0.045,0.213895233,12%
8404-GFGCZ,Male,0,1,0,4,Month-to-month,2,65.6,2161,262.4,0,0.2654,0.195,0.449155399,29%
8875-AKBYH,Male,1,0,0,20,Month-to-month,2,84.35,1265,1687,0,0.2654,0.285,0.631728211,57%
4432-ADRLB,Male,0,0,0,2,Month-to-month,3,44.65,5724,89.3,1,0.2654,0.845,0.412484485,63%
0533-UCAAU,Male,1,1,0,57,One year,1,71.1,3537,4052.7,0,0.2654,0.005,0.078285574,5%
1394-SUIUH,Female,1,1,0,44,Month-to-month,2,85.15,3166,3746.6,0,0.2654,0.095,0.189052976,28%
3521-MNKLV,Male,0,0,0,24,Month-to-month,3,49.7,313,1192.8,0,0.2654,0.08,0.231390245,11%
2533-TIBIX,Male,0,1,1,15,Month-to-month,0,30.2,3970,453,0,0.2654,0.06,0.309003204,13%
8993-PHFWD,Female,0,0,0,3,Month-to-month,2,25.25,4784,75.75,1,0.2654,0.825,0.548741456,65%
1565-RHDJD,Female,0,0,1,4,Month-to-month,0,84.05,2889,336.2,1,0.2654,0.935,0.498073374,81%
7137-RYLPP,Male,1,1,0,37,Month-to-month,2,85.7,2755,3170.9,1,0.2654,0.545,0.539878174,56%
3765-JXVKY,Female,0,0,0,1,Month-to-month,2,74.7,5723,74.7,1,0.2654,0.95,0.64921982,81%
5092-STPKP,Female,0,0,0,24,Month-to-month,1,56.35,690,1352.4,0,0.2654,0.015,0.093433694,10%
7330-WZLNC,Female,0,0,0,5,Month-to-month,2,90.8,3880,454,1,0.2654,0.905,0.7019102,78%
0114-PEGZZ,Female,0,0,0,33,Month-to-month,2,107.55,3147,3549.15,0,0.2654,0.2,0.522181027,28%
3359-DSRKA,Female,0,1,1,58,Two year,3,19.85,297,1151.3,0,0.2654,0.025,0.004357552,2%
8639-NHQEI,Female,0,1,1,72,Two year,0,95.9,5479,6904.8,0,0.2654,0.015,0.039081405,1%
7161-DFHUF,Female,0,1,0,71,Two year,3,23.85,1157,1693.35,0,0.2654,0,0.002911362,0%
3957-LXOLK,Female,1,0,0,28,Month-to-month,2,106.15,2739,2972.2,1,0.2654,0.845,0.655531492,71%
3720-DBRWL,Male,0,1,0,51,Two year,1,83.85,3667,4276.35,0,0.2654,0.005,0.019930999,1%
6635-MYYYZ,Female,0,0,0,30,One year,0,85.35,2185,2560.5,1,0.2654,0.615,0.054505184,14%
8565-WUXZU,Male,1,1,0,72,Two year,1,84.8,5012,6105.6,0,0.2654,0.01,0.020137474,0%
5281-BUZGT,Male,1,0,0,36,Month-to-month,2,90.85,2770,3270.6,1,0.2654,0.315,0.436122981,33%
4994-OBRSZ,Male,0,0,1,14,Two year,0,76.1,105,1065.4,0,0.2654,0.115,0.025577751,1%
0562-FGDCR,Female,0,1,1,72,Two year,3,74.55,4511,5367.6,0,0.2654,0.02,0.006690304,1%
2436-QBZFP,Female,0,1,1,22,Month-to-month,2,39.2,6204,862.4,0,0.2654,0.105,0.324483914,16%
3420-YJLQT,Female,0,0,0,2,Month-to-month,2,79.55,926,159.1,0,0.2654,0.195,0.569518745,55%
6040-CGACY,Female,0,0,0,15,Month-to-month,3,19.6,2586,294,0,0.2654,0.035,0.126312416,8%
6582-PLFUU,Male,0,1,1,51,Two year,1,19.55,168,997.05,0,0.2654,0,0.003738174,1%
8242-PDSGJ,Male,0,1,0,70,Two year,1,39.15,2342,2740.5,0,0.2654,0.015,0.007253793,1%
0264-CNITK,Female,0,1,1,71,Two year,0,20.1,706,1427.1,0,0.2654,0,0.001533279,0%
0089-IIQKO,Female,0,1,1,39,Month-to-month,1,99.95,3232,3898.05,0,0.2654,0.1,0.452946368,41%
7839-NUIAA,Female,0,1,1,61,Month-to-month,2,59.8,3145,3647.8,0,0.2654,0.035,0.038783642,5%
6075-QMNRR,Female,0,0,0,52,Month-to-month,0,49.75,2188,2587,0,0.2654,0.06,0.060723993,8%
5378-IKEEG,Female,0,0,0,1,Month-to-month,2,35.75,3034,35.75,1,0.2654,0.91,0.668075019,85%
5966-EMAZU,Male,0,1,0,64,One year,3,108.5,5429,6944,0,0.2654,0.04,0.15355581,9%
0440-EKDCF,Male,0,1,0,62,Two year,1,60.15,3224,3729.3,0,0.2654,0.005,0.010291979,1%
4774-HHGGS,Male,0,1,0,30,Two year,3,19.05,5137,571.5,0,0.2654,0,0.016396553,1%
2718-GAXQD,Female,1,1,1,4,Month-to-month,2,46,1359,184,1,0.2654,0.825,0.353046162,74%
2055-BFOCC,Male,1,1,0,63,One year,0,84,4453,5292,0,0.2654,0.01,0.034507424,3%
8180-AKMJV,Female,0,0,0,1,Month-to-month,1,44.55,3743,44.55,0,0.2654,0.72,0.465418314,59%
4298-OYIFC,Male,0,1,0,15,Month-to-month,2,103.45,971,1551.75,0,0.2654,0.25,0.616191021,68%
5566-SOEZD,Male,0,1,1,27,One year,1,80.65,1841,2177.55,0,0.2654,0.04,0.134033551,5%
9842-EFSYY,Female,0,0,1,4,Month-to-month,3,57.2,1864,228.8,0,0.2654,0.145,0.474904035,23%
2272-WUSPA,Female,0,1,0,72,Two year,2,110.75,5892,7974,0,0.2654,0.01,0.082708537,1%
4584-LBNMK,Male,1,1,0,45,One year,1,24.7,325,1111.5,0,0.2654,0.005,0.020721865,4%
3898-GUYTS,Female,1,0,0,45,Month-to-month,2,97.05,3723,4367.25,0,0.2654,0.295,0.267625179,32%
0930-EHUZA,Female,0,0,0,36,One year,3,76.35,2256,2748.6,0,0.2654,0.085,0.051998959,7%
6413-XKKPU,Male,0,1,1,17,Month-to-month,2,89.4,969,1519.8,1,0.2654,0.775,0.392140032,53%
9975-SKRNR,Male,0,0,0,1,Month-to-month,3,18.9,1344,18.9,0,0.2654,0.265,0.197997778,29%
3703-KBKZP,Male,1,0,0,16,Month-to-month,0,74.45,477,1191.2,0,0.2654,0.245,0.582194398,47%
1449-XQEMT,Male,0,0,0,3,Month-to-month,3,19.8,4781,59.4,1,0.2654,0.745,0.273312697,40%
2626-URJFX,Male,0,1,1,4,Month-to-month,2,50.9,1885,203.6,1,0.2654,0.88,0.44968854,69%
4973-MGTON,Female,0,1,0,71,Two year,1,84.4,4889,5992.4,0,0.2654,0,0.012248556,0%
3682-YEUWS,Male,0,1,1,10,Month-to-month,3,24.4,2184,244,0,0.2654,0.02,0.210756735,11%
1223-UNPKS,Male,0,1,1,20,Two year,3,20.05,3417,401,0,0.2654,0,0.020628944,0%
2612-RRIDN,Male,0,0,0,4,Month-to-month,2,81,2948,324,1,0.2654,0.93,0.674154424,68%
4735-ASGMA,Male,0,0,0,26,Month-to-month,2,98.35,2176,2557.1,1,0.2654,0.88,0.632293758,67%
3446-QDSZF,Female,0,0,0,4,Month-to-month,1,55.5,1905,222,0,0.2654,0.15,0.381352651,37%
3669-LVWZB,Male,0,0,0,5,Month-to-month,3,51,2652,255,1,0.2654,0.795,0.649650365,62%
6892-EZDTG,Female,0,1,0,4,Month-to-month,2,91.65,3153,366.6,1,0.2654,0.845,0.711052584,77%
5117-IFGPS,Male,1,1,0,29,Month-to-month,2,84.3,1997,2444.7,0,0.2654,0.565,0.609432786,71%
7379-FNIUJ,Male,0,0,0,2,Month-to-month,2,100.2,1585,200.4,0,0.2654,0.15,0.501323163,31%
1627-AFWVJ,Female,0,0,0,29,Two year,3,19.4,4598,562.6,0,0.2654,0,0.017140321,0%
9725-SCPZG,Male,0,0,1,1,Month-to-month,2,90.85,6327,90.85,1,0.2654,0.88,0.748044785,76%
5884-GCYMI,Male,0,0,0,1,Month-to-month,3,69.4,5445,69.4,1,0.2654,0.99,0.615231656,89%
3217-FZDMN,Female,1,0,0,8,Month-to-month,1,94.45,5738,755.6,1,0.2654,0.915,0.756213738,72%
4486-EFAEB,Male,0,0,0,13,Month-to-month,2,20.4,2167,265.2,0,0.2654,0.015,0.166832147,7%
0060-FUALY,Female,0,1,0,59,Month-to-month,2,94.75,4631,5590.25,0,0.2654,0.13,0.250681835,19%
7853-GVUDZ,Female,0,1,1,1,Month-to-month,1,20.15,1609,20.15,1,0.2654,0.415,0.225887667,49%
7480-QNVZJ,Male,1,0,0,50,Month-to-month,2,95.7,4068,4785,1,0.2654,0.865,0.549381499,62%
6954-OOYZZ,Male,0,1,0,18,Month-to-month,0,44.35,5859,798.3,0,0.2654,0.1,0.311098706,26%
7088-FBAWU,Female,0,1,1,17,Month-to-month,3,74.55,395,1267.35,0,0.2654,0.125,0.192652506,12%
8313-AFGBW,Male,0,1,0,47,Two year,2,73.6,3054,3459.2,0,0.2654,0.025,0.03316719,1%
3943-KDREE,Female,0,0,0,26,Month-to-month,0,74.95,1387,1948.7,1,0.2654,0.815,0.484317844,41%
9239-ZBZZV,Female,0,0,0,6,Month-to-month,2,47.95,2650,287.7,1,0.2654,0.865,0.659656014,82%
3097-IDVPU,Male,0,1,1,19,Month-to-month,1,50.1,6348,951.9,0,0.2654,0.095,0.276029818,19%
4398-HSCJH,Female,0,0,0,3,Month-to-month,2,63.6,987,190.8,1,0.2654,0.725,0.435702679,50%
2197-OMWGI,Female,1,1,1,68,Two year,2,53,3161,3604,0,0.2654,0.085,0.031158474,3%
2303-PJYHN,Female,0,1,0,2,Month-to-month,0,19.85,4353,39.7,0,0.2654,0.06,0.206993559,12%
9795-VOWON,Male,0,0,0,7,One year,1,24.35,906,170.45,0,0.2654,0.405,0.322296044,13%
1237-WIYYZ,Female,0,0,0,18,Month-to-month,3,19.55,3330,351.9,0,0.2654,0.075,0.152564879,7%
1987-AUELQ,Female,0,1,0,71,Two year,1,25.05,1447,1778.55,0,0.2654,0,0.00281635,0%
7852-LECYP,Male,1,1,0,13,Month-to-month,1,93.8,476,1219.4,0,0.2654,0.18,0.46214875,38%
4430-UZIPO,Male,0,0,0,3,Month-to-month,3,36.85,159,110.55,1,0.2654,0.805,0.444679321,64%
4822-LPTYJ,Male,0,1,0,72,Two year,0,103.75,5692,7470,0,0.2654,0.06,0.094574729,6%
8165-CBKXO,Male,0,1,1,66,Two year,1,56.75,3197,3745.5,0,0.2654,0.03,0.030166863,2%
6527-PZFPV,Male,0,1,1,24,One year,1,20.8,3970,499.2,0,0.2654,0.01,0.047693173,3%
4855-SNKMY,Female,0,0,0,1,Month-to-month,2,44.1,3736,44.1,1,0.2654,0.735,0.474684722,61%
9593-CVZKR,Female,0,1,1,56,Two year,3,24.45,695,1369.2,0,0.2654,0.05,0.006670782,2%
8595-SIZNC,Female,1,1,0,22,One year,0,25.6,4546,563.2,0,0.2654,0.03,0.070822955,4%
8008-HAWED,Male,0,0,0,14,Month-to-month,2,50.75,5587,710.5,1,0.2654,0.355,0.625816415,59%
7124-UGSUR,Female,1,1,0,61,One year,1,104.4,5162,6368.4,1,0.2654,0.705,0.280958572,28%
1862-SKORY,Female,1,1,0,40,Month-to-month,2,39.3,1109,1572,1,0.2654,0.76,0.255277687,47%
5236-XMZJY,Female,0,0,0,42,Month-to-month,0,59.65,2189,2505.3,0,0.2654,0.1,0.057089028,10%
4827-DPADN,Female,0,1,1,72,Two year,0,83.3,4941,5997.6,0,0.2654,0.005,0.014317662,1%
2694-CIUMO,Female,0,0,0,12,Month-to-month,1,79.55,6462,954.6,0,0.2654,0.23,0.584782898,40%
5846-ABOBJ,Male,0,1,0,71,Two year,0,24.45,1239,1735.95,0,0.2654,0,0.0024814,0%
1439-LCGVL,Female,0,1,0,26,One year,3,19.2,3898,499.2,0,0.2654,0,0.041407298,1%
0909-SDHNU,Female,0,0,1,7,Month-to-month,3,29.8,1638,208.6,0,0.2654,0.135,0.322526635,14%
4647-XXZAM,Female,0,1,1,6,Month-to-month,3,45.5,2463,273,0,0.2654,0.11,0.318434707,24%
1502-XFCVR,Female,0,0,0,58,One year,2,106.45,5016,6174.1,1,0.2654,0.7,0.158688328,53%
7740-KKCXF,Male,0,1,0,51,Month-to-month,1,30.05,953,1532.55,0,0.2654,0.16,0.113147393,19%
5360-XGYAZ,Male,0,1,1,72,Two year,0,65.65,3946,4726.8,0,0.2654,0,0.012073226,1%
9692-TUSXH,Female,0,0,0,18,Month-to-month,2,96.05,1256,1728.9,1,0.2654,0.795,0.530977281,59%
7912-SYRQT,Female,0,0,0,7,Month-to-month,0,75.1,4587,525.7,1,0.2654,0.435,0.67510425,43%
3557-HTYWR,Female,0,0,0,47,Two year,3,74.05,3027,3480.35,0,0.2654,0.01,0.018189668,1%
4816-JBHOV,Male,1,0,0,2,Month-to-month,2,44.7,6394,89.4,1,0.2654,0.89,0.530537188,72%
8920-NAVAY,Male,1,0,0,62,One year,0,110.75,5547,6866.5,0,0.2654,0.075,0.213039952,6%
1699-TLDLZ,Female,0,1,1,16,Two year,3,19.7,2608,315.2,0,0.2654,0.005,0.024675567,1%
5600-PDUJF,Male,0,0,0,6,Month-to-month,1,49.5,2710,297,0,0.2654,0.175,0.3108616,31%
8292-TYSPY,Male,0,0,0,19,Month-to-month,1,55,90,1045,1,0.2654,0.135,0.191309163,11%
0567-XRHCU,Female,0,1,1,69,Two year,1,43.95,2556,3032.55,0,0.2654,0.03,0.013649897,2%
1867-BDVFH,Male,0,1,1,11,Month-to-month,2,74.35,6156,817.85,1,0.2654,0.855,0.63617068,68%
2067-QYTCF,Female,0,1,0,64,Month-to-month,2,111.15,5478,7113.6,0,0.2654,0.1,0.363163184,15%
2359-QWQUL,Female,0,1,0,39,One year,1,104.7,3528,4083.3,1,0.2654,0.73,0.183078489,36%
9103-TCIHJ,Female,0,0,0,15,Month-to-month,3,55.7,6320,835.5,1,0.2654,0.22,0.348322301,21%
7407-SUJIZ,Male,0,0,0,25,Month-to-month,3,20.6,4499,515,0,0.2654,0.005,0.089028805,2%
9150-KPBJQ,Female,0,0,0,6,Two year,1,19.65,300,117.9,0,0.2654,0.025,0.03662608,1%
0052-DCKON,Male,0,1,0,66,One year,0,115.8,5992,7642.8,0,0.2654,0.21,0.097570154,52%
3654-ARMGP,Female,0,0,0,61,Two year,1,88.65,4449,5407.65,0,0.2654,0.005,0.027330676,0%
9699-UBQFS,Female,1,1,0,43,Month-to-month,2,94.5,3553,4063.5,0,0.2654,0.145,0.368846537,28%
9367-TCUYN,Female,0,0,0,12,Month-to-month,3,20.1,1863,241.2,0,0.2654,0,0.139897705,7%
1261-FWTTE,Male,1,0,0,23,Month-to-month,0,34.65,5860,796.95,0,0.2654,0.23,0.501452913,46%
3528-HFRIQ,Male,1,1,0,71,Month-to-month,0,52.3,3230,3713.3,0,0.2654,0.24,0.120507619,12%
0708-SJDIS,Female,0,0,0,34,Month-to-month,3,65,1772,2210,0,0.2654,0.1,0.171815063,16%
4140-WJAWW,Female,0,0,0,5,Month-to-month,1,19.85,156,99.25,1,0.2654,0.685,0.157898711,34%
2073-QBVBI,Female,0,1,0,41,One year,3,35.45,716,1453.45,0,0.2654,0.05,0.052794678,4%
6928-ONTRW,Female,0,1,1,72,Two year,1,19.7,686,1418.4,0,0.2654,0,0.001508765,0%
3320-VEOYC,Male,1,0,0,14,Month-to-month,2,95.6,502,1338.4,0,0.2654,0.26,0.737669896,51%
5231-FIQPA,Female,0,0,0,41,Two year,3,19.85,6063,813.85,0,0.2654,0.005,0.014755406,1%
6617-WLBQC,Female,0,1,1,23,One year,1,81.85,1364,1882.55,0,0.2654,0.095,0.175069006,7%
2599-CIPQE,Male,0,1,1,71,Two year,1,109.3,5902,7760.3,0,0.2654,0.105,0.025092945,7%
6653-CBBOM,Female,0,0,0,1,Month-to-month,2,70.3,5507,70.3,1,0.2654,0.96,0.69315195,81%
8774-GSBUN,Male,0,1,0,72,Two year,3,25.4,1337,1828.8,0,0.2654,0,0.002854253,0%
7326-RIGQZ,Male,0,1,1,6,Month-to-month,2,69.8,3235,418.8,0,0.2654,0.24,0.580549543,43%
1401-FTHFQ,Male,0,1,1,23,One year,1,20,3776,460,0,0.2654,0,0.048362947,2%
3247-ZVOUO,Male,1,1,0,10,Month-to-month,2,85.55,6216,855.5,1,0.2654,0.82,0.720736726,70%
0254-FNMCI,Female,0,0,0,72,Two year,2,109.9,5840,7912.8,0,0.2654,0.08,0.043213997,1%
1848-LBZHY,Female,0,1,0,7,Month-to-month,0,50.3,3075,352.1,0,0.2654,0.07,0.294620067,19%
6101-IMRMM,Male,0,0,1,6,Month-to-month,3,94.5,4748,567,1,0.2654,0.85,0.627825221,67%
8118-TJAFG,Male,0,1,1,9,Month-to-month,2,101.5,6337,913.5,0,0.2654,0.23,0.589349257,26%
5429-LWCMV,Female,0,0,0,12,Month-to-month,2,89.15,109,1069.8,0,0.2654,0.255,0.63216549,70%
7298-IZWLY,Female,0,0,0,1,Month-to-month,3,19.4,1482,19.4,0,0.2654,0.18,0.266805766,32%
9758-MFWGD,Female,1,1,1,48,One year,0,29.9,703,1435.2,0,0.2654,0.09,0.044743831,16%
3955-JBZZM,Male,0,0,0,20,Month-to-month,2,78.8,1117,1576,0,0.2654,0.33,0.436101353,31%
1268-ASBGA,Female,1,1,0,16,Month-to-month,1,85.35,677,1365.6,1,0.2654,0.58,0.691590284,59%
8943-URTMR,Female,0,0,0,2,Month-to-month,3,79.65,940,159.3,1,0.2654,0.82,0.679930014,64%
4815-TUMEQ,Female,0,0,0,10,One year,3,19.3,1412,193,0,0.2654,0.03,0.098376384,6%
4713-LZDRV,Female,1,0,0,2,Month-to-month,2,79.6,1551,159.2,1,0.2654,0.975,0.734607133,81%
9909-IDLEK,Male,0,1,1,20,Month-to-month,3,96.8,1380,1936,0,0.2654,0.075,0.379840498,18%
4092-OFQZS,Male,0,1,0,20,One year,3,20.65,3563,413,0,0.2654,0,0.05306433,1%
1561-BWHIN,Male,0,1,1,19,One year,3,19.8,2980,376.2,0,0.2654,0,0.04452687,3%
4325-NFSKC,Male,1,0,0,19,Month-to-month,2,90.6,1145,1721.4,1,0.2654,0.815,0.538781855,53%
9927-DSWDF,Male,0,1,0,22,Month-to-month,2,104.6,1795,2301.2,0,0.2654,0.125,0.372059468,37%
9500-LTVBP,Female,0,0,0,35,Month-to-month,1,80.05,2449,2801.75,0,0.2654,0.595,0.288113332,36%
7252-NTGSS,Female,0,0,0,1,Month-to-month,3,45.15,3813,45.15,0,0.2654,0.61,0.413164987,54%
8149-AIQCG,Male,0,0,0,39,Month-to-month,1,73.15,2378,2852.85,0,0.2654,0.12,0.377176012,42%
1360-JYXKQ,Female,1,1,0,54,One year,2,99.1,4518,5351.4,0,0.2654,0.215,0.223536153,27%
2955-PSXOE,Female,0,0,0,1,Month-to-month,0,20.2,1610,20.2,1,0.2654,0.875,0.244226718,53%
7762-URZQH,Male,0,1,0,66,Two year,1,106.05,5489,6999.3,1,0.2654,0.695,0.095852206,54%
0899-WZRSD,Male,0,0,0,56,Month-to-month,3,105.35,4777,5899.6,0,0.2654,0.09,0.319155607,10%
3255-GRXMG,Male,0,0,1,18,Month-to-month,1,45.65,5757,821.7,0,0.2654,0.075,0.283429883,19%
4828-FAZPK,Female,0,1,1,16,Month-to-month,1,79.95,491,1279.2,0,0.2654,0.2,0.486811918,32%
6094-ZIVKX,Female,0,0,0,68,One year,1,54.45,3169,3702.6,0,0.2654,0.03,0.017689801,3%
6925-BAYGL,Female,1,1,0,53,Two year,1,25.1,505,1330.3,0,0.2654,0,0.007184372,3%
3262-EIDHV,Female,0,1,1,72,Two year,1,84.7,4834,6098.4,0,0.2654,0.005,0.011452424,1%
7354-OIJLX,Male,0,0,0,9,Month-to-month,2,75.85,5638,682.65,0,0.2654,0.605,0.686874855,64%
1376-HHBDV,Female,0,0,0,30,Month-to-month,3,48.8,965,1464,0,0.2654,0.035,0.140032741,7%
6907-NZZIJ,Female,0,0,0,36,Month-to-month,2,99.15,3124,3569.4,1,0.2654,0.745,0.555947103,61%
6133-OZILE,Female,0,0,0,18,Month-to-month,2,35.2,4961,633.6,0,0.2654,0.275,0.37436284,40%
4135-FRWKJ,Female,1,1,1,55,One year,2,76.25,3550,4193.75,0,0.2654,0.11,0.033325982,5%
2911-UREFD,Female,0,1,0,39,Month-to-month,2,55.9,1798,2180.1,1,0.2654,0.75,0.21133674,51%
3744-ZRRDZ,Male,0,0,0,21,Month-to-month,2,82.35,1418,1729.35,1,0.2654,0.885,0.512506249,60%
5673-TIYIB,Male,0,0,0,2,Month-to-month,1,40.4,5865,80.8,1,0.2654,0.605,0.484335888,55%
6551-ZCOTS,Male,1,0,0,33,One year,0,24.9,6199,821.7,0,0.2654,0.03,0.059244348,3%
7191-ADRGF,Male,0,1,0,44,Two year,0,54.3,2029,2389.2,0,0.2654,0.065,0.04873562,3%
5018-LXQQG,Female,0,1,1,30,Month-to-month,0,66.3,1521,1989,0,0.2654,0.08,0.09085722,8%
6892-BOGQE,Female,0,1,0,71,Two year,0,20.9,888,1483.9,0,0.2654,0,0.002641382,0%
1602-IJQQE,Female,0,0,0,4,Month-to-month,2,75.35,2933,301.4,1,0.2654,0.915,0.628543889,71%
4628-WQCQQ,Male,0,0,1,35,One year,2,85.15,2636,2980.25,1,0.2654,0.255,0.222538397,29%
1746-TGTWV,Male,0,1,0,1,Month-to-month,1,75.35,5770,75.35,0,0.2654,0.29,0.599828068,58%
5995-SNNEW,Male,1,1,0,23,Month-to-month,2,104.45,1800,2402.35,0,0.2654,0.26,0.659961181,64%
8050-WYBND,Female,0,0,1,22,One year,1,49.45,66,1087.9,0,0.2654,0.085,0.25617016,14%
2821-WARNZ,Female,0,0,1,49,One year,1,19.45,6373,953.05,0,0.2654,0,0.012142591,1%
4879-GZLFH,Female,0,1,1,42,Month-to-month,2,92.15,3315,3870.3,0,0.2654,0.265,0.426341573,31%
1644-IRKSF,Female,0,1,1,33,One year,2,93.8,2715,3095.4,1,0.2654,0.4,0.312122795,20%
8314-HTWVE,Female,0,1,1,7,Two year,3,19.85,809,138.95,0,0.2654,0.04,0.034230274,2%
9402-ROUMJ,Female,0,1,1,67,One year,0,100.25,5308,6716.75,0,0.2654,0.165,0.089216585,14%
2507-QZPQS,Male,0,0,0,15,Month-to-month,2,95.7,836,1435.5,0,0.2654,0.175,0.453461284,26%
7159-NOKYQ,Male,0,1,0,67,Two year,2,93.15,5134,6241.05,0,0.2654,0.025,0.082461033,6%
5707-ZMDJP,Male,0,1,1,53,Two year,3,69.7,3210,3694.1,0,0.2654,0.04,0.011311424,1%
8779-YIQQA,Male,0,1,1,21,One year,3,19.8,3037,415.8,0,0.2654,0,0.0408125,2%
7136-IHZJA,Female,0,1,1,40,Month-to-month,3,71.35,2460,2854,0,0.2654,0.06,0.091967608,12%
8966-OIQHG,Female,0,1,1,22,One year,0,20.75,3845,456.5,0,0.2654,0,0.037839174,4%
7074-STDCN,Male,0,0,0,39,Month-to-month,2,40.6,891,1583.4,0,0.2654,0.025,0.216577415,12%
3705-PSNGL,Male,0,0,0,45,One year,2,20.4,6398,918,1,0.2654,0.63,0.024817912,6%
8739-QOTTN,Female,0,1,0,2,Month-to-month,3,20.35,3493,40.7,0,0.2654,0.025,0.226006628,9%
1399-OUPJN,Female,0,1,1,57,Two year,0,19.75,501,1125.75,0,0.2654,0,0.002882725,2%
0277-BKSQP,Male,0,1,1,8,Month-to-month,2,54.4,4021,435.2,0,0.2654,0.13,0.406220489,29%
6502-HCJTI,Male,1,1,0,7,Month-to-month,1,94.7,5335,662.9,1,0.2654,0.895,0.647129816,67%
2606-RMDHZ,Male,0,0,0,6,Month-to-month,1,30.5,1708,183,1,0.2654,0.77,0.488730585,62%
5774-XZTQC,Female,0,1,1,7,Month-to-month,3,20.45,905,143.15,0,0.2654,0.02,0.145612262,10%
2676-SSLTO,Male,0,0,0,49,Two year,0,66.15,2779,3241.35,0,0.2654,0.01,0.031240318,1%
6266-QHOJZ,Female,0,0,0,65,One year,2,89.85,4812,5840.25,0,0.2654,0.105,0.065160789,9%
7269-JISCY,Female,0,0,0,55,One year,0,45.05,2116,2477.75,0,0.2654,0.03,0.027873258,6%
0363-SVHYR,Male,0,1,1,71,Two year,0,86.85,5073,6166.35,0,0.2654,0,0.00873363,0%
8547-NSBBO,Male,0,0,0,35,Month-to-month,3,96.75,2949,3386.25,0,0.2654,0.08,0.264006138,13%
8258-GSTJK,Male,1,0,0,3,Month-to-month,2,77,2011,231,1,0.2654,0.97,0.730322672,84%
6861-OKBCE,Female,0,0,1,11,Month-to-month,1,20.1,1843,221.1,1,0.2654,0.04,0.114553034,7%
9940-RHLFB,Female,0,0,0,1,Month-to-month,2,75.3,5769,75.3,1,0.2654,0.455,0.614340182,70%
6591-QGOYB,Male,0,0,0,17,Month-to-month,0,106.65,1157,1813.05,0,0.2654,0.125,0.364820965,32%
9070-BCKQP,Female,0,1,0,72,Two year,1,110.15,5953,7930.8,0,0.2654,0.02,0.066543396,1%
6421-SZVEM,Female,0,1,1,28,One year,0,82.85,1959,2319.8,0,0.2654,0.075,0.187696926,14%
1328-EUZHC,Female,0,1,0,18,Two year,3,20.1,3192,361.8,0,0.2654,0,0.027869744,0%
2995-UPRYS,Female,1,1,0,40,One year,1,99.2,3474,3968,1,0.2654,0.155,0.246485135,15%
8878-RYUKI,Female,0,0,0,52,Month-to-month,2,59.45,2644,3091.4,0,0.2654,0.14,0.142337459,31%
9633-DENPU,Female,0,1,0,47,Month-to-month,0,58.6,2366,2754.2,0,0.2654,0.21,0.119693696,25%
7811-JIVPF,Female,0,0,0,23,Month-to-month,1,49.7,162,1143.1,0,0.2654,0.07,0.176011103,13%
7113-HIPFI,Male,0,1,1,66,Two year,3,65.85,3491,4346.1,0,0.2654,0,0.00420458,1%
8541-QVFKM,Female,0,0,0,8,Month-to-month,2,73.5,5108,588,0,0.2654,0.365,0.68574911,69%
6686-YPGHK,Male,1,0,0,47,Month-to-month,3,85.5,3459,4018.5,1,0.2654,0.705,0.262232334,39%
1383-EZRWL,Female,0,0,0,7,Month-to-month,3,20.05,1115,140.35,1,0.2654,0.065,0.16518622,6%
9258-CNWAC,Female,0,1,1,71,Two year,1,113.65,6087,8069.15,0,0.2654,0,0.036131467,2%
5371-VYLSX,Female,1,0,0,50,Month-to-month,2,83.4,3507,4170,0,0.2654,0.16,0.251323487,35%
6374-AFWOX,Male,0,1,0,46,Two year,3,65.65,2649,3019.9,0,0.2654,0.01,0.009702895,1%
4759-TRPLW,Male,0,0,0,1,Month-to-month,2,70.4,5509,70.4,1,0.2654,0.885,0.610022067,79%
5317-FLPJF,Female,0,0,0,66,Two year,0,61.35,3586,4049.1,0,0.2654,0.005,0.020392493,1%
7621-VPNET,Female,0,1,0,42,Month-to-month,1,85.9,3211,3607.8,0,0.2654,0.185,0.332988395,19%
6034-YMTOB,Female,0,0,0,5,Month-to-month,3,75.65,3406,378.25,0,0.2654,0.13,0.567541228,24%
8563-IIOXK,Male,0,1,1,7,One year,2,49.75,2873,348.25,1,0.2654,0.095,0.141756286,7%
4903-CNOZC,Male,0,0,0,29,One year,1,70.9,1570,2056.1,0,0.2654,0.06,0.117988524,4%
4353-HYOJD,Female,0,1,1,27,Month-to-month,3,49.85,607,1345.95,0,0.2654,0.08,0.131532657,7%
8020-BWHYL,Female,1,0,0,15,Month-to-month,1,75.3,281,1129.5,1,0.2654,0.46,0.503175057,42%
7267-FRMJW,Female,0,1,1,25,Two year,3,20.1,4100,502.5,0,0.2654,0,0.017736693,0%
2982-VPSGI,Female,0,1,0,11,Month-to-month,2,94,152,1034,1,0.2654,0.97,0.725551885,92%
4188-FRABG,Male,0,1,0,57,Month-to-month,2,103.05,4860,5873.85,0,0.2654,0.15,0.198509745,27%
8199-ZLLSA,Male,0,0,0,67,One year,0,118.35,5921,7929.45,1,0.2654,0.82,0.134936304,83%
4128-ETESU,Female,1,1,0,47,Month-to-month,2,99.7,4014,4685.9,0,0.2654,0.495,0.504090746,59%
0620-DLSLK,Female,0,0,0,13,Month-to-month,3,81.9,60,1064.7,0,0.2654,0.265,0.602065109,35%
4625-EWPTF,Male,0,0,0,8,Month-to-month,2,30.45,1895,243.6,1,0.2654,0.295,0.414168984,43%
5980-NOPLP,Female,0,1,0,44,Month-to-month,2,96.1,3707,4228.4,1,0.2654,0.825,0.568016745,58%
3850-OKINF,Male,0,1,1,71,One year,2,66.2,3974,4700.2,0,0.2654,0.07,0.028364849,3%
6892-XPFPU,Male,1,1,0,24,Month-to-month,2,104.25,2082,2502,1,0.2654,0.815,0.655965336,72%
8010-EZLOU,Male,1,0,0,15,Month-to-month,2,80.2,398,1203,1,0.2654,0.88,0.573753274,69%
1156-ZFYDO,Female,0,0,0,1,Month-to-month,2,19.75,1489,19.75,0,0.2654,0.065,0.201787731,32%
3295-YVUSR,Male,1,0,0,2,Month-to-month,3,72.6,972,145.2,0,0.2654,0.26,0.716045349,46%
8016-NCFVO,Male,1,0,0,55,Month-to-month,2,116.5,5146,6407.5,0,0.2654,0.26,0.341654043,28%
4119-ZYPZY,Male,1,0,0,71,Two year,2,106.8,5839,7582.8,0,0.2654,0.05,0.099782424,21%
5549-ZGHFB,Male,0,1,1,50,Two year,3,24.95,478,1247.5,0,0.2654,0,0.006108008,1%
7577-SWIFR,Male,0,0,0,1,Month-to-month,2,89.25,6298,89.25,0,0.2654,0.32,0.773804568,82%
0303-WMMRN,Male,0,0,0,5,Month-to-month,3,19.25,6240,96.25,0,0.2654,0.125,0.266461166,7%
6408-OTUBZ,Female,0,0,0,66,One year,0,104.55,5360,6900.3,0,0.2654,0.02,0.082642428,7%
5204-HMGYF,Female,0,1,1,49,One year,3,87.2,3692,4272.8,0,0.2654,0.02,0.048349246,8%
1078-TDCRN,Female,1,1,0,3,Month-to-month,2,30.75,6102,92.25,0,0.2654,0.205,0.645318857,42%
3727-OVPRY,Male,0,1,1,66,One year,1,25.7,1216,1696.2,0,0.2654,0.005,0.008562924,1%
3797-FKOGQ,Male,0,0,1,11,Month-to-month,2,86.2,6312,948.2,0,0.2654,0.175,0.637311751,41%
7622-NXQZR,Male,0,0,0,28,Month-to-month,1,30.1,6065,842.8,0,0.2654,0.075,0.272569296,12%
6196-HBOBZ,Male,0,1,0,65,Two year,2,99.35,5125,6457.75,0,0.2654,0.035,0.056725878,9%
3970-XGJDU,Female,0,0,0,62,Two year,1,19.2,236,1190.4,0,0.2654,0.01,0.003708638,1%
7017-VFULY,Female,0,1,0,2,Month-to-month,0,20.1,3657,40.2,0,0.2654,0.025,0.202332762,10%
5562-YJQGT,Female,0,0,0,2,Month-to-month,1,20.35,3030,40.7,0,0.2654,0.08,0.20100477,12%
8807-OPMBM,Female,0,1,1,55,Two year,1,25.65,701,1410.75,0,0.2654,0.045,0.006629328,3%
5439-WIKXB,Male,1,1,0,41,Month-to-month,2,94.55,3298,3876.55,0,0.2654,0.15,0.487349412,27%
9874-QLCLH,Female,0,1,1,17,Month-to-month,2,104.2,1263,1771.4,1,0.2654,0.56,0.554337801,54%
8294-UIMBA,Female,0,0,0,30,One year,0,94.4,2285,2832,0,0.2654,0.05,0.272967319,19%
8109-YUOHE,Male,0,0,0,17,One year,3,56.1,6433,953.7,0,0.2654,0.045,0.091996301,2%
5840-NVDCG,Female,0,1,1,16,Two year,0,68.25,221,1092,0,0.2654,0.065,0.024585849,1%
8092-NLTGF,Male,0,0,0,72,Two year,0,24.75,1302,1782,0,0.2654,0.005,0.0023341,0%
5928-QLDHB,Male,0,0,0,9,Month-to-month,2,76.25,5400,686.25,0,0.2654,0.575,0.686463357,67%
9840-EFJQB,Female,0,0,0,1,Month-to-month,2,74.35,5718,74.35,0,0.2654,0.33,0.5701944,69%
0696-UKTOX,Male,0,0,1,23,Month-to-month,2,54.15,574,1245.45,0,0.2654,0.07,0.09888404,9%
4801-KFYKL,Male,0,0,1,8,Month-to-month,0,19.45,1043,155.6,0,0.2654,0.09,0.113785656,10%
3472-OAOOR,Male,0,1,1,19,Month-to-month,3,34.95,4986,664.05,0,0.2654,0.16,0.274929056,9%
6135-OZQVA,Female,0,0,0,7,Month-to-month,2,53.65,3455,375.55,0,0.2654,0.045,0.363414684,18%
8062-YBDOE,Male,1,0,0,1,Month-to-month,2,69.65,5449,69.65,1,0.2654,0.995,0.71443133,90%
2252-JHJGE,Male,0,0,0,61,One year,2,104,5131,6344,0,0.2654,0.1,0.148973987,28%
4188-PCPIG,Female,0,1,0,57,Two year,1,70.35,3518,4009.95,0,0.2654,0.065,0.011645432,2%
6000-APYLU,Male,0,0,0,9,Month-to-month,2,80.8,5591,727.2,1,0.2654,0.835,0.692582743,63%
7105-BENQF,Male,0,0,1,15,One year,3,64.85,6449,972.75,0,0.2654,0.045,0.124607706,14%
7721-DVEKZ,Female,0,0,0,1,Month-to-month,3,19.65,1487,19.65,0,0.2654,0.0325,0.209192728,28%
3566-VVORZ,Female,0,1,0,12,Month-to-month,0,45.9,4278,550.8,0,0.2654,0.085,0.295572485,26%
9507-HSMMZ,Male,0,0,0,54,Two year,3,20,284,1080,0,0.2654,0,0.004233438,1%
2480-SQIOB,Male,0,1,1,4,Month-to-month,2,44.8,1188,179.2,0,0.2654,0.115,0.299037258,50%
0947-IDHRQ,Female,0,0,0,7,Month-to-month,3,80.3,4400,562.1,1,0.2654,0.8,0.685505647,54%
7813-TKCVO,Female,0,1,0,20,One year,3,20.35,3361,407,0,0.2654,0.005,0.054431664,1%
0128-MKWSG,Female,0,0,1,26,Month-to-month,3,45.8,280,1190.8,0,0.2654,0.085,0.16618204,10%
3672-YITQD,Male,1,1,0,36,Month-to-month,2,84.1,2625,3027.6,1,0.2654,0.925,0.562856612,77%
4350-ZTLPI,Female,0,1,0,53,One year,0,108.95,4719,5774.35,0,0.2654,0.035,0.21753051,23%
9048-JVYVF,Male,0,0,0,3,Month-to-month,2,69.35,1510,208.05,1,0.2654,0.655,0.440851342,50%
0361-HJRDX,Female,0,0,0,68,Two year,1,64.35,3865,4375.8,0,0.2654,0.02,0.012121096,1%
5727-MYATE,Male,0,1,1,72,Two year,1,90.8,5157,6537.6,0,0.2654,0,0.014386156,0%
3823-KYNQY,Male,0,0,0,12,One year,1,24.95,2429,299.4,0,0.2654,0.04,0.080679901,5%
8988-ECPJR,Female,1,1,1,34,Month-to-month,3,79.6,2357,2706.4,1,0.2654,0.755,0.428402675,56%
7570-WELNY,Female,0,1,0,68,Two year,0,84.7,4715,5759.6,0,0.2654,0,0.034776117,2%
3021-VLNRJ,Female,0,0,1,50,One year,1,70.8,3012,3540,0,0.2654,0.03,0.029742258,8%
3776-EKTKM,Female,1,0,0,1,Month-to-month,2,36.45,3113,36.45,1,0.2654,0.975,0.707635043,85%
2080-CAZNM,Female,1,0,0,41,Month-to-month,2,104.4,3526,4280.4,0,0.2654,0.285,0.572655085,64%
1028-FFNJK,Male,1,1,0,30,Month-to-month,2,101.5,2521,3045,0,0.2654,0.21,0.601832198,55%
6907-FLBER,Male,0,0,0,1,Month-to-month,2,54.3,4486,54.3,0,0.2654,0.25,0.409828295,42%
3001-UNBTL,Male,1,1,1,29,Month-to-month,2,103.95,2561,3014.55,0,0.2654,0.725,0.659245077,68%
5982-PSMKW,Female,0,1,1,23,Two year,1,91.1,1819,2095.3,0,0.2654,0.01,0.052228338,1%
3507-GASNP,Male,0,0,1,60,Two year,3,19.95,351,1197,0,0.2654,0,0.002679453,1%
7096-ZNBZI,Female,0,1,0,72,Two year,1,26.45,1516,1904.4,0,0.2654,0,0.002855871,0%
1902-XBTFB,Male,0,0,1,22,Month-to-month,2,89.4,1629,1966.8,1,0.2654,0.4,0.421589451,47%
1676-MQAOA,Male,0,0,0,72,Two year,0,75.1,4460,5407.2,0,0.2654,0.01,0.006729872,0%
0786-IVLAW,Female,1,0,0,66,One year,0,108.1,5637,7134.6,0,0.2654,0.18,0.213040165,10%
7566-DSRLQ,Female,0,1,0,72,Two year,2,110.15,6012,7930.8,0,0.2654,0.015,0.089355991,2%
0643-OKLRP,Female,1,1,0,47,Month-to-month,2,80.35,3275,3776.45,1,0.2654,0.385,0.25018951,34%
7245-JMTTQ,Female,0,0,0,51,One year,2,111.5,4706,5686.5,0,0.2654,0.11,0.254047608,32%
6050-IJRHS,Female,0,1,1,70,One year,2,106.5,5712,7455,0,0.2654,0.06,0.204255943,19%
6202-JVYEU,Male,0,0,0,9,One year,2,19.9,1114,179.1,0,0.2654,0.01,0.094396746,3%
8591-TKMZH,Male,0,1,1,59,Two year,3,111.1,5239,6554.9,0,0.2654,0.07,0.068551951,3%
0734-OXWBT,Male,0,0,1,3,Month-to-month,3,70.7,1886,212.1,0,0.2654,0.115,0.344260368,27%
4282-ACRXS,Male,1,1,0,38,Month-to-month,2,24.85,6457,944.3,0,0.2654,0.16,0.298651343,33%
0365-TRTPY,Female,0,0,0,37,Month-to-month,0,91.2,2935,3374.4,0,0.2654,0.335,0.230784961,11%
7349-ALMUX,Male,0,0,0,37,Two year,0,65.6,1950,2427.2,0,0.2654,0.01,0.010822368,1%
9381-NDKME,Female,1,1,0,24,Month-to-month,1,40.65,6404,975.6,1,0.2654,0.805,0.532989964,81%
6502-KUGLL,Female,0,1,1,14,Month-to-month,0,59.45,5920,832.3,0,0.2654,0.075,0.112927917,9%
1841-YSJGV,Male,0,1,0,72,Two year,1,109.95,5936,7916.4,0,0.2654,0.005,0.054480005,1%
2794-XIMMO,Male,0,1,0,53,One year,2,60.45,2768,3203.85,1,0.2654,0.09,0.087687514,27%
8382-SHQEH,Female,0,1,0,8,Month-to-month,2,84.9,5846,679.2,1,0.2654,0.885,0.765044895,88%
3511-BFTJW,Male,0,1,1,72,Two year,1,38.5,2400,2772,0,0.2654,0.005,0.004658531,0%
7668-XCFYV,Female,1,1,0,17,Month-to-month,2,92.55,1078,1573.35,0,0.2654,0.14,0.725619226,40%
2983-ZANRP,Female,0,1,1,2,Month-to-month,0,73.55,835,147.1,1,0.2654,0.81,0.517676069,78%
7845-URHJN,Female,0,1,0,8,Month-to-month,0,20.15,1005,161.2,1,0.2654,0.65,0.14400867,28%
3034-ZBEQN,Female,0,1,0,48,One year,3,34.7,1063,1665.6,1,0.2654,0.6,0.053565801,9%
5018-HEKFO,Female,0,0,0,10,Month-to-month,3,24.5,2347,245,0,0.2654,0.03,0.246712191,12%
2923-ARZLG,Male,0,1,1,0,One year,3,19.7,0,0,0,0.2654,0.065,0.119252008,5%
3976-NLDEZ,Male,0,0,0,1,Month-to-month,3,20.6,1618,20.6,0,0.2654,0.178,0.206377834,26%
2282-YGNOR,Female,0,0,0,29,One year,1,58,1244,1682,0,0.2654,0.015,0.035167147,2%
5336-UFNZP,Female,1,1,1,65,One year,2,107.45,5542,6984.25,0,0.2654,0.2,0.261235837,16%
6854-EXGSF,Female,0,0,0,8,Month-to-month,0,65.5,4729,524,0,0.2654,0.065,0.30934047,8%
1241-EZFMJ,Male,0,1,0,61,Two year,0,25.45,968,1552.45,0,0.2654,0,0.004010199,0%
9233-PSYHO,Female,1,0,0,45,One year,0,100.15,3786,4506.75,0,0.2654,0.07,0.376972565,23%
5376-PCKNB,Male,0,1,1,72,One year,1,104.45,5750,7520.4,0,0.2654,0.045,0.170220379,6%
8044-BGWPI,Male,0,1,1,12,Month-to-month,2,21.15,2659,253.8,0,0.2654,0.075,0.158851486,16%
4060-LDNLU,Male,0,0,0,7,Month-to-month,2,96.2,5153,673.4,0,0.2654,0.885,0.728248394,84%
3589-PPVKW,Male,0,0,0,9,Month-to-month,3,44.4,3015,399.6,0,0.2654,0.14,0.388383752,22%
8327-LZKAS,Female,1,1,0,43,One year,2,107.55,3860,4624.65,1,0.2654,0.315,0.365856233,46%
5887-IKKYO,Male,0,1,1,58,Two year,0,94.35,4611,5472.3,0,0.2654,0.045,0.052269539,5%
1075-BGWOH,Male,1,1,0,16,Month-to-month,2,98.75,1038,1580,1,0.2654,0.87,0.724539025,74%
1755-RMCXH,Male,0,1,1,2,Month-to-month,3,20.3,3415,40.6,0,0.2654,0.03,0.188414075,9%
0302-JOIVN,Female,0,1,0,8,Month-to-month,2,101.15,6184,809.2,1,0.2654,0.89,0.644880178,82%
3858-XHYJO,Female,0,1,0,40,One year,0,105.75,3609,4230,0,0.2654,0.205,0.225767144,38%
4299-SIMNS,Male,0,0,0,9,Month-to-month,2,81.15,5928,730.35,0,0.2654,0.15,0.587063342,43%
7025-IWFHT,Male,0,0,0,41,One year,2,89.55,3211,3671.55,0,0.2654,0.065,0.15193008,8%
6261-LHRTG,Female,0,0,0,26,Month-to-month,1,54.75,744,1423.5,0,0.2654,0.045,0.186524677,13%
7841-FCRQD,Female,0,1,0,33,One year,1,53.75,1422,1773.75,0,0.2654,0.04,0.056909799,3%
2056-EVGZL,Male,0,1,1,68,One year,1,105.75,5680,7191,0,0.2654,0.065,0.084610743,25%
8777-MBMTS,Female,1,1,0,65,Two year,1,105.85,5334,6880.25,0,0.2654,0.01,0.084775964,6%
7753-USQYQ,Male,0,0,0,55,One year,2,64.2,3136,3531,0,0.2654,0.045,0.040404104,11%
5366-IJEQJ,Male,0,0,0,20,Month-to-month,2,88.7,1288,1774,1,0.2654,0.815,0.585242321,69%
7661-CPURM,Male,0,0,0,19,One year,1,87.7,1232,1666.3,0,0.2654,0.06,0.302873486,8%
6233-HXJMX,Female,0,0,0,45,Month-to-month,1,89.3,3585,4018.5,0,0.2654,0.38,0.461632807,32%
5902-WBLSE,Female,0,1,1,70,Two year,1,20.15,752,1410.5,0,0.2654,0,0.002340122,0%
1981-INRFU,Female,0,0,0,2,Month-to-month,2,79.75,1113,159.5,1,0.2654,0.925,0.671847705,78%
4971-PUYQO,Female,0,0,0,27,Month-to-month,3,94.55,2369,2552.85,1,0.2654,0.475,0.658590537,41%
3239-TPHPZ,Female,0,1,0,12,Two year,2,20.05,2286,240.6,0,0.2654,0,0.045655966,1%
5115-GZDEL,Male,0,0,1,72,Two year,1,67.2,3955,4838.4,0,0.2654,0.005,0.009472834,0%
3338-CVVEH,Male,0,0,0,12,Month-to-month,2,94.55,324,1134.6,0,0.2654,0.22,0.63770147,57%
8485-GJCDN,Female,1,0,0,5,Month-to-month,3,69.05,2761,345.25,1,0.2654,0.49,0.673608603,36%
2615-YVMYX,Male,1,1,0,71,Month-to-month,2,107.5,5876,7632.5,0,0.2654,0.1,0.301286538,14%
2851-STERV,Male,1,0,0,35,One year,2,73,2122,2555,0,0.2654,0.09,0.122892282,17%
4393-GEADV,Male,0,1,1,70,Two year,1,114.75,5930,8032.5,0,0.2654,0.03,0.03664156,9%
8486-AYEQH,Female,0,0,0,31,Month-to-month,2,76.05,1860,2357.55,0,0.2654,0.475,0.480653519,60%
1527-SXDPN,Male,0,1,1,52,Two year,0,96.25,4219,5005,1,0.2654,0.585,0.086725594,29%
6029-WTIPC,Male,1,0,0,37,Month-to-month,2,101.1,3221,3740.7,1,0.2654,0.87,0.632328018,66%
8634-CILSZ,Male,0,0,0,69,One year,0,104.7,5630,7224.3,1,0.2654,0.61,0.151055401,43%
5419-JKZNQ,Male,1,1,0,30,Month-to-month,3,77.9,1993,2337,0,0.2654,0.12,0.472662048,31%
2495-KZNFB,Female,0,0,0,33,Month-to-month,2,90.65,2582,2991.45,0,0.2654,0.405,0.453839628,40%
1409-PHXTF,Male,1,1,0,54,Two year,2,110.45,4964,5964.3,0,0.2654,0.18,0.141863947,15%
4560-WQAQW,Female,0,0,0,59,One year,0,68.7,3480,4053.3,0,0.2654,0.03,0.025982071,4%
9591-YVTEB,Male,1,0,0,55,Month-to-month,2,44.85,2126,2466.75,0,0.2654,0.14,0.108469494,25%
9309-BZGNT,Male,1,1,0,69,One year,1,29.8,1754,2056.2,0,0.2654,0.05,0.036267398,2%
4274-DRSQT,Female,0,0,0,66,One year,0,88.9,4917,5867.4,0,0.2654,0.02,0.138326839,7%
2027-DNKIV,Male,0,1,1,37,One year,3,58.75,1834,2173.75,0,0.2654,0.06,0.03448025,5%
8075-GXIUB,Male,1,1,0,9,One year,1,19.85,1381,178.65,0,0.2654,0.06,0.081194586,4%
2885-HIJDH,Male,0,1,1,69,Two year,0,86.9,5038,5996.1,0,0.2654,0,0.012599459,2%
5424-RLQLC,Male,0,0,0,10,Month-to-month,3,59.65,5144,596.5,0,0.2654,0.045,0.405236124,16%
6682-QJDGB,Male,0,0,1,40,Month-to-month,3,55.25,1758,2210,1,0.2654,0.655,0.075912394,28%
6507-DTJZV,Male,0,0,1,13,Month-to-month,1,66.4,6141,863.2,0,0.2654,0.245,0.375754657,18%
8780-IXSTS,Female,0,0,0,6,Month-to-month,2,90.1,4364,540.6,1,0.2654,0.805,0.697247222,65%
7673-BQGKU,Female,0,1,1,69,Two year,0,20.15,613,1390.35,0,0.2654,0,0.001679156,1%
6723-WSNTY,Female,1,1,0,66,One year,1,108.1,5618,7134.6,0,0.2654,0.04,0.201017825,8%
9530-EHPOH,Male,0,0,0,11,Month-to-month,2,53.75,4967,591.25,1,0.2654,0.295,0.359012483,24%
2725-IWWBA,Male,0,1,1,46,One year,3,56.9,2218,2617.4,0,0.2654,0.015,0.017359396,3%
0345-HKJVM,Female,0,0,0,6,Month-to-month,2,89.3,4764,535.8,1,0.2654,0.855,0.67410606,71%
1061-PNTHC,Female,0,1,1,56,Month-to-month,3,109.6,4879,6137.6,0,0.2654,0.09,0.298831232,8%
0394-YONDK,Male,0,1,1,70,Two year,1,25.15,1328,1760.5,0,0.2654,0,0.002351948,0%
6574-MCOEH,Female,0,1,1,33,One year,2,79.15,2186,2611.95,0,0.2654,0.065,0.138603637,18%
7399-QHBJS,Female,0,1,1,72,Two year,1,66.75,4033,4806,0,0.2654,0.01,0.004635617,1%
3049-SOLAY,Female,0,1,0,3,Month-to-month,2,95.2,2525,285.6,1,0.2654,0.855,0.793434546,85%
0997-YTLNY,Female,0,0,1,19,Month-to-month,3,48.8,6453,927.2,0,0.2654,0.245,0.1811787,11%
3317-HRTNN,Female,1,0,0,5,Month-to-month,2,45.7,1582,228.5,1,0.2654,0.835,0.642513597,64%
9479-HYNYL,Female,0,1,0,71,Two year,1,80.7,4707,5729.7,0,0.2654,0.005,0.018555803,1%
3235-ETOOB,Male,0,1,0,8,Month-to-month,2,74.5,4976,596,1,0.2654,0.76,0.514296964,47%
9708-KFDBY,Male,0,0,0,1,Month-to-month,1,20.55,1617,20.55,0,0.2654,0.235,0.191001211,24%
8058-INTPH,Female,0,0,0,1,Month-to-month,2,79.65,5971,79.65,1,0.2654,0.995,0.728326309,92%
3642-GKTCT,Female,0,0,0,61,One year,3,115.1,5496,7021.1,0,0.2654,0.005,0.15751525,4%
0774-RMNUW,Female,0,1,1,71,Two year,0,59.7,3516,4238.7,0,0.2654,0.01,0.008519722,1%
1334-PDUKM,Female,0,1,0,68,One year,1,86.45,4757,5878.6,0,0.2654,0.07,0.08895007,5%
0756-MPZRL,Male,0,0,0,46,One year,1,33.7,966,1550.2,0,0.2654,0.005,0.040651543,2%
2242-MFOTG,Male,0,0,0,33,One year,0,80.1,2254,2643.3,0,0.2654,0.065,0.139472336,5%
2927-CVULT,Female,0,1,1,53,Two year,0,104.05,4613,5514.65,0,0.2654,0.235,0.050730627,10%
2144-BFDSO,Female,1,1,0,50,Month-to-month,0,108.75,4513,5437.5,0,0.2654,0.15,0.329656416,30%
8745-PVESG,Female,0,0,0,57,One year,1,41.1,1892,2342.7,0,0.2654,0.015,0.028398542,3%
7647-GYYKX,Female,0,1,1,54,Two year,0,20.35,182,1098.9,0,0.2654,0,0.004609918,4%
5647-FXOTP,Female,1,1,0,60,Month-to-month,2,105.9,5160,6354,0,0.2654,0.135,0.491319846,47%
5569-OUICF,Female,1,1,0,28,Month-to-month,1,101.3,2438,2836.4,1,0.2654,0.75,0.61158199,59%
8821-XNHVZ,Female,0,1,1,1,Month-to-month,3,80.05,6014,80.05,1,0.2654,0.92,0.710221098,86%
2082-OJVTK,Male,0,1,1,29,Month-to-month,2,89.2,2345,2586.8,1,0.2654,0.86,0.528030446,50%
9700-ISPUP,Female,0,1,1,10,Month-to-month,2,65.5,5025,655,0,0.2654,0.03,0.320283005,15%
9839-ETQOE,Male,0,0,1,43,Month-to-month,2,40.45,1515,1739.35,0,0.2654,0.105,0.097570422,14%
6078-VESFR,Male,1,1,0,13,Month-to-month,0,70.45,6203,915.85,0,0.2654,0.485,0.542385644,51%
9027-TMATR,Female,0,1,0,43,Two year,2,78.8,2995,3388.4,0,0.2654,0.02,0.030947151,1%
5940-NFXKV,Male,0,1,1,19,Month-to-month,2,83.65,860,1589.35,1,0.2654,0.54,0.583481421,60%
1941-HOSAM,Male,0,1,1,1,Month-to-month,2,90.1,6322,90.1,0,0.2654,0.33,0.750587353,69%
9110-HSGTV,Female,0,0,0,69,Two year,1,82.45,4608,5689.05,0,0.2654,0,0.015672041,2%
0704-VCUMB,Female,0,1,0,61,Two year,1,20.25,511,1235.25,0,0.2654,0,0.003056131,0%
6171-ZTVYB,Male,0,1,0,43,Month-to-month,0,66.25,2510,2848.75,0,0.2654,0.03,0.057374279,9%
8053-WWDRO,Female,0,1,0,6,Month-to-month,0,19.5,846,117,1,0.2654,0.7,0.152890732,31%
9564-KCLHR,Male,0,0,0,1,Month-to-month,3,51.25,4302,51.25,1,0.2654,0.84,0.329715461,53%
1935-IMVBB,Male,0,1,0,56,Month-to-month,3,89.7,4195,5023.2,0,0.2654,0.41,0.322774011,10%
2535-PBCGC,Female,0,1,0,70,Two year,0,64.55,3832,4518.5,0,0.2654,0.01,0.011171968,2%
2082-CEFLT,Male,0,0,0,1,Month-to-month,2,45.6,3820,45.6,1,0.2654,0.95,0.472943194,76%
1470-PSXNM,Male,0,1,1,49,One year,2,93.65,3849,4588.85,0,0.2654,0.1,0.188545701,29%
1213-NGCUN,Female,0,0,0,6,Month-to-month,0,49.65,2323,297.9,1,0.2654,0.845,0.306976538,55%
2498-XLDZR,Female,0,1,1,32,Two year,3,73.6,1951,2355.2,0,0.2654,0.025,0.017988037,2%
9866-OCCKE,Female,1,1,0,72,Two year,3,109.75,6048,7902,0,0.2654,0.025,0.083765354,1%
5338-YHWYT,Male,0,0,1,37,Two year,1,61.45,1942,2273.65,0,0.2654,0.005,0.009684849,2%
7718-UPSKJ,Female,0,1,0,69,One year,1,106.4,5645,7341.6,0,0.2654,0.065,0.094337695,8%
8731-WBBMB,Female,0,1,0,26,Month-to-month,0,81.9,1703,2129.4,0,0.2654,0.035,0.187106061,10%
1448-CYWKC,Female,0,1,1,58,One year,1,105.2,5056,6101.6,0,0.2654,0.14,0.234774614,28%
7901-IIDQV,Male,0,0,0,24,One year,0,54.6,444,1310.4,0,0.2654,0.03,0.077574352,4%
2690-DVRVK,Male,0,1,1,5,One year,2,20.55,6509,102.75,0,0.2654,0.02,0.094029578,5%
5688-KZTSN,Male,0,1,1,15,Month-to-month,2,20,2488,300,1,0.2654,0.615,0.136472096,24%
1270-XKUCC,Female,0,1,1,30,Two year,3,19.7,4905,591,0,0.2654,0,0.014478231,1%
0334-ZFJSR,Female,0,1,0,55,One year,1,66.05,2997,3632.75,0,0.2654,0.04,0.027504256,6%
2894-QOJRX,Female,0,1,0,25,Month-to-month,0,34,6220,850,1,0.2654,0.705,0.428239525,67%
5747-PMBSQ,Male,1,1,0,10,Month-to-month,3,92.5,6405,925,1,0.2654,0.85,0.574458619,64%
5583-EJXRD,Male,0,1,1,44,Two year,1,54.05,2013,2378.2,0,0.2654,0.02,0.022354742,2%
4565-EVZMJ,Female,0,0,0,47,One year,3,58.9,2439,2768.3,0,0.2654,0.045,0.025691583,6%
3143-JQEGI,Female,0,1,1,13,Month-to-month,2,88.35,412,1148.55,1,0.2654,0.575,0.532678998,55%
6386-SZZKH,Female,0,1,1,49,Two year,0,107.95,4424,5289.55,1,0.2654,0.63,0.101159512,37%
3327-YBAKM,Female,0,1,0,64,One year,3,96.9,5106,6201.6,0,0.2654,0.055,0.107333047,7%
9441-QHEVC,Male,0,0,0,1,Month-to-month,3,19.1,1477,19.1,0,0.2654,0.025,0.199763967,21%
6705-LNMDD,Male,0,0,0,20,Month-to-month,3,50,9,1000,0,0.2654,0.175,0.154580631,2%
2580-ASVVY,Female,0,1,0,37,Two year,2,45.4,1048,1679.8,0,0.2654,0.005,0.028182023,1%
3370-GQEAL,Male,0,1,1,30,Month-to-month,2,85.45,2164,2563.5,0,0.2654,0.185,0.417974445,43%
5032-USPKF,Female,0,0,0,38,One year,0,84.1,2771,3195.8,0,0.2654,0.045,0.076839493,10%
2982-IHMFT,Female,1,0,0,1,Month-to-month,3,74.45,5720,74.45,1,0.2654,0.935,0.782447792,91%
3521-SYVOR,Female,0,0,0,37,Month-to-month,2,64.75,1980,2395.75,1,0.2654,0.74,0.265476743,36%
4254-QPEDE,Female,0,1,0,52,Two year,1,66.25,2892,3445,0,0.2654,0,0.022390022,1%
6283-GITPX,Male,0,0,1,71,Two year,1,76.9,4588,5459.9,0,0.2654,0,0.006595907,0%
9526-JAWYF,Male,0,0,0,26,Month-to-month,2,89.8,1970,2334.8,1,0.2654,0.705,0.365325802,43%
0771-CHWSK,Male,0,0,0,66,Two year,1,74.6,4048,4923.6,0,0.2654,0.005,0.017220811,3%
9788-HNGUT,Male,0,1,0,72,Two year,1,116.95,6238,8420.4,0,0.2654,0.025,0.062467837,3%
9495-REDIY,Male,0,0,1,25,One year,1,40.65,6486,1016.25,0,0.2654,0.05,0.161451426,5%
5375-XLDOF,Male,0,1,1,69,Two year,0,114.35,5853,7890.15,0,0.2654,0.06,0.047960313,10%
1172-VIYBP,Male,0,1,1,53,Two year,0,69.7,3175,3694.1,0,0.2654,0.02,0.014807795,2%
5649-VUKMC,Female,0,0,0,12,One year,3,95.5,222,1146,1,0.2654,0.37,0.401985209,42%
6559-PDZLR,Male,0,0,0,26,Month-to-month,2,98.65,2190,2564.9,0,0.2654,0.185,0.481880707,42%
8992-OBVDG,Male,0,0,0,21,Month-to-month,3,61.65,718,1294.65,0,0.2654,0.05,0.268555821,7%
4273-MBHYA,Female,0,0,1,1,Month-to-month,2,89.35,6300,89.35,0,0.2654,0.69,0.749887008,77%
4724-WXVWF,Male,0,0,0,48,Month-to-month,2,95.4,3771,4579.2,0,0.2654,0.095,0.283746562,26%
5701-GUXDC,Female,0,1,0,26,One year,1,35.4,6497,920.4,0,0.2654,0.05,0.119529193,8%
1460-UZPRJ,Male,0,1,0,60,Two year,3,19.95,468,1197,0,0.2654,0,0.003322754,1%
6082-GLJIX,Male,0,0,0,18,Month-to-month,3,19.25,2874,346.5,0,0.2654,0.02,0.107645498,6%
5143-EGQFK,Female,1,0,0,10,Month-to-month,2,29.65,2514,296.5,1,0.2654,0.775,0.471996538,66%
4919-IKATY,Male,0,1,1,5,Month-to-month,2,84.5,3857,422.5,1,0.2654,0.365,0.539092748,64%
2495-TTHBQ,Female,0,0,1,4,One year,3,20.4,6177,81.6,0,0.2654,0.025,0.135668886,3%
0485-ZBSLN,Male,0,1,1,65,Two year,1,24.75,1218,1608.75,0,0.2654,0,0.002891599,0%
3810-PJUHR,Male,0,1,1,70,Two year,3,25.35,1219,1774.5,0,0.2654,0,0.002593447,0%
9050-QLROH,Male,0,0,0,18,Month-to-month,1,90.7,1053,1632.6,1,0.2654,0.335,0.626468584,23%
0847-HGRML,Male,0,0,1,62,Two year,0,20,457,1240,0,0.2654,0.02,0.002130582,1%
8232-CTLKO,Female,0,1,1,66,Two year,2,59.75,3412,3943.5,0,0.2654,0.03,0.010852681,3%
9227-YBAXE,Female,0,1,1,65,Two year,0,82.5,4369,5362.5,0,0.2654,0.025,0.014328046,3%
6168-WFVVF,Female,1,0,0,3,Month-to-month,2,70.3,1990,210.9,1,0.2654,0.915,0.676374229,63%
9860-LISIZ,Female,0,0,0,34,Month-to-month,3,20.35,5336,691.9,0,0.2654,0.01,0.064936753,4%
0112-QAWRZ,Male,0,1,1,16,Month-to-month,0,90.8,820,1452.8,0,0.2654,0.15,0.562687632,30%
0877-SDMBN,Female,0,0,0,54,One year,0,103.95,4668,5613.3,1,0.2654,0.765,0.212486366,44%
2786-GCDPI,Female,1,0,0,50,Month-to-month,2,104.95,4375,5247.5,0,0.2654,0.15,0.488318151,40%
4043-MKDTV,Male,0,1,0,71,Two year,2,105.25,5659,7472.75,0,0.2654,0.05,0.062790571,6%
8065-YKXKD,Female,0,0,0,10,Month-to-month,2,74.75,6009,747.5,1,0.2654,0.885,0.687513169,72%
9637-EIHEQ,Female,0,0,0,1,Month-to-month,2,50.8,4235,50.8,1,0.2654,0.76,0.401115105,70%
9229-RQABD,Male,0,0,0,18,One year,3,23.75,3618,427.5,0,0.2654,0.005,0.070112658,3%
8313-KTIHG,Male,0,0,0,4,Month-to-month,2,61.3,2134,245.2,0,0.2654,0.105,0.381029533,34%
5320-BRKGK,Female,0,1,1,58,Two year,3,75.8,3755,4396.4,0,0.2654,0.01,0.012549939,1%
6284-KMNUF,Female,0,1,0,56,One year,2,98,4412,5488,0,0.2654,0.175,0.211898375,32%
9689-PTNPG,Male,0,0,0,2,Month-to-month,2,80.25,811,160.5,1,0.2654,0.885,0.661062798,77%
9465-RWMXL,Male,0,1,0,32,Month-to-month,2,78.9,2098,2524.8,1,0.2654,0.37,0.455804424,52%
6229-UOLQL,Male,0,1,1,56,One year,3,52,2491,2912,0,0.2654,0.02,0.032696408,3%
2362-IBOOY,Male,0,0,0,36,Month-to-month,2,84.75,2653,3051,1,0.2654,0.945,0.519740967,72%
3137-LUPIX,Female,0,0,0,4,Month-to-month,3,64.4,2182,257.6,0,0.2654,0.07,0.457765312,27%
0843-WTBXE,Male,0,0,0,53,Month-to-month,0,85.45,3842,4528.85,1,0.2654,0.74,0.288778745,62%
6143-JQKEA,Male,0,0,0,10,Month-to-month,1,45.8,3702,458,0,0.2654,0.29,0.372451086,28%
8676-OOQEJ,Male,0,0,0,4,Month-to-month,2,30.5,336,122,0,0.2654,0.085,0.385203753,34%
5515-IDEJJ,Male,0,1,1,1,Month-to-month,3,19.9,1492,19.9,1,0.2654,0.808333333,0.179827373,59%
9701-CDXHR,Female,0,1,0,51,Month-to-month,3,69.15,3151,3526.65,0,0.2654,0.08,0.212497016,8%
7450-NWRTR,Male,1,0,0,12,Month-to-month,2,99.45,370,1193.4,1,0.2654,0.97,0.737070744,90%
8124-NZVGJ,Female,0,0,0,6,One year,3,49.25,2207,295.5,0,0.2654,0.365,0.405623502,29%
2162-FRZAA,Male,0,1,1,63,Two year,0,39.35,2032,2479.05,0,0.2654,0.005,0.007284121,1%
5376-DEQCP,Female,0,0,0,1,Month-to-month,2,70.6,5513,70.6,1,0.2654,0.855,0.694655471,80%
5118-MUEYH,Female,0,1,0,48,Month-to-month,1,105.1,4295,5044.8,0,0.2654,0.13,0.41716759,29%
9095-HFAFX,Female,0,0,0,5,Month-to-month,1,81,3331,405,1,0.2654,0.88,0.670723692,70%
5627-TVBPP,Female,0,0,1,35,One year,1,20.1,5179,703.5,0,0.2654,0,0.03062014,2%
2379-ENZGV,Male,0,0,0,6,Month-to-month,2,84.85,4383,509.1,1,0.2654,0.8,0.626357325,71%
3936-QQFLL,Male,0,0,0,2,Month-to-month,3,19.75,3339,39.5,0,0.2654,0.03,0.209474675,9%
2589-AYCRP,Female,0,0,0,50,One year,0,19.75,6507,987.5,0,0.2654,0,0.013424105,2%
4067-HLYQI,Female,0,0,0,33,Month-to-month,0,70.4,2052,2323.2,0,0.2654,0.54,0.365841458,42%
5124-EOGYE,Male,0,0,0,31,Two year,3,20.45,5143,633.95,0,0.2654,0,0.015833532,1%
5057-RKGLH,Female,0,1,1,9,Two year,3,20.35,1509,183.15,0,0.2654,0.005,0.0327121,1%
0292-WEGCH,Female,0,1,1,54,Month-to-month,2,86.2,3851,4654.8,0,0.2654,0.075,0.153886938,9%
8910-ICHIU,Female,0,0,0,46,One year,1,95.65,3945,4399.9,0,0.2654,0.165,0.132156568,11%
4097-YODCF,Male,0,0,1,34,One year,2,103.8,3004,3529.2,0,0.2654,0.13,0.23833703,23%
9715-WZCLW,Male,0,1,1,71,Two year,2,97.2,5459,6901.2,0,0.2654,0.03,0.06251404,7%
9786-YWNHU,Female,0,1,1,63,Two year,3,63.55,3429,4003.65,0,0.2654,0.005,0.004469734,1%
6407-GSJNL,Female,0,0,0,51,Two year,0,24.95,523,1272.45,0,0.2654,0,0.006150969,1%
6005-OBZPH,Female,1,0,0,26,Month-to-month,2,89.15,1915,2317.9,1,0.2654,0.88,0.564541397,72%
4049-ZPALD,Female,0,1,0,64,Two year,0,99,5140,6336,0,0.2654,0.065,0.067224485,4%
7932-WPTDS,Female,1,1,0,1,Month-to-month,2,24.8,2044,24.8,1,0.2654,0.885,0.659610009,85%
3733-UOCWF,Male,1,1,0,61,One year,0,85.55,4398,5218.55,0,0.2654,0.015,0.109772491,1%
6833-JMZYP,Female,0,0,0,15,Month-to-month,1,94,917,1410,0,0.2654,0.52,0.62674892,48%
2722-VOJQL,Male,0,0,0,64,One year,1,105.65,5458,6761.6,1,0.2654,0.15,0.179299398,12%
1310-QRITU,Female,0,0,0,18,Month-to-month,2,50.3,6351,905.4,0,0.2654,0.13,0.412615409,37%
8961-QDZZJ,Female,0,1,1,57,One year,2,95,4593,5415,0,0.2654,0.145,0.182392853,17%
9715-SBVSU,Male,0,1,1,14,Two year,0,61.4,6082,859.6,0,0.2654,0.025,0.060480304,1%
8490-BXHEO,Male,1,0,0,18,Month-to-month,1,80.55,754,1449.9,0,0.2654,0.15,0.544982087,38%
7173-TETGO,Female,1,1,0,72,Two year,0,78.5,4641,5652,0,0.2654,0.065,0.027920467,1%
7929-SKFGK,Male,0,1,0,70,Two year,1,114.3,6110,8001,0,0.2654,0.075,0.043153493,11%
2300-RQGOI,Female,0,0,0,38,Two year,3,20.05,5733,761.9,0,0.2654,0,0.012184066,1%
3563-SVYLG,Male,0,1,1,68,Two year,1,62.65,3714,4260.2,0,0.2654,0.015,0.003178644,1%
5228-EXCET,Male,0,0,0,13,Month-to-month,2,80.85,18,1051.05,1,0.2654,0.7,0.601343937,36%
6435-VWCCY,Male,1,1,0,65,Two year,1,92.7,4888,6025.5,0,0.2654,0.015,0.056748493,1%
4998-IKFSE,Female,0,0,0,30,Month-to-month,2,100.45,2693,3013.5,0,0.2654,0.145,0.559772383,28%
8630-QSGXK,Male,0,1,0,51,Two year,0,75.2,3345,3835.2,0,0.2654,0.025,0.044163346,1%
2455-USLMV,Female,0,0,0,31,Month-to-month,1,84.75,2262,2627.25,0,0.2654,0.08,0.360544913,25%
7394-FKDNK,Female,0,1,0,9,Month-to-month,2,89.45,6221,805.05,1,0.2654,0.87,0.677844861,74%
9488-FVZCC,Female,0,1,1,72,Two year,0,79.5,4682,5724,0,0.2654,0,0.009532434,0%
6331-LWDTQ,Male,0,0,0,10,Month-to-month,1,72.15,5991,721.5,1,0.2654,0.745,0.595418409,56%
5995-WWKKG,Female,0,0,0,37,One year,2,19.8,5474,732.6,0,0.2654,0.005,0.035009345,3%
1597-FZREH,Female,0,0,0,2,Month-to-month,2,76.4,1057,152.8,1,0.2654,0.755,0.378836124,59%
7879-CGSFV,Male,0,0,0,55,One year,3,100.9,4605,5549.5,0,0.2654,0.075,0.160030338,14%
9921-EZKBY,Male,0,0,1,33,Month-to-month,0,95.3,2851,3144.9,0,0.2654,0.115,0.377465384,20%
7432-FFVAR,Female,0,1,1,46,One year,0,90.95,3613,4183.7,0,0.2654,0.12,0.114343876,9%
7246-ZGQDF,Female,0,0,1,1,Month-to-month,2,54.5,4488,54.5,0,0.2654,0.165,0.199869184,32%
7000-WCEVQ,Female,1,0,0,20,Month-to-month,3,61.6,325,1232,1,0.2654,0.215,0.46187607,24%
0727-IWKVK,Male,0,1,0,9,Month-to-month,2,79.9,5734,719.1,1,0.2654,0.87,0.577462841,66%
5959-BELXA,Male,1,0,0,32,Month-to-month,1,96.15,2616,3076.8,1,0.2654,0.815,0.645554255,57%
4456-RHSNB,Female,0,1,1,19,Month-to-month,0,49.6,6472,942.4,0,0.2654,0.32,0.279225009,28%
3512-IZIKN,Female,0,1,0,70,Two year,1,65.3,4030,4571,1,0.2654,0.585,0.006573903,15%
2481-SBOYW,Female,0,0,1,61,Two year,1,25,898,1525,0,0.2654,0,0.004831923,0%
7109-MFBYV,Male,0,0,0,26,Month-to-month,2,45.45,425,1181.7,0,0.2654,0.065,0.165432351,14%
1833-TCXKK,Male,0,1,0,45,Month-to-month,0,107.75,4124,4848.75,0,0.2654,0.205,0.513931068,47%
1832-PEUTS,Male,0,1,1,62,Two year,1,89.1,4502,5524.2,0,0.2654,0.025,0.076892648,2%
6141-OOXUQ,Male,0,0,0,1,Month-to-month,3,19.65,1487,19.65,1,0.2654,0.818,0.20183868,37%
8660-BUETV,Female,0,0,0,3,Month-to-month,3,44.75,878,134.25,0,0.2654,0.17,0.357490818,32%
0580-PIQHM,Female,0,1,1,41,One year,0,101.6,3363,4165.6,0,0.2654,0.04,0.181551477,19%
5696-CEIQJ,Male,0,1,1,67,Two year,0,103.15,5439,6911.05,0,0.2654,0.04,0.035849632,11%
7503-ZGUZJ,Male,0,0,0,1,Month-to-month,3,84.65,6176,84.65,1,0.2654,0.975,0.779079253,95%
1696-HXOWK,Female,0,1,0,71,One year,3,95.65,5413,6791.15,0,0.2654,0.055,0.082104822,2%
3026-ATZYV,Female,0,1,1,37,One year,0,75.1,2309,2778.7,0,0.2654,0.075,0.051774954,11%
4012-YCFAI,Male,0,1,0,60,Two year,3,61.35,3231,3681,0,0.2654,0.01,0.008329279,0%
2506-TNFCO,Female,1,1,0,1,Month-to-month,2,69.55,5447,69.55,1,0.2654,0.985,0.729172348,92%
9970-QBCDA,Female,0,0,0,6,Month-to-month,1,19.7,528,118.2,0,0.2654,0.17,0.15367665,13%
8718-PTMEZ,Female,0,0,0,13,Month-to-month,2,31.05,3001,403.65,1,0.2654,0.695,0.454064338,46%
9496-IVVRP,Female,0,1,1,11,Month-to-month,0,51,4788,561,0,0.2654,0.07,0.19269724,14%
2207-OBZNX,Male,0,0,0,7,Month-to-month,3,51,3065,357,1,0.2654,0.04,0.312317818,8%
2657-VPXTA,Female,0,1,1,10,Month-to-month,2,88.85,6389,888.5,0,0.2654,0.18,0.701207896,30%
6551-VLJMV,Male,0,1,0,34,Two year,1,20.05,5369,681.7,0,0.2654,0,0.012923163,0%
1221-GHZEP,Female,0,0,0,62,Two year,3,65.1,3291,4036.2,0,0.2654,0.015,0.013004451,1%
9289-LBQVU,Male,0,1,0,64,One year,3,70.15,3800,4489.6,0,0.2654,0.125,0.047221056,6%
6142-VSJQO,Female,0,1,1,1,Month-to-month,0,44.35,3740,44.35,1,0.2654,0.785,0.415928108,63%
3458-IDMFK,Male,0,0,0,25,Two year,3,20.75,4218,518.75,0,0.2654,0.005,0.02761163,1%
6933-FHBZC,Female,0,0,0,26,One year,3,56.05,991,1457.3,0,0.2654,0.025,0.108775734,4%
0221-NAUXK,Male,0,0,1,10,One year,0,19.95,1808,199.5,0,0.2654,0.025,0.072612769,3%
9770-KXGQU,Female,0,0,0,53,One year,3,98.6,4444,5225.8,0,0.2654,0.055,0.115964657,6%
6437-UKHMV,Female,0,0,0,7,Month-to-month,2,79.7,4816,557.9,1,0.2654,0.85,0.676459369,70%
6538-POCHL,Male,0,0,0,33,Month-to-month,1,79,2233,2607,0,0.2654,0.375,0.32386677,28%
6726-NNFWD,Female,1,1,0,71,Two year,1,89.45,5177,6350.95,0,0.2654,0.045,0.04828674,1%
3002-WQZWT,Female,0,0,0,29,Month-to-month,2,74.2,1603,2151.8,0,0.2654,0.17,0.480343125,59%
4277-UDIEF,Male,0,1,1,24,Month-to-month,0,81,1522,1944,0,0.2654,0.04,0.163200936,8%
1208-NBVFH,Male,0,1,1,20,Month-to-month,2,49.6,6417,992,0,0.2654,0.35,0.280864956,23%
4912-PIGUY,Female,0,0,0,1,Month-to-month,2,84.6,6175,84.6,0,0.2654,0.94,0.778414928,96%
1114-CENIM,Male,0,0,1,54,Month-to-month,1,55,2690,2970,1,0.2654,0.715,0.085872526,41%
6060-DRTNL,Female,1,0,0,5,Month-to-month,3,84.85,3547,424.25,1,0.2654,0.52,0.715580031,61%
2725-TTRIQ,Female,0,1,1,72,Two year,0,84.2,4904,6062.4,0,0.2654,0.005,0.014809666,1%
3374-TTZTK,Male,0,1,0,52,Two year,2,106.3,4553,5527.6,0,0.2654,0.225,0.056867295,24%
8990-ZXLSU,Female,0,0,0,9,Month-to-month,2,69.05,5212,621.45,0,0.2654,0.08,0.542218685,37%
2275-RBYQS,Female,0,0,0,1,Month-to-month,3,45.4,3818,45.4,0,0.2654,0.825,0.494952594,67%
8473-VUVJN,Male,1,0,0,1,Month-to-month,2,73.65,5669,73.65,1,0.2654,0.925,0.762533776,82%
6289-CPNLD,Male,0,1,1,33,One year,3,73.9,2051,2438.7,1,0.2654,0.68,0.105327035,31%
5536-SLHPM,Female,0,1,0,55,Month-to-month,2,77.75,3784,4276.25,1,0.2654,0.78,0.302872903,55%
4419-UJMUS,Male,0,1,1,69,Two year,2,99.35,5412,6855.15,0,0.2654,0.045,0.078195947,12%
7794-JASDG,Male,0,0,0,1,Month-to-month,3,50.75,4234,50.75,0,0.2654,0.095,0.377057661,36%
7609-YBPXG,Male,0,0,0,54,Two year,0,87.1,4004,4703.4,0,0.2654,0.01,0.021847985,2%
5519-TEEUH,Male,0,0,1,33,One year,3,20.15,5390,664.95,0,0.2654,0,0.035604969,2%
7856-GANIL,Male,1,1,0,45,One year,0,98.7,3852,4441.5,0,0.2654,0.05,0.197400297,9%
0804-XBFBV,Female,0,0,1,11,Month-to-month,2,25.2,2789,277.2,0,0.2654,0.465,0.38986775,32%
2676-OXPPQ,Male,0,0,0,6,Month-to-month,0,55.7,2907,334.2,0,0.2654,0.07,0.25003524,13%
3703-TTEPD,Male,0,0,0,21,Month-to-month,0,65.35,783,1372.35,0,0.2654,0.04,0.149695977,8%
2799-TSLAG,Female,0,1,1,65,Two year,0,25.3,1269,1644.5,0,0.2654,0,0.004081167,0%
0196-VULGZ,Female,1,1,0,6,Month-to-month,2,84.35,4009,506.1,1,0.2654,0.97,0.786365843,89%
8837-VVWLQ,Female,0,0,0,8,Month-to-month,2,84.95,5302,679.6,1,0.2654,0.77,0.488516085,54%
2696-NARTR,Male,0,0,0,11,Month-to-month,2,73.85,6381,812.35,1,0.2654,0.345,0.520493565,33%
2208-NKVVH,Male,0,1,1,43,Two year,3,24.25,150,1042.75,0,0.2654,0,0.008066821,1%
7614-QVWQL,Male,0,1,1,49,One year,0,51.8,2195,2538.2,1,0.2654,0.66,0.102504902,31%
1976-CFOCS,Female,1,1,0,1,Month-to-month,2,46,3904,46,1,0.2654,0.895,0.455255128,68%
4631-OACRM,Male,1,0,0,15,Month-to-month,2,79.4,293,1191,1,0.2654,0.85,0.619607445,74%
7139-JZFVG,Male,0,1,1,60,Two year,0,60.5,3187,3630,0,0.2654,0.04,0.00584942,1%
4987-GQWPO,Male,0,0,0,17,Month-to-month,1,25.1,3272,426.7,0,0.2654,0.06,0.351252955,13%
3755-JBMNH,Male,1,1,0,16,Month-to-month,0,71.8,313,1148.8,1,0.2654,0.875,0.534044574,56%
1757-TCATG,Male,0,1,1,35,One year,0,20.05,5754,701.75,0,0.2654,0,0.021562453,2%
6345-ULYRW,Male,1,1,0,44,One year,3,88.4,3350,3889.6,1,0.2654,0.69,0.235228382,20%
4776-XSKYQ,Female,0,1,1,12,One year,1,30.25,3172,363,0,0.2654,0.06,0.165922353,8%
8048-DSDFQ,Male,0,0,0,1,Month-to-month,3,20.2,1610,20.2,0,0.2654,0.303529762,0.204836263,48%
5753-QQWPW,Female,0,0,0,28,One year,2,59.9,1139,1677.2,0,0.2654,0.02,0.046959836,5%
6010-DDPPW,Male,0,1,0,70,Two year,0,25.15,1545,1760.5,0,0.2654,0,0.002710647,0%
1809-DMJHQ,Female,0,0,1,5,Month-to-month,3,46,1844,230,1,0.2654,0.745,0.316499594,38%
6693-FRIRW,Male,0,0,0,18,Month-to-month,1,101.3,1334,1823.4,0,0.2654,0.18,0.492369518,26%
6586-MYGKD,Male,0,1,0,70,Two year,1,76.95,4420,5386.5,0,0.2654,0.03,0.01607507,11%
3173-NVMPX,Female,0,1,1,9,Month-to-month,3,55.3,4241,497.7,0,0.2654,0.04,0.403647581,12%
0248-PGHBZ,Female,1,0,0,67,Two year,0,92.45,5011,6194.15,0,0.2654,0.03,0.028484339,1%
0623-GDISB,Female,0,0,0,1,Month-to-month,0,48.45,4050,48.45,0,0.2654,0.115,0.340458639,30%
2892-GESUL,Female,0,1,1,18,Two year,3,19.35,2683,348.3,0,0.2654,0,0.022390297,0%
6923-EFPNL,Male,0,0,0,4,Month-to-month,1,51.75,1636,207,1,0.2654,0.51,0.396917949,48%
7472-EQOAV,Male,1,1,1,71,One year,0,86.7,5035,6155.7,0,0.2654,0.06,0.051985924,1%
9574-RKJIF,Male,0,1,1,30,Month-to-month,2,94.4,2451,2832,1,0.2654,0.71,0.351266472,39%
2043-WVTQJ,Male,0,1,0,1,Month-to-month,3,55.7,4566,55.7,0,0.2654,0.205,0.306125463,28%
8034-RYTVV,Female,0,0,0,55,One year,1,84.25,3897,4633.75,0,0.2654,0.05,0.116408233,12%
3863-QSTYI,Male,0,0,0,59,Month-to-month,2,64.65,3215,3814.35,0,0.2654,0.055,0.077630986,6%
2619-WFQWU,Female,0,0,0,1,Month-to-month,3,70.15,5504,70.15,1,0.2654,0.945,0.70246772,79%
5044-LRQAQ,Female,0,1,0,7,Month-to-month,0,69.2,4037,484.4,0,0.2654,0.225,0.60933308,41%
1716-LSAMB,Male,0,1,1,45,Two year,0,54.65,2211,2459.25,0,0.2654,0.045,0.00782727,1%
1333-PBMXB,Female,0,1,1,54,One year,0,24.75,624,1336.5,0,0.2654,0.03,0.013759289,8%
6546-OPBBH,Male,0,1,1,51,One year,3,23.95,396,1221.45,0,0.2654,0,0.016687855,3%
5985-BEHZK,Female,1,1,0,72,One year,1,105,5814,7560,0,0.2654,0.015,0.183235193,2%
9127-QRZMH,Male,0,1,0,44,One year,0,59.85,2255,2633.4,0,0.2654,0.03,0.025116483,6%
5919-VCZYM,Male,0,0,0,2,Month-to-month,3,20.05,3589,40.1,0,0.2654,0,0.212670871,5%
9644-KVCNC,Female,0,0,0,66,One year,0,92.15,4952,6081.9,0,0.2654,0.05,0.176101948,7%
2137-DQMEV,Male,0,1,1,68,One year,3,44.8,2579,3046.4,0,0.2654,0.11,0.018317994,1%
8174-LNWMW,Female,0,0,0,31,Two year,1,20.9,5434,647.9,0,0.2654,0,0.015486252,2%
9279-CJEOJ,Female,1,0,0,21,Month-to-month,0,95.4,1659,2003.4,0,0.2654,0.445,0.697979004,40%
7964-VEXDG,Male,0,0,1,21,Month-to-month,2,80.35,1267,1687.35,0,0.2654,0.135,0.313134077,26%
2404-JIBFC,Female,0,1,1,55,Two year,0,85.1,3941,4680.5,0,0.2654,0.005,0.024469713,4%
0778-NELLA,Male,0,0,0,9,Month-to-month,1,34.7,2554,312.3,1,0.2654,0.765,0.553177509,72%
8029-XYPWT,Male,1,1,0,71,Two year,0,115.05,6030,8168.55,0,0.2654,0,0.065699394,2%
4614-NUVZD,Female,0,0,0,1,Month-to-month,2,81.1,6057,81.1,1,0.2654,0.97,0.758018814,90%
4632-PAOYU,Male,0,1,1,22,One year,3,19.95,3683,438.9,0,0.2654,0,0.040389874,1%
3803-KMQFW,Female,0,1,1,1,Month-to-month,3,20.55,1617,20.55,1,0.2654,0.876166667,0.189754001,50%
6804-GDMOI,Female,0,0,0,61,Two year,2,106.6,5174,6502.6,1,0.2654,0.7,0.124958093,49%
2990-OGYTD,Female,0,1,0,67,Two year,0,86.15,4828,5772.05,0,0.2654,0,0.020897231,1%
6646-JPPHA,Female,1,0,0,14,Month-to-month,2,78.85,86,1103.9,0,0.2654,0.115,0.32575102,28%
9572-MTILT,Male,0,1,0,59,Month-to-month,2,106.75,5068,6298.25,1,0.2654,0.64,0.213912641,47%
7658-UYUQS,Male,1,1,0,21,Month-to-month,0,86.55,1421,1817.55,0,0.2654,0.08,0.472192174,15%
7880-XSOJX,Male,0,0,0,4,Month-to-month,3,42.4,847,169.6,0,0.2654,0.465,0.268065097,34%
9611-CTWIH,Female,0,0,0,3,Month-to-month,2,89.45,2046,268.35,1,0.2654,0.485,0.733061986,65%
4589-IUAJB,Male,0,1,0,70,Two year,0,24.25,1229,1697.5,0,0.2654,0,0.002575544,0%
0329-GTIAJ,Female,0,0,0,3,Month-to-month,2,97.9,2738,293.7,1,0.2654,0.73,0.611726863,52%
8746-BFOAJ,Male,1,0,0,21,One year,0,20.5,3649,430.5,0,0.2654,0.03,0.050331083,2%
8457-XIGKN,Male,0,0,0,20,Month-to-month,1,19.6,3082,392,0,0.2654,0.045,0.123477671,8%
6072-NUQCB,Male,0,1,1,22,One year,0,20.25,4122,445.5,0,0.2654,0.005,0.036225124,2%
6629-CZTTH,Male,0,0,0,1,Month-to-month,3,55.7,4566,55.7,1,0.2654,0.76,0.564681719,45%
8838-GPHZP,Female,0,0,0,63,Two year,3,20.6,543,1297.8,0,0.2654,0,0.004165407,0%
8750-QWZAJ,Female,0,1,1,70,Two year,0,19.8,684,1386,0,0.2654,0,0.001585984,1%
5364-EVNIB,Male,0,0,0,13,Month-to-month,2,79.8,6492,1037.4,1,0.2654,0.475,0.54690889,43%
6918-UMQCG,Female,0,0,0,5,Month-to-month,2,80.2,3286,401,0,0.2654,0.285,0.601872888,57%
0675-NCDYU,Female,0,1,1,72,Two year,1,116.4,6225,8380.8,0,0.2654,0,0.053881597,1%
6339-DKLMK,Female,0,0,0,13,Month-to-month,2,31.65,3333,411.45,0,0.2654,0.495,0.46193965,36%
1346-PJWTK,Male,0,1,0,61,Month-to-month,1,94.15,4736,5743.15,0,0.2654,0.04,0.159222908,5%
5088-QZLRL,Male,0,0,0,1,Month-to-month,2,20.65,1619,20.65,0,0.2654,0.13,0.198859375,27%
8023-QHAIO,Female,1,1,0,56,Month-to-month,0,76.85,3640,4303.6,0,0.2654,0.04,0.238347543,12%
4397-FRLTA,Female,0,0,0,4,Month-to-month,3,20.15,6174,80.6,0,0.2654,0.02,0.226597408,6%
3057-VJJQE,Male,0,0,0,35,Two year,3,55.25,1523,1933.75,0,0.2654,0,0.027679601,1%
5087-SUURX,Female,0,1,0,18,Month-to-month,2,39.05,5311,702.9,1,0.2654,0.76,0.512545985,66%
2302-OUZXB,Male,0,1,0,72,Two year,0,82.15,4770,5914.8,0,0.2654,0.005,0.023373595,1%
8133-ANHHJ,Female,1,0,0,49,One year,0,103,4339,5047,0,0.2654,0.085,0.108096954,14%
2270-CHBFN,Female,0,1,0,44,Month-to-month,1,95.1,3472,4184.4,0,0.2654,0.055,0.20996392,10%
0013-EXCHZ,Female,1,1,0,3,Month-to-month,3,83.9,2324,251.7,1,0.2654,0.83,0.647409655,69%
5982-FPVQN,Female,0,1,1,37,Month-to-month,2,95.15,3062,3520.55,0,0.2654,0.15,0.458193552,36%
9107-UKCKY,Male,0,1,0,61,One year,2,79.8,4163,4867.8,0,0.2654,0.11,0.09047599,6%
4654-ULTTN,Male,0,1,0,70,Two year,1,74.8,4446,5236,0,0.2654,0.04,0.013578006,12%
5550-VFRLC,Female,1,0,0,1,Month-to-month,2,69.85,5453,69.85,1,0.2654,0.988333333,0.724474652,85%
5546-BYZSM,Female,0,0,0,41,Month-to-month,2,20.45,5891,838.45,0,0.2654,0.015,0.046903512,5%
1492-KGETH,Male,0,1,1,70,One year,0,78.35,4526,5484.5,0,0.2654,0.055,0.014390859,11%
4929-BSTRX,Female,0,0,0,1,Month-to-month,3,53.55,4433,53.55,1,0.2654,0.86,0.532798387,64%
4163-HFTUK,Male,0,0,0,51,One year,2,19.1,15,974.1,0,0.2654,0.005,0.009595673,1%
8215-NGSPE,Female,0,1,1,42,Two year,3,20,6149,840,0,0.2654,0,0.008903248,0%
2225-ZRGSG,Female,0,1,1,70,Two year,0,93.9,5249,6573,1,0.2654,0.645,0.015915491,23%
8859-YSTWS,Male,0,0,0,48,One year,0,19.95,11,957.6,0,0.2654,0.025,0.010331724,4%
5271-YNWVR,Male,0,1,1,68,Two year,2,113.15,5940,7694.2,1,0.2654,0.635,0.051568866,22%
7601-DHFWZ,Female,0,0,0,48,Two year,1,24,341,1152,0,0.2654,0,0.007090762,1%
2657-ALMWY,Female,1,1,0,26,Month-to-month,2,84.95,1783,2208.7,1,0.2654,0.8,0.452275936,54%
6330-JKLPC,Male,0,1,0,11,Month-to-month,0,80.5,6316,885.5,1,0.2654,0.88,0.621364677,73%
4667-OHGKG,Male,0,0,0,1,Month-to-month,3,19.3,1481,19.3,1,0.2654,0.72,0.257645249,42%
1998-VHJHK,Female,0,0,0,27,One year,3,19.15,4242,517.05,0,0.2654,0,0.039005375,1%
1707-HABPF,Female,1,0,0,46,One year,0,91.3,3520,4199.8,0,0.2654,0.075,0.205162062,3%
1660-HSOOQ,Male,0,0,0,1,Month-to-month,3,49.65,4142,49.65,1,0.2654,0.9,0.4741165,71%
7253-UVNDW,Female,0,0,0,46,Two year,1,54.35,2112,2500.1,1,0.2654,0.035,0.014394543,1%
0487-VVUVK,Male,0,1,1,25,Month-to-month,3,19.15,4038,478.75,0,0.2654,0.05,0.098550378,7%
7228-OMTPN,Male,0,0,0,4,Month-to-month,2,88.45,3193,353.8,1,0.2654,0.685,0.724862315,61%
5063-IUOKK,Male,0,0,0,13,Two year,3,19.75,2297,256.75,0,0.2654,0,0.030866665,1%
4508-OEBEY,Male,0,1,0,31,One year,1,75.5,2072,2340.5,0,0.2654,0.02,0.059298088,8%
0027-KWYKW,Female,0,1,1,23,Month-to-month,2,83.75,1411,1926.25,0,0.2654,0.465,0.542114417,56%
2308-STERM,Female,0,0,0,2,Month-to-month,3,19.4,4981,38.8,0,0.2654,0.155,0.229698061,10%
5982-XMDEX,Female,0,0,0,65,Two year,0,26.5,1195,1722.5,0,0.2654,0,0.003571857,0%
6284-AHOOQ,Male,1,0,0,22,Month-to-month,0,90.5,1511,1991,1,0.2654,0.39,0.52241413,27%
6051-PTVNS,Female,0,1,1,55,One year,1,19.15,6527,1053.25,0,0.2654,0,0.009441358,1%
2344-JMOGN,Male,0,1,0,9,Month-to-month,3,94.85,6307,853.65,1,0.2654,0.84,0.554100446,69%
3799-ISUZQ,Male,0,1,1,7,Month-to-month,0,69.95,4421,489.65,1,0.2654,0.8,0.563940445,43%
2877-VDUER,Female,0,1,1,35,One year,3,40.9,693,1431.5,0,0.2654,0.01,0.08363038,4%
9152-AMKAK,Male,0,0,0,6,Two year,3,80.25,4180,481.5,0,0.2654,0.07,0.101348401,2%
1794-HBQTJ,Female,0,0,0,1,Month-to-month,1,48.6,4052,48.6,1,0.2654,0.15,0.352049723,33%
9432-VOFYX,Male,0,0,0,17,Month-to-month,2,70.8,378,1203.6,0,0.2654,0.17,0.494740545,45%
8049-WJCLQ,Male,0,1,1,10,Month-to-month,3,60.2,4663,602,0,0.2654,0.235,0.3299957,17%
6586-PSJOX,Male,0,0,1,15,One year,1,55.2,6248,828,0,0.2654,0.075,0.09455315,5%
2460-FPSYH,Female,1,0,0,40,Month-to-month,2,55.8,1739,2232,1,0.2654,0.685,0.257082073,64%
9705-ZJBCG,Female,0,1,1,13,One year,0,54.15,5526,703.95,0,0.2654,0.03,0.066286133,6%
4818-DRBQT,Male,0,1,0,29,Month-to-month,0,80.15,1904,2324.35,1,0.2654,0.7,0.423759424,51%
1320-HTRDR,Female,0,0,0,3,Month-to-month,2,75.5,1826,226.5,1,0.2654,0.885,0.696949118,76%
6847-KJLTS,Female,1,1,0,58,Month-to-month,0,100.4,4747,5823.2,0,0.2654,0.16,0.421504707,30%
9670-BPNXF,Female,0,0,0,45,One year,1,62.55,2423,2814.75,0,0.2654,0.095,0.028328574,16%
3913-FCUUW,Female,0,1,1,72,Two year,0,70.45,4338,5072.4,0,0.2654,0.005,0.006186314,1%
3301-VKTGC,Male,0,1,1,68,One year,0,85.5,4701,5814,0,0.2654,0.02,0.060564262,5%
1493-AMTIE,Male,0,0,0,1,Month-to-month,0,20.2,1610,20.2,1,0.2654,0.869166667,0.236008628,49%
9555-SAHUZ,Female,0,1,1,38,Month-to-month,2,54.5,1700,2071,0,0.2654,0.035,0.060294308,18%
0816-TSPHQ,Male,0,0,0,2,Month-to-month,3,20.75,3738,41.5,0,0.2654,0.006,0.216607201,6%
9932-WBWIK,Male,0,0,0,11,Month-to-month,3,20.35,1767,223.85,0,0.2654,0.015,0.140296729,7%
4619-EVPHY,Female,1,1,0,20,One year,0,91,1427,1820,0,0.2654,0.075,0.460385882,10%
5286-YHCVC,Male,0,1,0,72,Two year,0,104.8,5758,7545.6,0,0.2654,0.025,0.098533415,6%
6424-ELEYH,Female,0,1,0,3,Month-to-month,1,74.75,1930,224.25,1,0.2654,0.91,0.690751966,76%
4391-RESHN,Male,0,0,0,23,Month-to-month,3,104.05,2121,2393.15,1,0.2654,0.785,0.587554569,63%
9115-YQHGA,Male,0,0,0,40,Month-to-month,2,51.1,1721,2044,0,0.2654,0.075,0.109968925,11%
4462-CYWMH,Male,1,1,0,62,Month-to-month,0,89.8,4661,5567.6,0,0.2654,0.095,0.344361243,6%
8963-MQVYN,Female,0,0,1,22,Month-to-month,2,20.55,3972,452.1,0,0.2654,0.015,0.112044413,7%
2458-EOMRE,Female,0,0,0,11,Month-to-month,0,64.05,5685,704.55,0,0.2654,0.09,0.267501962,14%
9334-GWGOW,Male,1,1,0,7,Month-to-month,2,74.85,4091,523.95,0,0.2654,0.14,0.720452336,65%
6821-BUXUX,Female,0,0,0,13,Month-to-month,2,96.65,446,1256.45,1,0.2654,0.865,0.505785721,76%
5028-HTLJB,Male,1,0,0,1,Month-to-month,3,20.05,1607,20.05,1,0.2654,0.7125,0.232336084,59%
9801-GDWGV,Female,0,0,0,39,Month-to-month,2,103.45,3411,4034.55,1,0.2654,0.775,0.535933043,57%
6542-LWGXJ,Male,0,1,0,3,Month-to-month,3,25,5908,75,0,0.2654,0.495,0.569226592,52%
5567-GZKQY,Male,0,0,0,58,Two year,1,20.3,258,1177.4,0,0.2654,0.005,0.003224921,1%
1222-LRYKO,Male,0,0,1,6,Month-to-month,3,26.35,1394,158.1,0,0.2654,0.025,0.184619799,12%
2320-JRSDE,Female,0,1,1,1,Month-to-month,2,19.9,1492,19.9,1,0.2654,0.81875,0.232297067,64%
2087-QAREY,Female,0,1,0,22,Month-to-month,3,54.7,333,1203.4,0,0.2654,0.16,0.228792912,30%
0601-WZHJF,Male,0,1,0,14,Month-to-month,2,46.35,5299,648.9,1,0.2654,0.31,0.560430441,45%
4423-JWZJN,Male,0,1,1,64,One year,1,90.25,4660,5776,0,0.2654,0.03,0.127437204,4%
5143-WMWOG,Male,0,0,0,1,Month-to-month,2,19.95,1493,19.95,1,0.2654,0.75875,0.195370717,53%
6490-FGZAT,Male,0,0,0,6,Month-to-month,3,20.65,175,123.9,0,0.2654,0.05,0.161051357,7%
5393-RXQSZ,Male,0,0,0,1,Month-to-month,2,79.6,5970,79.6,1,0.2654,0.985,0.675636551,91%
7452-FOLON,Male,0,0,1,39,One year,0,25.45,6463,992.55,0,0.2654,0.015,0.024672901,2%
2320-TZRRH,Female,0,0,0,20,One year,3,19.5,3447,390,0,0.2654,0,0.051929767,1%
0231-LXVAP,Male,0,0,0,1,Month-to-month,2,75.9,5778,75.9,1,0.2654,0.875,0.606890046,79%
9444-JTXHZ,Male,0,1,0,1,Month-to-month,2,76.2,5821,76.2,1,0.2654,0.84,0.616377946,87%
4942-VZZOM,Male,0,1,0,64,One year,1,66.15,3731,4233.6,0,0.2654,0.035,0.040388986,2%
5510-BOIUJ,Male,0,0,1,1,Month-to-month,3,19.25,1480,19.25,1,0.2654,0.65,0.173138649,25%
7502-BNYGS,Female,0,1,0,46,Month-to-month,1,69.1,2750,3178.6,0,0.2654,0.24,0.185163551,18%
4291-HYEBC,Female,1,1,1,28,One year,2,39.1,192,1094.8,0,0.2654,0.19,0.189549104,31%
6147-CBCRA,Female,0,1,0,33,Month-to-month,3,20.05,5310,661.65,0,0.2654,0.025,0.069129903,4%
6047-SUHPR,Male,0,1,1,39,One year,2,59.8,1978,2332.2,0,0.2654,0.04,0.027317137,13%
4471-KXAUH,Female,0,1,0,42,Month-to-month,2,84.3,3107,3540.6,1,0.2654,0.82,0.330821994,50%
9752-ZNQUT,Female,0,0,0,1,Month-to-month,2,48.6,4052,48.6,0,0.2654,0.3175,0.427162688,53%
7638-QVMVY,Female,0,0,0,7,Month-to-month,2,79,4373,553,1,0.2654,0.755,0.667926815,63%
1576-PFZIW,Male,1,1,0,70,Two year,1,105.35,5784,7374.5,0,0.2654,0.035,0.04844355,8%
5666-MBJPT,Male,0,0,0,65,Two year,0,25.1,1230,1631.5,0,0.2654,0,0.004481276,0%
7312-XSBAT,Male,0,0,0,1,Month-to-month,2,49.75,4144,49.75,0,0.2654,0.06,0.288715028,20%
3096-GKWEB,Male,0,1,0,18,Month-to-month,2,94.75,1191,1705.5,0,0.2654,0.465,0.689620507,48%
2371-JQHZZ,Male,0,1,0,24,Month-to-month,2,93,1881,2232,0,0.2654,0.175,0.648499301,47%
0674-GCDXG,Male,0,0,0,63,Two year,0,71.9,3799,4529.7,0,0.2654,0.005,0.013753294,2%
1121-QSIVB,Female,0,0,1,44,One year,3,77.55,3005,3412.2,0,0.2654,0.095,0.134599072,13%
4396-KLSEH,Male,0,0,0,4,Month-to-month,2,19.85,5089,79.4,0,0.2654,0.035,0.25804962,26%
3244-DCJWY,Female,0,0,0,1,Month-to-month,2,70.25,5506,70.25,1,0.2654,0.915,0.692900962,81%
2824-MYYBN,Female,0,1,1,37,Month-to-month,2,95.25,2879,3524.25,0,0.2654,0.405,0.555607476,44%
0875-CABNR,Female,1,0,0,10,Month-to-month,1,84.6,6253,846,1,0.2654,0.855,0.714829295,67%
6345-HOVES,Male,0,0,0,34,Month-to-month,0,25.05,6218,851.7,0,0.2654,0.11,0.27534932,29%
8318-LCNBW,Male,0,1,0,35,One year,1,53.15,1532,1860.25,0,0.2654,0.04,0.106059625,3%
6469-QJKZW,Female,0,1,0,4,Month-to-month,2,20.15,6345,80.6,0,0.2654,0.015,0.225103991,10%
0147-ESWWR,Female,1,1,0,39,Month-to-month,2,101.25,3373,3948.75,0,0.2654,0.335,0.562547026,48%
1217-VASWC,Male,1,1,0,43,One year,0,100.55,3665,4323.65,0,0.2654,0.08,0.286365764,18%
7812-FZHPE,Female,0,1,1,17,Month-to-month,3,24.1,3488,409.7,1,0.2654,0.595,0.134226509,11%
6370-ZVHDV,Female,0,1,0,61,Two year,0,25.3,995,1543.3,0,0.2654,0,0.004176354,0%
5915-DGNVC,Female,0,1,0,49,One year,2,71.8,3006,3518.2,0,0.2654,0.035,0.045200056,14%
6260-XLACS,Male,0,0,0,4,One year,3,19.7,316,78.8,0,0.2654,0.051875,0.087235687,5%
3566-CAAYU,Female,0,1,1,64,Two year,2,49.85,2795,3190.4,0,0.2654,0.01,0.013093333,1%
4983-CCWMC,Male,0,0,0,3,Month-to-month,3,69.6,1694,208.8,0,0.2654,0.11,0.632822823,45%
9103-CXVOK,Male,0,1,1,1,Month-to-month,2,19.75,1489,19.75,0,0.2654,0.3875,0.172390905,49%
2896-TBNBE,Male,0,1,0,40,One year,2,80.8,2725,3232,0,0.2654,0.045,0.129908618,7%
4797-AXPXK,Female,0,0,1,1,Month-to-month,2,60,4910,60,1,0.2654,0.34,0.226785139,40%
5229-PRWKT,Male,0,0,0,8,Month-to-month,2,86.55,5205,692.4,1,0.2654,0.945,0.752739579,79%
6982-UQZLY,Female,1,1,0,1,Month-to-month,3,20.85,1623,20.85,1,0.2654,0.423869048,0.315247291,65%
2522-WLNSF,Female,1,1,0,34,One year,0,64.2,1736,2182.8,0,0.2654,0.005,0.067780637,5%
3841-CONLJ,Female,0,1,0,1,Month-to-month,2,35,3028,35,0,0.2654,0.88,0.624066467,85%
5057-LCOUI,Female,0,0,0,39,Month-to-month,2,50.75,1641,1979.25,1,0.2654,0.71,0.350470729,40%
0193-ESZXP,Female,1,1,0,58,One year,1,105.5,5048,6119,1,0.2654,0.675,0.132543248,49%
4475-NVTLU,Male,0,1,1,45,Two year,2,19.2,6334,864,0,0.2654,0.005,0.006940975,0%
4369-HTUIF,Male,1,0,0,6,Month-to-month,0,85.15,4260,510.9,1,0.2654,0.81,0.578858396,50%
9386-LDCZR,Male,0,0,0,43,One year,1,90.65,3321,3897.95,0,0.2654,0.01,0.07938819,1%
9585-KKMFD,Male,0,1,1,41,Two year,3,20,6281,820,0,0.2654,0.005,0.012379354,1%
5399-ZIMKF,Male,0,0,0,5,Month-to-month,2,74.65,3279,373.25,0,0.2654,0.265,0.57819172,48%
0336-KXKFK,Male,0,0,0,72,Two year,1,61.2,3728,4406.4,0,0.2654,0.01,0.016492632,1%
5619-XZZKR,Male,0,0,0,4,One year,3,19.95,5376,79.8,0,0.2654,0.005,0.109846194,4%
3948-FVVRP,Male,0,1,1,9,Month-to-month,3,54.8,3848,493.2,0,0.2654,0.09,0.195332017,12%
5327-XOKKY,Male,1,1,0,72,Two year,1,73.45,4452,5288.4,0,0.2654,0.12,0.037304999,7%
0983-TATYJ,Female,0,1,0,33,One year,3,51.45,1281,1697.85,0,0.2654,0.015,0.077275934,5%
1813-JYWTO,Female,0,1,0,72,Two year,0,80.45,4738,5792.4,0,0.2654,0.025,0.025787025,1%
0156-FVPTA,Male,0,1,0,22,Month-to-month,2,54.2,289,1192.4,1,0.2654,0.725,0.128088994,49%
1984-FCOWB,Female,0,1,0,70,One year,2,109.5,5856,7665,1,0.2654,0.66,0.177968913,50%
0654-HMSHN,Male,0,1,1,21,Month-to-month,2,104.4,1773,2192.4,1,0.2654,0.425,0.510901629,38%
6719-OXYBR,Male,0,0,0,15,Month-to-month,2,85.3,403,1279.5,0,0.2654,0.25,0.472133613,41%
3312-ZWLGF,Male,1,1,0,29,Month-to-month,2,79.3,2057,2299.7,0,0.2654,0.17,0.442529309,43%
6476-YHMGA,Female,0,1,1,15,Month-to-month,0,76.5,292,1147.5,0,0.2654,0.215,0.180755133,13%
5287-QWLKY,Male,1,1,1,71,Month-to-month,1,105.1,5797,7462.1,1,0.2654,0.155,0.265544508,6%
0795-XCCTE,Male,1,0,0,72,Two year,0,25.4,1356,1828.8,0,0.2654,0.005,0.002830867,0%
0168-XZKBB,Female,0,1,0,19,Month-to-month,2,86.85,1013,1650.15,0,0.2654,0.235,0.631084544,50%
3785-NRHYR,Male,0,0,0,1,Month-to-month,3,19.65,1487,19.65,0,0.2654,0.818,0.20183868,37%
5196-SGOAK,Female,0,0,0,1,Month-to-month,2,75.7,5775,75.7,1,0.2654,1,0.654931219,84%
4537-DKTAL,Female,0,0,0,2,Month-to-month,2,45.55,6173,91.1,0,0.2654,0.39,0.422223647,61%
7072-MBHEV,Female,1,1,1,11,Month-to-month,1,78.1,6249,859.1,0,0.2654,0.205,0.661272403,43%
5602-BVFMK,Female,0,0,0,12,One year,3,19.3,1920,231.6,0,0.2654,0.02,0.068550083,2%
6297-NOOPG,Female,0,1,0,70,Two year,2,110.5,5893,7735,0,0.2654,0.04,0.094122581,14%
1891-UAWWU,Female,1,1,0,20,Month-to-month,2,90.8,1554,1816,1,0.2654,0.28,0.581872404,31%
8204-TIFGJ,Female,0,0,0,23,Month-to-month,0,20.3,3983,466.9,0,0.2654,0.015,0.115134798,5%
8050-DVOJX,Male,1,0,0,49,Two year,1,81.35,3473,3986.15,0,0.2654,0.015,0.019679097,1%
6108-OQZDQ,Female,0,1,1,4,Month-to-month,2,97.95,3287,391.8,1,0.2654,0.925,0.71718356,81%
0363-QJVFX,Male,0,0,0,32,Month-to-month,1,108.15,2973,3460.8,1,0.2654,0.755,0.366381669,32%
8903-XEBGX,Male,0,0,1,2,Month-to-month,2,55.3,158,110.6,0,0.2654,0.165,0.442364829,51%
8169-SAEJD,Male,1,1,0,69,Two year,1,56.55,3377,3901.95,0,0.2654,0.045,0.01813968,2%
9840-DVNDC,Male,0,0,0,6,Month-to-month,1,80.5,3927,483,1,0.2654,0.875,0.657485169,69%
1089-XZWHH,Female,0,1,1,24,Two year,3,19.7,4186,472.8,0,0.2654,0.01,0.025341085,1%
2325-WINES,Female,0,0,0,32,One year,1,104.05,2960,3329.6,0,0.2654,0.13,0.377635511,25%
6064-ZATLR,Female,0,0,0,27,Two year,0,52.85,900,1426.95,0,0.2654,0.01,0.019646282,1%
3096-JRDSO,Female,1,1,0,27,Month-to-month,0,104.3,2473,2816.1,1,0.2654,0.405,0.485885739,47%
7824-PANSQ,Male,0,0,0,58,Month-to-month,0,80.65,4062,4677.7,0,0.2654,0.065,0.163483099,9%
8042-JVNFH,Male,0,0,0,1,Month-to-month,3,71.35,5569,71.35,1,0.2654,0.5,0.699385042,64%
9648-BCHKM,Female,0,1,1,18,Two year,1,24.65,3987,443.7,0,0.2654,0.035,0.039453373,3%
2888-ADFAO,Female,0,1,1,47,Two year,0,21.3,81,1001.1,0,0.2654,0.02,0.006559176,3%
8707-HOEDG,Female,0,1,1,70,Two year,2,110.2,5861,7714,0,0.2654,0.075,0.078921774,12%
3374-LXDEV,Female,0,0,0,13,Month-to-month,2,89.4,259,1162.2,1,0.2654,0.54,0.382023901,66%
4072-IPYLT,Female,0,1,1,36,Month-to-month,1,51.05,1367,1837.8,0,0.2654,0.035,0.073633432,8%
7167-PCEYD,Male,0,0,0,67,Two year,3,19.8,570,1326.6,0,0.2654,0,0.003209595,1%
4936-YPJNK,Female,0,0,0,10,Month-to-month,3,19.9,1594,199,0,0.2654,0.01,0.195301348,9%
1580-BMCMR,Male,1,0,0,19,Month-to-month,2,87.3,1108,1658.7,0,0.2654,0.145,0.508674196,36%
4817-KEQSP,Female,0,1,1,71,Two year,0,19.85,592,1409.35,0,0.2654,0.005,0.001509588,1%
6408-WHTEF,Male,0,1,1,72,Two year,3,89.4,5141,6436.8,0,0.2654,0,0.014942032,0%
9251-AWQGT,Female,0,1,1,48,Two year,3,20,6408,960,0,0.2654,0,0.006822319,0%
8749-CLJXC,Male,0,0,0,1,Month-to-month,3,20.05,1607,20.05,0,0.2654,0.228333333,0.204260383,42%
7989-VCQOH,Male,0,1,1,18,Month-to-month,2,83.25,1072,1498.5,0,0.2654,0.06,0.16672009,12%
5049-GLYVG,Male,0,0,0,1,Month-to-month,3,20.6,1618,20.6,1,0.2654,0.178,0.206377834,26%
4199-QHJNM,Male,1,1,0,67,Two year,0,102.9,5493,6894.3,0,0.2654,0.02,0.065610694,7%
8882-TLVRW,Male,0,1,1,69,Two year,3,39.1,2407,2697.9,0,0.2654,0.01,0.005045156,0%
5883-GTGVD,Male,0,0,0,19,Month-to-month,2,99.95,1534,1899.05,1,0.2654,0.79,0.642758652,75%
5135-GRQJV,Male,1,1,0,72,Two year,3,114.5,6150,8244,0,0.2654,0,0.072352811,1%
2384-OVPSA,Female,1,0,0,38,Two year,3,20.2,5696,767.6,0,0.2654,0,0.014375877,1%
1371-WEPDS,Male,1,1,0,40,One year,2,55.8,1925,2232,0,0.2654,0.07,0.09085406,15%
3580-GICBM,Female,0,1,1,61,Two year,3,24.2,826,1476.2,0,0.2654,0.01,0.005298756,1%
4817-QRJSX,Female,0,0,0,10,Month-to-month,1,81,6090,810,1,0.2654,0.92,0.643492324,75%
9730-DRTMJ,Male,0,1,0,32,One year,1,72.8,1968,2329.6,0,0.2654,0.01,0.083593964,7%
4686-UXDML,Female,0,0,0,21,Month-to-month,1,99.85,1599,2096.85,0,0.2654,0.52,0.629689045,59%
3349-ANQNH,Female,1,0,0,59,One year,2,99.5,4832,5870.5,0,0.2654,0.485,0.318987203,37%
2398-YPMUR,Female,1,1,0,13,Month-to-month,2,70.15,6358,911.95,1,0.2654,0.775,0.653671974,61%
0932-YIXYU,Female,0,0,0,47,Two year,1,20.25,63,951.75,0,0.2654,0.005,0.005566727,1%
7480-SPLEF,Male,0,1,1,69,Two year,0,26,1336,1794,0,0.2654,0,0.003356084,0%
7636-XUHWW,Male,0,0,0,2,Month-to-month,1,19.9,2863,39.8,0,0.2654,0.09,0.246235992,14%
1431-CYWMH,Female,0,1,1,22,Month-to-month,0,19.05,3867,419.1,0,0.2654,0.02,0.075410769,5%
5937-EORGB,Male,1,1,0,15,Month-to-month,2,96.5,717,1447.5,0,0.2654,0.275,0.57103778,53%
6349-JDHQP,Female,0,0,0,53,Two year,1,19.85,95,1052.05,0,0.2654,0.085,0.004157451,7%
5539-HIVAK,Female,1,1,0,28,Month-to-month,3,25.7,5690,719.6,0,0.2654,0.03,0.133682077,7%
5847-MXBEO,Male,0,0,0,22,One year,3,20.3,4021,446.6,0,0.2654,0,0.047744621,1%
9985-MWVIX,Female,0,0,0,1,Month-to-month,3,70.15,5504,70.15,1,0.2654,0.945,0.70246772,79%
4583-PARNH,Male,1,1,0,16,Month-to-month,2,91.55,977,1464.8,0,0.2654,0.185,0.553244927,40%
1116-FRYVH,Female,0,1,1,48,Two year,3,39.4,1581,1891.2,0,0.2654,0.005,0.010521114,1%
1421-HCERK,Male,1,1,0,30,Month-to-month,0,105.7,2765,3171,0,0.2654,0.11,0.345444603,20%
9633-XQABV,Female,0,0,0,3,Month-to-month,2,70.25,1933,210.75,0,0.2654,0.585,0.638412651,64%
0716-BQNDX,Male,1,0,0,57,Two year,2,93.75,4659,5343.75,0,0.2654,0.06,0.051771776,5%
1265-XTECC,Female,1,1,0,68,One year,1,96.55,5252,6565.4,1,0.2654,0.615,0.143134565,28%
1183-CANVH,Female,0,1,0,23,One year,0,60,634,1380,0,0.2654,0.03,0.082242052,7%
1972-XMUWV,Female,0,1,0,65,Two year,1,59.8,3265,3887,0,0.2654,0.01,0.014113664,2%
8679-LZBMD,Male,0,1,0,44,One year,0,90.65,3397,3988.6,0,0.2654,0.1,0.271511871,10%
3407-JMJQQ,Female,0,1,1,71,Two year,0,109,5852,7739,0,0.2654,0.045,0.061332463,3%
6252-DFGTK,Female,0,1,0,37,One year,1,68.1,2127,2519.7,0,0.2654,0.02,0.044321297,4%
1539-LNKHM,Female,0,0,0,12,Month-to-month,3,20.4,2312,244.8,0,0.2654,0,0.143516533,4%
8645-KOMJQ,Male,0,1,1,69,Two year,0,81.95,4640,5654.55,0,0.2654,0.01,0.018301154,2%
0289-IVARM,Female,0,0,0,35,Month-to-month,2,60.55,1590,2119.25,0,0.2654,0.15,0.079357427,20%
9761-XUJWD,Male,0,0,0,5,Month-to-month,0,65.6,2938,328,0,0.2654,0.105,0.339193338,16%
4057-FKCZK,Male,0,1,1,58,Two year,0,82.5,4077,4785,0,0.2654,0.07,0.054620395,6%
4291-TPNFG,Male,0,1,0,72,Two year,0,82.3,4898,5925.6,0,0.2654,0.005,0.012294887,0%
6087-YPWHO,Male,0,1,0,72,Two year,3,68.15,4064,4906.8,0,0.2654,0.025,0.00531234,1%
3090-QFUVD,Female,0,0,0,1,Month-to-month,1,20.3,1612,20.3,0,0.2654,0.081666667,0.197123115,17%
2237-ZFSMY,Female,0,0,0,39,One year,2,95.55,3186,3726.45,1,0.2654,0.675,0.136601851,24%
1722-LDZJS,Male,0,1,1,53,One year,1,20.2,131,1070.6,0,0.2654,0.015,0.007520807,9%
1818-ESQMW,Female,0,0,0,27,Month-to-month,2,89.2,2020,2408.4,0,0.2654,0.18,0.431795946,32%
4871-JTKJF,Female,1,0,0,1,Month-to-month,2,69.65,5449,69.65,1,0.2654,1,0.723531665,92%
1415-YFWLT,Female,1,0,0,1,Month-to-month,2,89.3,6299,89.3,1,0.2654,0.85,0.808586678,88%
7401-RUBNK,Female,0,1,0,18,Month-to-month,2,74.8,806,1346.4,0,0.2654,0.19,0.319872707,30%
0506-YLVKJ,Male,0,1,1,46,Two year,3,20.2,6361,929.2,0,0.2654,0.01,0.009924004,1%
8661-BOYNW,Female,0,1,0,72,Two year,1,84.4,4979,6076.8,0,0.2654,0,0.018728629,1%
6711-VTNRE,Female,0,0,0,36,Month-to-month,2,87.55,2670,3151.8,1,0.2654,0.74,0.363083998,51%
4815-GBTCD,Female,0,1,0,4,Month-to-month,2,25.15,6512,100.6,0,0.2654,0.285,0.643026,46%
2805-AUFQN,Female,0,0,0,25,Two year,1,19.8,4022,495,0,0.2654,0.01,0.018460362,1%
0980-PVMRC,Female,0,1,1,40,Month-to-month,2,50.85,1670,2034,0,0.2654,0.085,0.277056779,22%
7233-DRTRF,Male,0,1,0,63,Month-to-month,2,102.4,5183,6451.2,0,0.2654,0.1,0.388652521,40%
3500-RMZLT,Female,1,0,0,15,Month-to-month,3,96.3,791,1444.5,1,0.2654,0.435,0.460413496,64%
3873-NFTGI,Male,0,0,0,14,Month-to-month,1,55.5,5854,777,0,0.2654,0.21,0.380332425,18%
1162-ECVII,Male,1,1,0,72,Two year,0,109.75,5989,7902,0,0.2654,0.015,0.089930677,2%
7048-GXDAY,Male,0,0,0,39,Month-to-month,2,106.4,3457,4149.6,0,0.2654,0.215,0.442189123,41%
8571-ZCMCX,Female,0,1,1,47,Two year,1,60,2404,2820,0,0.2654,0.055,0.038622319,4%
1169-WCVAK,Male,0,1,0,19,Month-to-month,1,88.8,1159,1687.2,0,0.2654,0.065,0.310837054,10%
4548-SDBKE,Female,0,0,0,5,Month-to-month,2,85.2,4008,426,1,0.2654,0.86,0.738853087,86%
8066-POXGX,Female,0,0,0,13,Month-to-month,2,35.1,3788,456.3,1,0.2654,0.835,0.580101299,61%
7129-CAKJW,Female,0,0,0,17,Month-to-month,0,80.05,628,1360.85,0,0.2654,0.08,0.464955836,14%
8695-ARGXZ,Male,1,1,0,34,Month-to-month,2,75.55,2074,2568.7,0,0.2654,0.26,0.492275611,51%
3570-YUEKJ,Female,0,0,0,42,Month-to-month,2,49.55,1702,2081.1,0,0.2654,0.07,0.118170179,16%
4143-OOBWZ,Male,0,1,0,5,Month-to-month,2,81.3,3556,406.5,1,0.2654,0.99,0.66038235,79%
1555-HAPSU,Female,0,1,1,71,Two year,1,23.9,1147,1696.9,0,0.2654,0,0.002216801,0%
1697-NVVGY,Male,1,1,0,19,Month-to-month,0,66.4,521,1261.6,0,0.2654,0.06,0.189272553,9%
7854-EKTJL,Female,0,0,1,2,Month-to-month,2,19.6,3035,39.2,1,0.2654,0.66,0.230816327,44%
8464-EETCQ,Male,0,0,0,57,Two year,1,18.8,187,1071.6,0,0.2654,0.005,0.003188597,1%
2419-FSORS,Male,0,1,0,72,Two year,2,108.4,5878,7804.8,0,0.2654,0.05,0.079922745,9%
8132-YPVBX,Female,0,0,0,6,Month-to-month,3,85.95,4325,515.7,0,0.2654,0.22,0.679488532,30%
9102-IAYHT,Female,0,1,1,17,Month-to-month,2,85.45,837,1452.65,1,0.2654,0.585,0.620361996,65%
6754-LZUKA,Male,0,1,0,61,Two year,0,80.9,4184,4934.9,0,0.2654,0.01,0.030428077,1%
3422-LYEPQ,Male,0,1,1,1,Month-to-month,2,71,5564,71,1,0.2654,0.93,0.654734812,79%
8099-MZPUJ,Male,0,1,1,48,Two year,1,111.8,4525,5366.4,0,0.2654,0.05,0.051026923,11%
0787-LHDYT,Male,0,0,0,16,Month-to-month,1,20.6,2866,329.6,0,0.2654,0.06,0.147234189,13%
2642-DTVCO,Male,1,0,0,9,Month-to-month,2,85.05,5753,765.45,1,0.2654,0.86,0.775167871,78%
0374-IOEGQ,Female,0,0,0,3,Month-to-month,2,44.6,405,133.8,0,0.2654,0.495,0.340560137,50%
4361-JEIVL,Male,0,0,1,1,Month-to-month,2,44.4,3741,44.4,1,0.2654,0.47,0.420998564,57%
3197-NNYNB,Male,0,0,0,65,Two year,1,105.1,5282,6831.5,0,0.2654,0.05,0.086913438,6%
3396-DKDEL,Female,0,1,1,70,Two year,1,115.15,6115,8060.5,0,0.2654,0.05,0.053433201,4%
1752-OZXFY,Male,0,1,0,60,One year,3,59.8,3084,3588,0,0.2654,0.03,0.033996236,3%
9066-QRSDU,Female,0,1,0,69,One year,2,26.3,1289,1814.7,0,0.2654,0.03,0.01006342,2%
9112-WSNPU,Female,1,0,0,35,Month-to-month,2,70.55,2061,2469.25,0,0.2654,0.215,0.336596978,42%
9867-NNXLC,Female,0,0,0,22,Month-to-month,3,20.05,3982,441.1,0,0.2654,0,0.135123853,3%
5321-NTRKC,Male,0,1,1,66,Two year,0,79.85,4388,5270.1,0,0.2654,0.01,0.021239191,5%
1363-TXLSL,Male,1,1,0,1,Month-to-month,2,70.3,5507,70.3,1,0.2654,0.85,0.724181961,76%
9507-EXLTT,Female,0,1,0,1,Month-to-month,0,79.35,5966,79.35,1,0.2654,0.855,0.713903404,95%
3161-GETRM,Male,0,1,1,34,Month-to-month,1,90.05,2694,3061.7,0,0.2654,0.15,0.489748869,25%
0402-OAMEN,Female,0,1,1,72,Two year,0,24.45,1205,1760.4,0,0.2654,0,0.002069974,0%
6933-VLYFX,Male,0,1,1,31,One year,2,59.95,1409,1858.45,0,0.2654,0.015,0.084236582,4%
6754-WKSHP,Male,0,0,1,30,One year,0,25.35,5633,760.5,0,0.2654,0.09,0.035180096,4%
9846-GKXAS,Female,0,0,0,9,Month-to-month,0,90.8,6053,817.2,1,0.2654,0.86,0.724602897,66%
6017-PPLPX,Male,0,1,1,20,Month-to-month,2,70.45,870,1409,1,0.2654,0.55,0.435895262,54%
4976-LNFVV,Male,1,1,0,19,Month-to-month,1,34.3,4763,651.7,0,0.2654,0.1,0.420207718,30%
5055-MGMGF,Female,0,1,0,65,Month-to-month,2,105.05,5461,6828.25,0,0.2654,0.105,0.351057657,29%
4641-FROLU,Female,0,1,1,30,Two year,3,19.3,4930,579,0,0.2654,0,0.014326752,1%
2862-JVEOY,Male,0,0,0,6,One year,3,19.15,438,114.9,0,0.2654,0.03,0.079526109,4%
2969-QWUBZ,Female,0,0,0,2,Month-to-month,2,51.4,6468,102.8,0,0.2654,0.195,0.646819671,30%
9822-BIIGN,Male,0,1,1,53,Month-to-month,2,71.85,3276,3808.05,0,0.2654,0.04,0.066854733,11%
2077-MPJQO,Male,1,1,0,7,Month-to-month,2,75.4,4454,527.8,0,0.2654,0.17,0.726685282,56%
1534-OULXE,Female,0,1,1,61,One year,0,49.7,2557,3031.7,0,0.2654,0.02,0.017947571,2%
7136-RVDTZ,Male,1,0,0,70,One year,2,45.25,2840,3167.5,1,0.2654,0.69,0.075970842,38%
2971-SGAFL,Female,0,0,0,13,Month-to-month,2,78.75,6521,1023.75,0,0.2654,0.19,0.460918741,20%
1480-IVEVR,Male,1,1,0,35,One year,0,81.6,2440,2856,0,0.2654,0.045,0.293186645,10%
2905-KFQUV,Female,0,1,0,2,Month-to-month,1,70.4,975,140.8,0,0.2654,0.615,0.632301763,69%
4581-SSPWD,Female,0,0,0,3,Month-to-month,2,75.8,2108,227.4,1,0.2654,0.825,0.70133417,78%
3370-HXOPH,Female,0,0,0,3,Month-to-month,2,76.1,2227,228.3,0,0.2654,0.34,0.632197324,67%
9391-YZEJW,Female,0,0,0,62,One year,0,94,4752,5828,0,0.2654,0.09,0.238506995,16%
9958-MEKUC,Male,0,1,1,72,Two year,1,103.95,5785,7484.4,0,0.2654,0,0.024277034,2%
0281-CNTZX,Male,0,1,0,63,Two year,0,19.95,430,1256.85,0,0.2654,0,0.003455095,1%
6927-WTFIV,Male,1,0,0,20,Month-to-month,1,71.3,704,1426,1,0.2654,0.7,0.425051067,30%
4118-CEVPF,Female,1,0,0,35,One year,0,110.8,3283,3878,0,0.2654,0.085,0.215908518,16%
3398-ZOUAA,Male,1,1,0,21,Month-to-month,2,69.1,873,1451.1,1,0.2654,0.425,0.503686666,41%
9114-VEPUF,Male,0,1,0,62,One year,2,96.1,4918,5958.2,0,0.2654,0.055,0.105083437,7%
7876-BEUTG,Female,0,0,0,15,Month-to-month,3,48.8,5625,732,0,0.2654,0.075,0.434812455,20%
2338-BQEZT,Female,0,0,0,55,Month-to-month,1,50.55,2447,2780.25,0,0.2654,0.075,0.059074995,15%
9873-MNDKV,Female,0,0,0,11,Month-to-month,3,44.65,3994,491.15,0,0.2654,0.15,0.392660067,21%
0378-NHQXU,Female,0,1,1,17,Month-to-month,2,88.25,851,1500.25,1,0.2654,0.475,0.49304581,47%
8241-JUIQO,Female,0,0,0,61,One year,0,19.45,608,1186.45,0,0.2654,0.02,0.00596685,1%
2194-IIQOF,Female,0,1,0,71,Two year,1,89.3,5150,6340.3,0,0.2654,0,0.012639274,0%
4512-ZUIYL,Female,0,0,0,2,Month-to-month,0,70,955,140,1,0.2654,0.925,0.532132902,75%
9631-RXVJM,Male,0,0,0,35,Two year,3,19.25,5357,673.75,0,0.2654,0,0.012827509,0%
9584-EXCDZ,Female,0,0,0,17,Month-to-month,0,70.5,309,1198.5,0,0.2654,0.145,0.399484532,28%
7969-AULMZ,Female,0,0,0,21,Month-to-month,2,97.35,1746,2044.35,1,0.2654,0.565,0.695598161,69%
5093-FEGLU,Female,0,1,0,47,Two year,0,19.65,6375,923.55,0,0.2654,0.005,0.00730968,1%
2621-UDNLU,Female,0,1,0,3,Month-to-month,3,20.85,5621,62.55,0,0.2654,0.1,0.238450589,26%
7526-IVLYU,Male,0,0,0,3,Month-to-month,3,19.65,5377,58.95,0,0.2654,0.17,0.278496432,25%
2428-HYUNX,Male,1,1,0,44,Two year,1,19.35,6197,851.4,0,0.2654,0.025,0.013427011,0%
9214-EKVXR,Female,0,0,0,1,Month-to-month,3,44,3734,44,0,0.2654,0.21,0.486006698,54%
3410-MHHUM,Female,0,1,1,44,One year,2,94.4,3650,4153.6,0,0.2654,0.05,0.188148775,18%
0568-ONFPC,Male,0,1,1,5,Month-to-month,0,25.9,638,129.5,1,0.2654,0.635,0.21829807,35%
0733-VUNUW,Male,0,0,0,24,Month-to-month,0,55.65,734,1335.6,1,0.2654,0.705,0.192461929,22%
4550-EVXNY,Female,0,0,1,1,Month-to-month,2,69.65,5449,69.65,1,0.2654,0.95,0.649769274,92%
2122-YWVYA,Female,0,0,0,18,Month-to-month,2,75.4,689,1357.2,0,0.2654,0.085,0.389365297,19%
2968-SSGAA,Female,0,0,0,10,Month-to-month,2,100.6,120,1006,1,0.2654,0.98,0.727474693,95%
2296-DKZFP,Female,0,1,0,65,Two year,0,71,3724,4615,0,0.2654,0.01,0.009852052,3%
4844-JJWUY,Female,1,0,0,1,Month-to-month,2,86,6239,86,1,0.2654,0.98,0.753413069,91%
6777-TGHTM,Female,0,0,0,53,One year,1,106.95,4771,5668.35,1,0.2654,0.84,0.245131127,56%
8909-BOLNL,Male,0,0,0,3,One year,3,21.2,4354,63.6,0,0.2654,0.015,0.112344844,3%
6603-YRDCJ,Male,0,1,0,33,Two year,3,61.05,1648,2014.65,0,0.2654,0.015,0.020285076,1%
3538-WZPHD,Male,0,0,0,3,Month-to-month,2,29.6,5967,88.8,1,0.2654,0.745,0.580494488,54%
3229-USWAR,Female,0,0,0,34,One year,0,79.95,2370,2718.3,0,0.2654,0.05,0.075927501,10%
2138-VFAPZ,Female,0,1,1,14,Two year,3,19.7,2279,275.8,0,0.2654,0.015,0.036455063,1%
6131-JLWZM,Female,0,0,0,13,Month-to-month,3,20.3,2388,263.9,0,0.2654,0.015,0.181363896,5%
4785-QRJHC,Male,1,1,0,46,One year,0,59.9,2441,2755.4,1,0.2654,0.65,0.114101224,29%
0269-XFESX,Male,0,1,1,23,One year,3,24.35,4480,560.05,0,0.2654,0,0.051966334,3%
1709-EJDOX,Female,0,1,1,47,Two year,3,19.75,6437,928.25,0,0.2654,0.005,0.007097296,1%
4316-XCSLJ,Male,0,0,1,17,Month-to-month,3,50.3,6195,855.1,0,0.2654,0.055,0.227100061,14%
8610-WFCJF,Female,0,1,1,49,Month-to-month,2,95.6,4043,4684.4,1,0.2654,0.71,0.488359036,54%
9693-XMUOB,Male,1,1,0,59,Month-to-month,2,50.25,2590,2964.75,0,0.2654,0.19,0.200621514,34%
0383-CLDDA,Female,0,0,0,69,Two year,1,85.35,4838,5889.15,0,0.2654,0,0.020508547,2%
4905-JEFDW,Male,0,0,0,11,One year,2,41.6,3983,457.6,1,0.2654,0.76,0.375726398,40%
2709-UQGNP,Male,0,0,0,10,Month-to-month,3,51.65,4393,516.5,0,0.2654,0.015,0.304653626,11%
3549-ZTMNH,Male,0,1,1,12,Two year,0,24,2341,288,0,0.2654,0.015,0.042752945,2%
7881-INRLC,Male,0,0,0,45,Month-to-month,1,100.85,4010,4538.25,1,0.2654,0.835,0.496666663,54%
8033-ATFAS,Female,0,1,1,39,Month-to-month,3,59.85,1975,2334.15,0,0.2654,0.135,0.174619253,30%
1635-NZATJ,Male,1,1,0,71,Two year,1,25.45,1323,1806.95,0,0.2654,0,0.003204479,0%
0562-HKHML,Male,0,1,1,71,Two year,1,23.9,1099,1696.9,0,0.2654,0,0.002114367,0%
8277-RVRSV,Female,0,1,1,33,One year,1,24.15,6025,796.95,0,0.2654,0.035,0.034164537,2%
9943-VSZUV,Male,1,0,0,67,Month-to-month,3,75.7,4281,5071.9,0,0.2654,0.09,0.270325699,24%
0117-LFRMW,Male,0,1,1,37,Month-to-month,0,40.2,832,1487.4,1,0.2654,0.715,0.082809233,38%
6172-FECYY,Male,0,1,1,49,Month-to-month,2,84.5,3626,4140.5,1,0.2654,0.76,0.294208249,66%
7054-ENNGU,Female,0,1,0,9,Month-to-month,3,50.85,3942,457.65,0,0.2654,0.03,0.308262343,10%
1455-HFBXA,Male,0,1,0,52,Two year,1,91.6,3925,4763.2,0,0.2654,0.025,0.050242734,1%
9402-CXWPL,Female,0,0,0,70,One year,2,98.9,5397,6923,0,0.2654,0.27,0.154151418,21%
1628-BIZYP,Male,0,0,0,1,Month-to-month,2,85,6206,85,0,0.2654,0.93,0.707424636,92%
1965-AKTSX,Female,1,0,0,14,Month-to-month,2,78.95,199,1105.3,1,0.2654,0.92,0.582278239,80%
0082-LDZUE,Male,0,0,0,1,Month-to-month,3,44.3,3739,44.3,0,0.2654,0.315,0.476516753,51%
4786-UKSNZ,Male,0,0,0,1,Month-to-month,3,20.2,1610,20.2,1,0.2654,0.303529762,0.204836263,48%
5343-SGUBI,Female,0,0,0,52,One year,3,80.2,3651,4170.4,0,0.2654,0.08,0.171680938,7%
0856-NAOES,Male,0,0,0,6,Month-to-month,3,60.9,3535,365.4,0,0.2654,0.275,0.389151776,14%
1976-AZZPJ,Male,0,1,0,7,Month-to-month,3,34.2,2216,239.4,0,0.2654,0.12,0.320367585,16%
7248-VZQLC,Female,1,0,0,47,Month-to-month,0,85.2,3391,4004.4,1,0.2654,0.79,0.352026756,41%
6156-UZDLF,Female,0,0,0,26,One year,1,87.15,1909,2265.9,0,0.2654,0.02,0.145981347,4%
3099-OONVS,Male,0,1,1,25,Month-to-month,2,54.3,540,1357.5,0,0.2654,0.015,0.074324692,9%
9500-WBGRP,Male,0,0,0,69,Two year,3,19.1,492,1317.9,0,0.2654,0,0.002832918,1%
5183-KLYEM,Female,0,0,0,72,Two year,1,112.75,6097,8118,0,0.2654,0.015,0.053668165,1%
5144-PQCDZ,Male,0,0,0,4,Month-to-month,3,19.95,4843,79.8,0,0.2654,0.035,0.265374981,13%
8514-VZHEB,Male,0,1,1,59,Two year,3,19.5,282,1150.5,0,0.2654,0,0.002837822,1%
6625-IUTTT,Male,0,0,0,67,Two year,0,65.55,3705,4391.85,0,0.2654,0.025,0.009396651,1%
9355-NPPFS,Female,1,0,0,26,Month-to-month,2,78.8,1631,2048.8,0,0.2654,0.11,0.556640459,41%
0068-FIGTF,Female,0,0,0,27,One year,3,78.2,1704,2111.4,0,0.2654,0.025,0.093552349,7%
5965-GGPRW,Male,0,1,1,72,Two year,0,105.25,5828,7578,0,0.2654,0.02,0.049026598,3%
8035-PWSEV,Female,0,0,0,6,Month-to-month,2,89.25,4112,535.5,0,0.2654,0.2,0.611885987,46%
2236-HILPA,Male,0,1,1,62,Two year,1,20.65,400,1280.3,0,0.2654,0,0.002354418,0%
1840-BIUOG,Male,0,0,0,20,One year,2,68.7,766,1374,0,0.2654,0.045,0.133083282,5%
1356-MKYSK,Male,0,0,0,6,Month-to-month,1,78.65,4079,471.9,0,0.2654,0.155,0.250767466,15%
6080-LNESI,Male,0,0,0,51,Two year,3,24.75,429,1262.25,0,0.2654,0.025,0.006702908,1%
1830-IPXVJ,Female,0,1,1,61,Two year,1,19.75,571,1204.75,0,0.2654,0,0.002515908,1%
5828-DWPIL,Male,1,1,0,62,Month-to-month,2,89.1,4653,5524.2,0,0.2654,0.03,0.204297707,5%
8398-TBIYD,Female,0,0,0,72,Two year,0,84.7,5036,6098.4,0,0.2654,0.025,0.025880756,1%
0011-IGKFF,Male,1,1,0,13,Month-to-month,2,98,435,1274,1,0.2654,0.875,0.632434037,81%
4192-GORJT,Male,0,1,0,5,Month-to-month,2,94.45,4211,472.25,1,0.2654,0.91,0.733182221,78%
6496-SLWHQ,Male,1,0,0,3,Month-to-month,2,105,2542,315,1,0.2654,0.95,0.768885279,87%
9912-GVSEQ,Female,1,1,0,26,Month-to-month,2,93.85,2019,2440.1,1,0.2654,0.66,0.598432396,70%
2931-FSOHN,Male,1,0,0,13,Month-to-month,2,59.9,5948,778.7,0,0.2654,0.1,0.417793389,16%
9418-RUKPH,Female,0,1,1,38,Two year,3,19.95,5808,758.1,0,0.2654,0.035,0.01450563,1%
5383-MMTWC,Female,1,1,0,8,Month-to-month,2,84,5003,672,1,0.2654,0.95,0.782746666,88%
9971-ZWPBF,Male,1,1,1,34,Month-to-month,2,108.9,3133,3702.6,0,0.2654,0.2,0.481177373,26%
4712-AUQZO,Male,0,0,0,18,Month-to-month,3,33.6,4569,604.8,0,0.2654,0.095,0.268816207,10%
9711-FJTBX,Male,0,1,1,56,One year,3,85.85,4047,4807.6,0,0.2654,0.07,0.079746088,2%
2908-ZTPNF,Female,0,0,0,36,Month-to-month,0,34.85,490,1254.6,0,0.2654,0.21,0.144882996,20%
7240-ETPTR,Female,0,1,0,9,Month-to-month,2,48.75,3756,438.75,1,0.2654,0.68,0.656308263,74%
2202-CUYXZ,Male,0,0,0,1,Month-to-month,2,84.85,6179,84.85,1,0.2654,0.945,0.714729174,94%
5995-OIGLP,Male,0,0,0,12,Month-to-month,3,56.65,5231,679.8,1,0.2654,0.725,0.177156143,23%
8421-WZOOW,Female,1,1,1,57,Month-to-month,1,95.3,4614,5432.1,0,0.2654,0.02,0.218000936,6%
6261-RCVNS,Female,0,0,0,42,One year,1,73.9,2743,3103.8,1,0.2654,0.67,0.030515464,14%
7951-QKZPL,Female,0,1,1,33,Two year,3,24.5,5727,808.5,1,0.2654,0.555,0.024099197,8%
1414-YADCW,Male,0,1,0,70,Two year,0,84.6,4708,5922,0,0.2654,0.045,0.012330555,2%
8756-RDDLT,Female,0,0,0,68,Month-to-month,2,44.95,2677,3056.6,0,0.2654,0.015,0.055841331,6%
2862-PFNIK,Male,0,0,1,1,Month-to-month,2,24.7,2042,24.7,0,0.2654,0.225,0.559563737,57%
5816-QVHRX,Female,0,0,0,37,Month-to-month,1,100.3,3069,3711.1,0,0.2654,0.215,0.423657531,33%
4430-YHXGG,Female,0,0,1,4,Month-to-month,3,25.45,6171,101.8,0,0.2654,0.065,0.307846756,8%
6888-SBYAI,Male,0,0,0,1,Month-to-month,3,50.7,4233,50.7,0,0.2654,0.07,0.376780588,37%
7395-XWZOY,Male,0,0,0,20,Month-to-month,1,55,308,1100,0,0.2654,0.1,0.208754785,19%
7169-YWAMK,Male,0,1,1,72,Two year,0,68.4,4095,4924.8,0,0.2654,0.075,0.003668846,1%
3640-PHQXK,Female,0,0,0,31,Month-to-month,2,89.9,2433,2786.9,1,0.2654,0.855,0.567498112,67%
6877-LGWXO,Male,1,1,0,18,Month-to-month,2,78.55,776,1413.9,1,0.2654,0.555,0.524550487,47%
6859-RKMZJ,Male,0,1,0,11,Month-to-month,0,55.05,4968,605.55,0,0.2654,0.065,0.413917804,19%
2729-VNVAP,Female,0,1,1,33,Two year,1,19.8,5165,653.4,0,0.2654,0,0.011648596,1%
2957-JIRMN,Female,1,0,0,62,One year,2,84.45,4197,5235.9,0,0.2654,0.345,0.158665593,10%
2049-BAFNW,Female,0,0,0,1,Month-to-month,3,35.9,3036,35.9,0,0.2654,0.145,0.465775112,53%
3842-QTGDL,Male,0,1,0,16,Month-to-month,0,80.75,586,1292,0,0.2654,0.14,0.270533102,18%
7163-OCEQI,Male,0,1,1,22,One year,3,78.65,1148,1730.3,0,0.2654,0.065,0.177328995,8%
9782-LGXMC,Female,0,1,1,49,Month-to-month,0,61.75,2629,3025.75,0,0.2654,0.035,0.036106599,13%
5975-BAICR,Male,0,1,1,36,One year,1,63.7,1805,2293.2,0,0.2654,0.05,0.062620523,9%
8019-ENHXU,Male,0,1,0,42,Month-to-month,2,99.45,3532,4176.9,1,0.2654,0.785,0.380701478,46%
5167-GBFRE,Male,1,0,0,4,Month-to-month,0,25.2,37,100.8,1,0.2654,0.785,0.565528995,79%
9033-EOXWV,Female,0,0,0,12,One year,3,74.05,6271,888.6,1,0.2654,0.685,0.258242748,64%
4673-KKSLS,Female,0,0,0,31,Month-to-month,2,87.6,2368,2715.6,0,0.2654,0.1,0.200490403,13%
4853-OITSN,Male,0,1,0,5,Month-to-month,2,89.15,3522,445.75,0,0.2654,0.4,0.653689118,47%
9800-OUIGR,Male,0,1,1,66,Two year,1,20,674,1320,0,0.2654,0,0.001931631,0%
1324-NLTJE,Female,1,0,0,15,Month-to-month,1,55,5811,825,1,0.2654,0.42,0.3052139,19%
2324-EFHVG,Male,0,0,0,64,Two year,0,104.4,5313,6681.6,0,0.2654,0.145,0.11163484,6%
7094-MSZAO,Male,0,1,1,10,Month-to-month,1,20.05,1793,200.5,0,0.2654,0.035,0.15558707,9%
1522-VVDMG,Male,0,1,1,7,Month-to-month,2,89.75,4970,628.25,1,0.2654,0.58,0.502155568,41%
6907-CQGPN,Male,0,0,0,29,Month-to-month,2,34.3,12,994.7,0,0.2654,0.08,0.143410722,7%
0780-XNZFN,Male,0,0,0,57,Two year,0,20.65,239,1177.05,0,0.2654,0,0.00326004,2%
0239-OXEXL,Female,0,0,0,46,Month-to-month,3,84.25,3292,3875.5,0,0.2654,0.085,0.199330394,13%
2675-IJRGJ,Male,0,0,0,53,Two year,0,19.65,6496,1041.45,0,0.2654,0.055,0.005154873,2%
7049-GKVZY,Female,0,0,0,17,One year,1,79.85,699,1357.45,0,0.2654,0.06,0.077618519,5%
8577-QSOCG,Female,0,1,1,38,Two year,3,20.2,5752,767.6,0,0.2654,0.055,0.014579728,1%
3721-CNZHX,Male,0,0,0,15,One year,3,19.8,2641,297,0,0.2654,0,0.060274733,4%
0212-ISBBF,Female,0,0,0,22,Month-to-month,2,50.35,195,1107.7,0,0.2654,0.28,0.452414074,45%
9185-TQCVP,Male,0,1,0,14,Month-to-month,2,85.15,268,1192.1,1,0.2654,0.76,0.664104477,88%
3585-YNADK,Female,0,1,0,57,One year,0,74.6,3710,4252.2,0,0.2654,0.015,0.035652859,3%
5271-DBYSJ,Male,1,0,0,11,Month-to-month,1,79.15,6121,870.65,0,0.2654,0.16,0.700628402,40%
1099-GODLO,Female,0,1,1,1,Two year,3,20.35,1613,20.35,0,0.2654,0.135,0.047087532,2%
6828-HMKWP,Male,0,1,1,12,Two year,0,21.05,2267,252.6,0,0.2654,0,0.025084298,1%
5567-WSELE,Male,1,1,0,3,Month-to-month,2,94.6,2418,283.8,1,0.2654,0.82,0.809424912,88%
1472-TNCWL,Male,0,0,1,36,Month-to-month,2,94.7,3047,3409.2,0,0.2654,0.06,0.427811952,22%
8063-RJYNF,Male,0,0,0,16,Month-to-month,2,94.25,880,1508,1,0.2654,0.82,0.517315291,67%
0687-ZVTHB,Male,0,1,1,65,One year,1,72.45,3940,4709.25,1,0.2654,0.645,0.021955055,25%
2080-GKCWQ,Male,0,0,0,2,Month-to-month,2,74.95,926,149.9,0,0.2654,0.13,0.495346229,43%
9661-ACXBS,Female,0,0,0,42,Month-to-month,2,105.2,3752,4418.4,1,0.2654,0.795,0.467645477,62%
2193-SFWQW,Male,0,1,1,72,Two year,0,111.95,6034,8060.4,0,0.2654,0.035,0.026098001,1%
5656-JAMLX,Male,0,0,0,62,Two year,0,19.85,463,1230.7,0,0.2654,0,0.002534386,1%
3462-BJQQA,Female,0,0,0,6,Month-to-month,2,89.75,4584,538.5,0,0.2654,0.34,0.69777731,65%
0442-TDYUO,Male,0,1,0,48,Two year,3,20.05,75,962.4,0,0.2654,0,0.007903929,1%
6733-LRIZX,Male,0,0,0,35,Two year,2,108.95,3443,3813.25,0,0.2654,0.06,0.127905917,9%
9503-XJUME,Male,0,0,1,52,One year,1,19.65,6386,1021.8,0,0.2654,0.055,0.010179595,1%
4367-NHWMM,Female,0,0,0,1,Month-to-month,3,24.9,2045,24.9,0,0.2654,0.655,0.626244278,56%
3727-RJMEO,Male,0,1,0,6,Month-to-month,2,82.85,3910,497.1,1,0.2654,0.92,0.71790253,83%
3779-OSWCF,Female,0,1,0,71,Two year,1,93.2,5210,6617.2,0,0.2654,0.01,0.014777751,1%
6736-DHUQI,Female,0,1,1,67,One year,0,84.8,4633,5681.6,0,0.2654,0.075,0.034890708,5%
3915-ODIYG,Male,1,0,0,60,One year,2,71.75,3713,4305,0,0.2654,0.045,0.055832664,7%
1360-RCYRT,Male,0,1,1,23,Month-to-month,0,30.35,5363,698.05,0,0.2654,0.155,0.272145104,18%
2724-FJDYW,Male,0,0,1,39,One year,0,54.85,1811,2139.15,0,0.2654,0.025,0.085237377,8%
4451-RWASJ,Male,0,1,1,15,One year,3,19.5,2028,292.5,0,0.2654,0.01,0.068592601,5%
6646-VRFOL,Male,1,1,0,53,Month-to-month,2,103.85,4552,5504.05,1,0.2654,0.89,0.499297583,76%
3460-TJBWI,Male,0,1,1,24,Two year,3,24.2,4973,580.8,0,0.2654,0,0.0240078,1%
5917-HBSDW,Female,0,1,1,37,Month-to-month,2,19.35,5396,715.95,0,0.2654,0.02,0.045987294,6%
5685-IIXLY,Female,0,1,1,5,Month-to-month,2,83.6,3454,418,1,0.2654,0.895,0.619464217,68%
5671-UUNXD,Female,1,1,0,50,One year,2,100.65,4347,5032.5,0,0.2654,0.085,0.311804118,26%
0956-ACVZC,Female,0,0,0,54,One year,1,94.1,4282,5081.4,0,0.2654,0.14,0.23097188,19%
2325-NBPZG,Female,0,0,0,3,Month-to-month,2,74.55,1964,223.65,0,0.2654,0.165,0.522744765,28%
4250-ZBWLV,Male,0,0,0,68,One year,2,108.45,5614,7374.6,1,0.2654,0.765,0.126280278,61%
4482-FTFFX,Male,0,0,0,5,Month-to-month,2,56.15,2515,280.75,0,0.2654,0.15,0.261769199,31%
8859-DZTGQ,Male,0,0,0,33,Two year,3,20.35,5435,671.55,0,0.2654,0,0.014603518,1%
0440-MOGPM,Female,0,0,0,41,One year,2,80.55,2839,3302.55,0,0.2654,0.04,0.155437622,10%
0020-JDNXP,Female,0,1,1,34,One year,3,61.25,1602,2082.5,0,0.2654,0.04,0.086681172,5%
3752-CQSJI,Female,0,1,1,13,Month-to-month,3,20.45,2193,265.85,0,0.2654,0.025,0.159561196,5%
5025-GOOKI,Female,0,0,0,20,Month-to-month,1,18.9,3003,378,0,0.2654,0.07,0.125882713,10%
4698-KVLLG,Female,1,0,0,51,Two year,1,19.6,6479,999.6,0,0.2654,0,0.007290349,0%
5095-AESKG,Female,0,1,0,3,Month-to-month,1,91.5,2067,274.5,1,0.2654,0.93,0.719820206,81%
2887-JPYLU,Female,0,0,1,41,Month-to-month,0,45.2,1402,1853.2,0,0.2654,0.025,0.08192097,8%
4770-QAZXN,Female,0,0,0,13,Month-to-month,1,19.45,1954,252.85,0,0.2654,0.025,0.122331709,7%
4896-CPRPF,Male,0,1,1,35,Two year,0,25.45,6052,890.75,0,0.2654,0,0.013923098,1%
1871-MOWRM,Male,0,1,0,12,Month-to-month,0,80.85,6258,970.2,1,0.2654,0.745,0.32121923,44%
9714-EDSUC,Male,0,0,0,4,Month-to-month,3,94.9,3118,379.6,0,0.2654,0.505,0.465818002,36%
2027-OAQQC,Female,0,0,0,43,Month-to-month,0,49.05,1701,2109.15,1,0.2654,0.71,0.284438341,44%
0282-NVSJS,Female,1,1,1,12,Month-to-month,3,29.3,3077,351.6,0,0.2654,0.165,0.429717953,29%
9090-SGQXL,Male,1,1,0,68,Month-to-month,2,105.3,5661,7160.4,1,0.2654,0.73,0.429524318,51%
6595-YGXIT,Male,1,0,0,25,Month-to-month,2,88.95,1934,2223.75,1,0.2654,0.83,0.559613248,70%
7353-YOWFP,Female,0,0,0,7,One year,3,20.25,526,141.75,0,0.2654,0.025,0.081661898,2%
9835-ZIITK,Male,1,1,0,66,One year,2,110.85,5765,7316.1,1,0.2654,0.355,0.220329974,37%
8008-ESFLK,Female,0,1,0,53,One year,2,110.5,4809,5856.5,0,0.2654,0.11,0.101857941,30%
7537-CBQUZ,Male,1,0,0,63,Month-to-month,0,109.4,5536,6892.2,0,0.2654,0.075,0.329596589,6%
1555-DJEQW,Female,0,1,1,70,Two year,0,114.2,5882,7994,1,0.2654,0.045,0.048740509,4%
5649-TJHOV,Male,1,1,0,27,Month-to-month,0,36.5,68,985.5,1,0.2654,0.825,0.333289486,70%
0519-XUZJU,Female,0,0,0,1,Month-to-month,3,70.75,5516,70.75,1,0.2654,0.87,0.633770476,75%
3363-EWLGO,Female,0,0,0,5,Month-to-month,3,19.95,177,99.75,0,0.2654,0.075,0.171488909,21%
4750-UKWJK,Female,1,1,0,37,One year,3,19.6,5651,725.2,0,0.2654,0,0.032429938,1%
6338-AVWCY,Male,0,0,0,3,Month-to-month,3,40.15,551,120.45,1,0.2654,0.87,0.609421696,73%
1689-YQBYY,Female,0,0,1,12,Month-to-month,2,76.6,6311,919.2,0,0.2654,0.315,0.646632502,48%
4487-ZYJZK,Female,0,1,1,38,One year,1,19.6,5842,744.8,0,0.2654,0,0.020378422,1%
2959-FENLU,Female,0,0,0,9,Month-to-month,1,85.3,5925,767.7,0,0.2654,0.225,0.687010485,49%
0708-LGSMF,Male,0,1,0,13,Month-to-month,2,65.85,6332,856.05,0,0.2654,0.095,0.426386749,33%
9253-QXKBE,Male,1,1,0,29,Month-to-month,2,94.45,2301,2739.05,1,0.2654,0.87,0.667407022,61%
7634-HLQJR,Female,0,1,1,47,Two year,1,20.05,34,942.35,0,0.2654,0,0.004762718,1%
0487-RPVUM,Male,0,1,0,61,Month-to-month,0,99.4,4874,6063.4,0,0.2654,0.1,0.148329865,10%
4079-ULGFR,Male,0,0,0,16,Month-to-month,3,20,2389,320,0,0.2654,0.055,0.116587041,7%
2516-XSJKX,Female,0,1,1,41,Two year,2,78.45,2716,3216.45,0,0.2654,0.065,0.016830962,1%
0057-QBUQH,Female,0,0,1,43,Two year,2,25.1,137,1079.3,0,0.2654,0.01,0.011061945,1%
9445-SZLCH,Female,0,1,1,36,Month-to-month,0,97.35,2991,3504.6,1,0.2654,0.22,0.428447179,29%
6599-SFQVE,Female,0,0,0,6,Month-to-month,2,55,2947,330,0,0.2654,0.1,0.49267779,32%
8331-ZXFOE,Female,0,0,0,58,One year,1,71.1,3654,4123.8,0,0.2654,0.04,0.025690881,4%
4003-FUSHP,Male,0,0,0,19,Month-to-month,1,61.55,185,1169.45,0,0.2654,0.135,0.236451158,11%
0356-ERHVT,Male,0,1,0,11,Month-to-month,0,45.9,4367,504.9,0,0.2654,0.305,0.367291191,32%
7325-ENZFI,Female,0,0,0,39,One year,0,40.3,1105,1571.7,0,0.2654,0.02,0.045040247,3%
4884-ZTHVF,Female,1,0,0,8,Month-to-month,2,87.1,5592,696.8,0,0.2654,0.295,0.685484236,52%
3920-HIHMQ,Female,0,0,1,26,Month-to-month,3,49.5,484,1287,0,0.2654,0.135,0.24743965,7%
3055-OYMSE,Female,1,0,0,53,Month-to-month,1,73.8,3420,3911.4,0,0.2654,0.465,0.240961422,36%
0613-WUXUM,Female,0,1,1,70,Two year,3,19.2,737,1344,0,0.2654,0.02,0.002477167,1%
7568-PODML,Male,0,0,0,1,Month-to-month,3,45.3,3816,45.3,1,0.2654,0.945,0.733471499,88%
4458-KVRBJ,Male,0,0,0,59,Two year,3,25,929,1475,0,0.2654,0,0.004820698,0%
5349-IECLD,Male,0,0,0,2,Month-to-month,2,94.95,1307,189.9,1,0.2654,0.88,0.64767714,85%
1397-XKKWR,Male,0,0,0,7,One year,3,35.3,2287,247.1,0,0.2654,0.055,0.202707118,6%
3945-GFWQL,Female,0,0,1,12,Month-to-month,2,44.55,4055,534.6,1,0.2654,0.695,0.331043886,32%
8097-OMULG,Male,0,1,1,59,One year,1,76.75,3871,4528.25,0,0.2654,0.01,0.028020663,6%
6013-BHCAW,Male,0,1,1,61,Two year,0,81,4209,4941,0,0.2654,0.005,0.029968714,2%
0401-WDBXM,Male,0,1,1,72,Two year,0,105.55,5794,7599.6,0,0.2654,0.025,0.067235186,3%
3387-PLKUI,Female,0,1,1,13,Month-to-month,3,18.8,2165,244.4,0,0.2654,0.32,0.116101781,9%
6096-EGVTU,Female,0,1,1,64,One year,3,24.9,1050,1593.6,0,0.2654,0.015,0.00751087,1%
3797-VTIDR,Male,0,1,0,1,Month-to-month,2,23.45,1940,23.45,1,0.2654,0.67,0.602561523,71%
5081-NWSUP,Female,0,0,0,10,One year,3,64.9,5410,649,0,0.2654,0.085,0.160774649,14%
2580-ATZSQ,Female,0,1,1,65,One year,0,61.35,3314,3987.75,0,0.2654,0.11,0.011426865,2%
8085-MSNLK,Female,0,1,0,62,Two year,3,113.95,5437,7064.9,0,0.2654,0.02,0.056460294,2%
9691-HKOVS,Female,0,1,0,55,One year,2,90.15,4167,4958.25,0,0.2654,0.01,0.059972557,3%
9881-VCZEP,Female,0,1,0,25,Month-to-month,2,54.1,672,1352.5,0,0.2654,0.03,0.197161999,16%
9526-BIHHD,Male,0,0,0,1,Month-to-month,3,29.7,2504,29.7,1,0.2654,0.705,0.425350291,33%
8757-TFHHJ,Male,0,0,0,1,Month-to-month,1,49.8,4145,49.8,0,0.2654,0.13,0.349016467,19%
4523-WXCEF,Female,0,1,0,59,Month-to-month,2,101.1,4939,5964.9,1,0.2654,0.76,0.369067088,41%
1468-DEFNC,Male,1,1,1,64,Two year,0,24.4,984,1561.6,0,0.2654,0,0.004584517,0%
5119-KEPFY,Male,0,1,0,36,Month-to-month,0,95,2981,3420,0,0.2654,0.08,0.571431315,27%
8364-TRMMK,Female,0,0,0,3,Month-to-month,3,50.65,924,151.95,1,0.2654,0.57,0.506358027,40%
0916-KNFAJ,Male,0,1,0,61,Two year,3,69.9,3608,4263.9,0,0.2654,0.025,0.025598036,1%
8319-QBEHW,Male,0,0,1,26,One year,0,39.95,47,1038.7,0,0.2654,0.065,0.141126002,9%
3063-QFSZL,Female,0,0,0,1,Month-to-month,2,55.4,4563,55.4,1,0.2654,0.205,0.562318838,53%
8775-LHDJH,Female,1,1,0,1,Month-to-month,2,90.6,6325,90.6,1,0.2654,0.84,0.783390182,92%
9625-QNLUX,Male,0,1,1,68,Two year,1,103.25,5554,7021,0,0.2654,0.035,0.045700619,8%
3097-NQYSN,Male,1,1,0,2,Month-to-month,3,86.85,1006,173.7,1,0.2654,0.88,0.772062808,83%
4024-CSNBY,Female,0,1,0,72,Two year,0,94.25,5409,6786,0,0.2654,0.02,0.025194903,1%
7110-BDTWG,Female,0,1,0,71,Two year,2,47.05,2838,3340.55,0,0.2654,0.035,0.019940481,3%
7493-GVFIO,Male,0,0,0,57,Two year,1,20.55,460,1171.35,0,0.2654,0.005,0.003443674,1%
0690-SRQID,Male,0,0,0,4,Month-to-month,3,19.65,5317,78.6,0,0.2654,0.035,0.268582014,13%
9605-WGJVW,Female,1,0,0,1,Month-to-month,2,70.2,5505,70.2,0,0.2654,0.38,0.726561498,78%
9114-DPSIA,Male,0,1,1,72,Two year,1,81,4749,5832,0,0.2654,0,0.00737603,0%
4700-UBQMV,Male,0,1,1,21,One year,0,75.9,985,1593.9,0,0.2654,0.04,0.156913425,5%
7711-GQBZC,Female,0,1,1,71,Two year,0,24.7,1363,1753.7,0,0.2654,0,0.002205422,0%
3565-UNOCC,Female,1,1,0,29,Month-to-month,0,99.05,2550,2872.45,1,0.2654,0.725,0.655584509,67%
4627-MIHJH,Female,1,0,0,69,Two year,1,110.25,5756,7607.25,0,0.2654,0.05,0.059310248,9%
9795-NREXC,Female,0,1,0,64,Two year,1,85,4551,5440,0,0.2654,0,0.023908332,2%
8573-CGOCC,Male,0,0,0,16,Month-to-month,1,19.75,2544,316,0,0.2654,0.06,0.107213856,18%
7356-AYNJP,Female,0,0,0,4,One year,2,23.9,6483,95.6,0,0.2654,0.075,0.141874795,8%
9249-FXSCK,Female,0,0,0,52,One year,1,111.25,4851,5785,1,0.2654,0.8,0.170991427,40%
5493-SDRDQ,Male,0,0,0,2,Month-to-month,3,55.1,249,110.2,1,0.2654,0.74,0.312377059,52%
6286-SUUWT,Male,0,0,0,1,Month-to-month,3,19.95,1493,19.95,0,0.2654,0.491333333,0.202981462,49%
4819-HJPIW,Male,0,0,0,18,Month-to-month,3,25.15,4032,452.7,0,0.2654,0.09,0.371720742,10%
8654-DHAOW,Female,0,0,0,2,Month-to-month,3,54.15,22,108.3,0,0.2654,0.14,0.36957766,19%
5438-QMDDL,Female,0,1,0,19,Month-to-month,3,59.8,255,1136.2,0,0.2654,0.08,0.318631774,15%
9812-GHVRI,Female,0,0,0,40,Month-to-month,0,83.85,3061,3354,0,0.2654,0.15,0.394467076,32%
5553-AOINX,Female,1,1,1,66,One year,2,104.9,5438,6923.4,0,0.2654,0.395,0.237125314,27%
1228-ZLNBX,Male,0,0,0,21,Month-to-month,3,75.3,1022,1581.3,0,0.2654,0.12,0.467210292,12%
4226-KKDON,Male,0,0,0,8,Month-to-month,2,66.65,4359,533.2,0,0.2654,0.145,0.331535811,15%
3831-YCPUO,Female,0,1,1,72,Two year,1,109.5,5939,7884,0,0.2654,0.01,0.035404392,0%
7445-WMRBW,Female,0,0,0,48,One year,0,73.85,3103,3544.8,0,0.2654,0.02,0.059594774,5%
3308-DGHKL,Male,0,0,0,69,Two year,0,19.3,830,1331.7,0,0.2654,0,0.002516887,1%
9924-JPRMC,Male,0,0,0,72,Two year,2,118.2,6226,8510.4,0,0.2654,0.085,0.066480316,5%
0080-EMYVY,Female,0,0,0,14,One year,1,51.45,5652,720.3,0,0.2654,0.07,0.141080804,4%
6218-KNUBD,Male,0,0,0,6,Month-to-month,2,59.45,3092,356.7,0,0.2654,0.075,0.328718755,10%
7337-CINUD,Female,0,1,1,8,Two year,0,19.5,1044,156,0,0.2654,0.02,0.028559793,1%
7609-NRNCA,Female,0,0,0,17,One year,3,19.55,2430,332.35,0,0.2654,0,0.056653486,2%
0623-EJQEG,Male,0,0,0,65,One year,2,93.55,4960,6080.75,0,0.2654,0.14,0.074541268,19%
7153-CHRBV,Female,0,1,1,57,One year,3,59.3,2850,3380.1,0,0.2654,0.06,0.018654043,3%
0871-URUWO,Male,0,1,0,13,Month-to-month,1,102.25,650,1329.25,1,0.2654,0.88,0.712441334,74%
9190-MFJLN,Male,1,0,0,19,Month-to-month,1,95.9,1303,1822.1,1,0.2654,0.81,0.644288598,53%
6198-PNNSZ,Female,0,1,0,56,One year,0,109.8,4988,6148.8,0,0.2654,0.155,0.149523084,30%
3317-VLGQT,Female,0,1,0,14,Month-to-month,2,78.1,234,1093.4,0,0.2654,0.505,0.597408653,60%
4132-POCZS,Male,0,1,0,52,Month-to-month,2,39.9,1654,2074.8,0,0.2654,0.06,0.131510213,14%
5614-DNZCE,Female,0,0,0,58,Two year,1,64.9,3253,3764.2,0,0.2654,0.01,0.008108864,1%
1095-JUDTC,Female,1,0,0,47,Month-to-month,2,95.05,3831,4467.35,1,0.2654,0.43,0.366638837,49%
3896-RCYYE,Female,0,0,0,67,Month-to-month,1,53.4,3097,3577.8,0,0.2654,0.09,0.112572322,8%
9638-JIQYA,Male,0,0,0,2,Month-to-month,1,24.9,4143,49.8,0,0.2654,0.665,0.606721626,62%
3258-SANFR,Male,1,0,0,6,Month-to-month,1,44.7,2398,268.2,0,0.2654,0.23,0.351955431,31%
3726-TBHQT,Male,0,1,1,71,Two year,0,114,6089,8094,0,0.2654,0.01,0.045751886,3%
3190-ITQXP,Female,0,1,1,46,Two year,0,20.25,6305,931.5,0,0.2654,0,0.006516852,1%
0870-VEMYL,Female,0,0,0,5,Month-to-month,1,53.85,2242,269.25,1,0.2654,0.285,0.177255978,22%
4833-QTJNO,Male,1,1,0,67,Month-to-month,0,83.85,4625,5617.95,0,0.2654,0.03,0.120893627,12%
3039-MJSLN,Male,0,0,1,3,Month-to-month,0,20.2,4231,60.6,0,0.2654,0.05,0.162048956,11%
0178-CIIKR,Female,0,0,0,3,Month-to-month,3,19.95,4780,59.85,0,0.2654,0.13,0.221969178,25%
5385-SUIRI,Male,1,1,0,52,Month-to-month,2,104.2,4616,5418.4,1,0.2654,0.77,0.442738358,63%
3982-XWFZQ,Female,0,1,0,42,Month-to-month,2,50.25,1835,2110.5,1,0.2654,0.665,0.183634249,31%
5774-QPLTF,Male,0,1,1,50,One year,3,20.35,6415,1017.5,0,0.2654,0.05,0.017870663,3%
2322-VCZHZ,Male,1,1,0,23,Month-to-month,2,90,1658,2070,0,0.2654,0.11,0.434839924,25%
5010-IPEAQ,Female,0,1,1,67,Two year,1,54.2,3130,3631.4,0,0.2654,0,0.006693352,1%
4009-ALQFH,Female,0,0,0,25,Month-to-month,2,99.5,2003,2487.5,1,0.2654,0.795,0.545165855,72%
6383-ZTSIW,Female,1,1,0,39,One year,3,99.1,3318,3864.9,0,0.2654,0.11,0.192611112,15%
8990-YOZLV,Female,0,0,0,69,Two year,3,66.9,3894,4616.1,0,0.2654,0.04,0.009053388,2%
3069-SSVSN,Female,0,0,0,1,One year,3,25.85,2159,25.85,0,0.2654,0.14,0.364205208,11%
5222-IMUKT,Male,0,0,0,32,Month-to-month,2,91.05,2479,2913.6,0,0.2654,0.13,0.462163449,28%
3627-FCRDW,Female,0,0,0,9,Month-to-month,2,71,5330,639,1,0.2654,0.285,0.5555291,51%
7562-GSUHK,Female,0,0,0,16,Month-to-month,1,93.2,1024,1491.2,1,0.2654,0.32,0.556643227,34%
6685-XSHHU,Male,0,1,1,60,Two year,0,20.95,499,1257,0,0.2654,0,0.003461437,0%
8901-UPRHR,Female,0,1,1,72,Two year,0,109.2,5875,7862.4,0,0.2654,0.075,0.066536268,2%
4903-UYAVB,Male,0,1,0,5,Month-to-month,3,19.35,474,96.75,1,0.2654,0.685,0.169536409,42%
0118-JPNOY,Female,1,0,0,26,Month-to-month,1,85.8,1815,2230.8,0,0.2654,0.415,0.423932474,39%
6776-TLWOI,Male,0,0,0,3,Month-to-month,3,19.85,5159,59.55,1,0.2654,0.775,0.217060792,47%
3845-FXCYS,Male,0,0,0,2,Month-to-month,2,19.65,2696,39.3,0,0.2654,0.07,0.252556297,19%
5857-XRECV,Female,0,0,1,2,One year,0,20.5,3256,41,0,0.2654,0.055,0.085640079,5%
0725-CXOTM,Female,0,0,0,36,One year,1,89.65,2904,3227.4,0,0.2654,0.025,0.115303443,10%
4343-EJVQB,Male,0,0,0,7,Month-to-month,3,74.35,4456,520.45,0,0.2654,0.2,0.438686473,20%
9000-PLFUZ,Female,1,1,0,60,Two year,1,49.45,2511,2967,0,0.2654,0.04,0.047007812,2%
3427-GGZZI,Female,0,1,0,19,Month-to-month,2,89.1,1091,1692.9,0,0.2654,0.2,0.601287752,46%
7779-ORAEL,Male,1,1,0,45,Two year,1,75.15,3018,3381.75,0,0.2654,0.02,0.024813797,1%
0644-OQMDK,Male,1,0,0,4,Month-to-month,2,70.65,2533,282.6,0,0.2654,0.245,0.666554796,56%
4077-CROMM,Female,0,1,1,31,Month-to-month,2,104.2,2823,3230.2,1,0.2654,0.845,0.508209911,55%
3154-CFSZG,Male,0,1,1,47,Month-to-month,2,90.05,3531,4232.35,0,0.2654,0.215,0.199756832,19%
2868-MZAGQ,Male,0,0,0,1,Month-to-month,2,79.25,5965,79.25,1,0.2654,0.975,0.740859069,88%
4847-QNOKA,Female,0,0,0,1,Month-to-month,0,44.9,3749,44.9,1,0.2654,0.865,0.455602656,62%
2220-IAHLS,Female,0,0,0,1,Month-to-month,1,19.4,1482,19.4,0,0.2654,0.1,0.192921707,12%
1658-XUHBX,Female,1,1,1,59,Month-to-month,1,88.75,4464,5236.25,0,0.2654,0.1,0.370258108,13%
6379-RXJRQ,Male,0,1,0,10,Month-to-month,2,70.1,5260,701,1,0.2654,0.865,0.616204917,63%
2378-HTWFW,Male,1,0,0,35,Month-to-month,1,91,2764,3185,0,0.2654,0.115,0.382951233,23%
8650-RHRKE,Male,0,0,0,4,Month-to-month,2,29.65,337,118.6,1,0.2654,0.815,0.540560672,64%
4377-VDHYI,Male,0,1,1,32,One year,2,90.8,2628,2905.6,0,0.2654,0.095,0.171377061,16%
0475-RIJEP,Male,0,0,0,43,Month-to-month,2,77.85,2921,3347.55,1,0.2654,0.75,0.328175157,42%
1260-TTRXI,Male,0,0,0,4,Month-to-month,2,54.3,1552,217.2,1,0.2654,0.505,0.399415738,41%
3719-TDVQB,Female,1,1,0,54,Two year,3,18.95,65,1023.3,0,0.2654,0.03,0.007079312,4%
6328-ZPBGN,Female,1,0,0,11,Month-to-month,0,95.15,6525,1046.65,1,0.2654,0.77,0.794790937,89%
0201-MIBOL,Female,1,0,0,66,Two year,0,102.4,5197,6758.4,0,0.2654,0.145,0.107370913,14%
4937-QPZPO,Male,0,1,1,61,One year,2,99.9,5064,6093.9,0,0.2654,0.085,0.241436772,33%
2925-VDZHY,Male,0,1,1,72,Two year,1,88.7,5208,6386.4,0,0.2654,0,0.009626628,0%
6981-TDRFT,Male,0,1,1,44,One year,2,54.3,1952,2389.2,0,0.2654,0.06,0.10670871,19%
3413-CSSTH,Male,0,0,0,41,Month-to-month,0,55.7,1871,2283.7,0,0.2654,0.08,0.168618865,19%
8033-VCZGH,Male,0,1,0,50,One year,2,103.95,4385,5197.5,0,0.2654,0.175,0.242636831,37%
4789-KWMXN,Male,0,1,0,47,One year,1,110.85,4413,5209.95,1,0.2654,0.135,0.206283739,20%
0224-NIJLP,Male,0,1,1,8,Two year,3,20.15,1130,161.2,0,0.2654,0,0.032027686,1%
7542-CYDDM,Male,0,0,0,18,Month-to-month,3,20.05,3100,360.9,0,0.2654,0.015,0.110816798,3%
4718-WXBGI,Male,0,1,1,72,Two year,1,91.95,5276,6620.4,0,0.2654,0.005,0.015142626,0%
2867-UIMSS,Male,0,0,0,1,Month-to-month,2,80.5,6020,80.5,1,0.2654,0.96,0.680616391,91%
8495-PRWFH,Female,1,0,0,42,Month-to-month,2,55.65,2069,2337.3,0,0.2654,0.215,0.161789935,27%
0439-IFYUN,Female,1,0,0,18,Month-to-month,2,74.7,537,1344.6,0,0.2654,0.235,0.489339287,31%
5716-LIBJC,Female,0,0,1,13,One year,1,104.15,544,1353.95,0,0.2654,0.12,0.425703175,18%
2868-LLSKM,Female,0,1,1,68,One year,0,83.65,4737,5688.2,0,0.2654,0.02,0.065105367,6%
8111-RKSPX,Male,0,0,0,4,Month-to-month,0,72.2,2651,288.8,1,0.2654,0.915,0.65086298,82%
2988-QRAJY,Male,0,0,0,69,Two year,1,110.05,5744,7593.45,0,0.2654,0.025,0.076485064,27%
1585-MQSSU,Male,0,0,0,17,Month-to-month,3,51.5,6328,875.5,1,0.2654,0.745,0.22634047,32%
0071-NDAFP,Male,0,1,1,25,Two year,1,25.5,5093,637.5,0,0.2654,0.03,0.021810371,2%
2856-NNASM,Male,1,0,0,43,Month-to-month,3,89.55,3299,3850.65,1,0.2654,0.735,0.513515181,41%
7328-ZJAJO,Female,0,1,1,59,Two year,1,19.5,411,1150.5,0,0.2654,0,0.002715918,1%
6458-CYIDZ,Female,1,0,0,5,Month-to-month,2,80.7,3219,403.5,0,0.2654,0.125,0.440725898,26%
8559-CIZFV,Male,0,1,1,21,One year,3,77.5,1096,1627.5,1,0.2654,0.1,0.065735912,3%
1090-PYKCI,Female,0,1,1,69,One year,1,105.1,5636,7251.9,0,0.2654,0.06,0.072391467,5%
3058-WQDRE,Male,0,0,0,13,Month-to-month,0,25.15,2876,326.95,0,0.2654,0.14,0.457019368,43%
7547-EKNFS,Male,0,1,0,42,Month-to-month,0,95.25,3386,4000.5,1,0.2654,0.675,0.408601412,21%
2279-AXJJK,Male,0,1,0,52,Month-to-month,1,95.65,4297,4973.8,0,0.2654,0.08,0.320323286,16%
6769-DYBQN,Male,1,0,0,46,Month-to-month,2,85,3392,3910,1,0.2654,0.55,0.25510119,41%
0909-SELIE,Male,0,1,0,61,Two year,0,80.8,4104,4928.8,0,0.2654,0,0.015747251,1%
3417-TSCIC,Male,0,0,0,29,One year,3,24.85,5947,720.65,0,0.2654,0.065,0.199193381,5%
1042-HFUCW,Female,0,0,1,25,One year,1,54.75,486,1368.75,0,0.2654,0.105,0.061386009,5%
4439-JMPMT,Female,0,1,1,5,Month-to-month,2,85.75,3984,428.75,1,0.2654,0.83,0.569382509,68%
6537-OTKMY,Male,0,0,0,15,One year,2,50.75,5426,761.25,0,0.2654,0.1,0.346762863,28%
8999-EXMNO,Female,0,1,1,19,Two year,3,20.15,3309,382.85,0,0.2654,0.005,0.02251151,1%
6725-TPKJO,Male,0,0,0,44,Two year,3,20.05,6191,882.2,0,0.2654,0,0.009023752,0%
2446-BEGGB,Female,1,0,0,6,Month-to-month,2,98.25,4637,589.5,1,0.2654,0.92,0.779431128,83%
7162-WPHPM,Male,0,1,1,58,Two year,1,71.6,3610,4152.8,0,0.2654,0.005,0.007293528,1%
1599-MMYRQ,Male,0,1,1,62,One year,1,81.45,4215,5049.9,0,0.2654,0.025,0.055486517,2%
8821-KVZKQ,Female,0,1,1,70,One year,0,58.4,3506,4088,0,0.2654,0.02,0.037559954,4%
1496-GGSUK,Female,1,0,0,1,Month-to-month,3,25.7,2156,25.7,1,0.2654,0.87,0.669165305,78%
6434-TTGJP,Male,0,1,1,10,Two year,1,53.7,4362,537,0,0.2654,0.01,0.063661236,1%
0042-JVWOJ,Male,0,0,0,26,One year,0,19.6,3990,509.6,0,0.2654,0,0.046526385,1%
0130-SXOUN,Male,0,0,0,66,Month-to-month,1,89.4,4896,5900.4,0,0.2654,0.06,0.224638715,13%
2575-GFSOE,Female,0,1,1,7,Month-to-month,2,69,4280,483,1,0.2654,0.765,0.590929624,45%
2330-PQGDQ,Male,0,1,1,51,One year,0,84.2,3655,4294.2,0,0.2654,0.015,0.073172166,9%
1452-UZOSF,Male,0,1,1,72,Two year,1,106.1,5798,7639.2,0,0.2654,0.005,0.032276512,2%
2097-YVPKN,Male,0,0,0,65,Two year,3,25.75,1140,1673.75,0,0.2654,0,0.003816915,0%
2842-JTCCU,Male,0,0,0,2,Month-to-month,0,46.05,6019,92.1,1,0.2654,0.54,0.389287843,52%
8597-CTXVJ,Male,0,0,1,70,One year,0,64.95,3881,4546.5,0,0.2654,0.025,0.008788778,3%
6631-HMANX,Male,0,1,0,72,Two year,1,85.45,5057,6152.4,0,0.2654,0,0.024387976,1%
9962-BFPDU,Female,0,1,1,1,Month-to-month,3,20.05,1607,20.05,0,0.2654,0.621666667,0.187946753,50%
3296-SILRA,Female,1,1,0,1,Month-to-month,3,76.4,5823,76.4,1,0.2654,0.88,0.711390971,85%
9681-OXGVC,Female,0,0,0,5,Month-to-month,2,100.5,4324,502.5,1,0.2654,0.96,0.789478887,92%
6394-HHHZM,Male,0,0,0,3,Month-to-month,3,20.7,4704,62.1,0,0.2654,0.035,0.216582301,8%
5995-LFTLE,Male,0,0,0,58,Two year,1,25.3,872,1467.4,0,0.2654,0.01,0.006388595,1%
5180-UCIIQ,Male,1,1,1,22,Month-to-month,3,40.05,6285,881.1,1,0.2654,0.78,0.334378257,50%
1932-UEDCX,Male,1,1,0,33,Month-to-month,0,100.6,2846,3319.8,0,0.2654,0.18,0.596806276,32%
7153-OANIO,Male,0,0,0,1,Month-to-month,2,69.95,5455,69.95,1,0.2654,0.917529762,0.606963497,82%
5188-HGMLP,Male,1,1,0,54,Month-to-month,0,74,3354,3996,0,0.2654,0.07,0.24858056,19%
0665-XHDJU,Male,0,1,0,72,Two year,2,99.4,5656,7156.8,0,0.2654,0.07,0.10070443,7%
6521-YYTYI,Male,0,0,1,1,Month-to-month,2,93.3,6390,93.3,1,0.2654,0.99,0.784998556,89%
8878-HMWBV,Male,0,0,0,3,Month-to-month,2,49.15,1186,147.45,1,0.2654,0.88,0.404235657,78%
8265-HKSOW,Female,0,1,1,72,Two year,1,107.45,5851,7736.4,0,0.2654,0,0.029172748,1%
3544-FBCAS,Female,0,1,1,72,Two year,1,83.6,4883,6019.2,0,0.2654,0.03,0.017831582,1%
5331-RGMTT,Male,1,1,0,54,Month-to-month,1,99.05,4428,5348.7,0,0.2654,0.185,0.51382889,60%
4759-PXTAN,Female,0,1,0,59,One year,2,80.1,3976,4725.9,0,0.2654,0.02,0.074339806,8%
7054-DMVAS,Male,0,0,0,54,Two year,0,65.3,3048,3526.2,0,0.2654,0.025,0.014932594,3%
3428-MMGUB,Male,0,0,0,60,Two year,2,89.55,4384,5373,0,0.2654,0.07,0.098098299,6%
6549-BTYPG,Female,0,1,0,60,Two year,1,60.8,3120,3648,0,0.2654,0,0.024771092,0%
7823-JSOAG,Male,0,0,0,3,Month-to-month,2,74.5,1786,223.5,0,0.2654,0.3,0.607754835,62%
3705-RHRFR,Female,0,1,0,69,Two year,0,99.15,5423,6841.35,0,0.2654,0.04,0.05879694,9%
9374-YOLBJ,Female,0,1,1,1,Month-to-month,2,19.25,1480,19.25,0,0.2654,0.225,0.177193144,26%
9074-KGVOX,Male,0,1,1,50,Month-to-month,1,39.45,1656,1972.5,0,0.2654,0.02,0.102936637,9%
6128-DAFVY,Female,0,0,0,56,Month-to-month,1,44.85,2220,2511.6,0,0.2654,0.37,0.203174616,30%
9933-QRGTX,Female,0,1,0,60,Two year,2,97.2,4649,5832,0,0.2654,0.08,0.055123433,4%
4476-OSWTN,Male,1,1,0,69,One year,3,110.55,5831,7627.95,0,0.2654,0.195,0.172675935,50%
3751-KTZEL,Female,0,0,0,1,Month-to-month,3,35.05,3029,35.05,1,0.2654,0.86,0.628317308,74%
1977-STDKI,Female,1,0,0,1,Month-to-month,2,73,5662,73,1,0.2654,0.64,0.676750009,72%
5066-GFJMM,Female,0,1,0,3,Month-to-month,3,19.9,3823,59.7,0,0.2654,0.155,0.27947552,16%
2661-GKBTK,Male,0,1,1,60,Two year,0,76.95,3874,4617,0,0.2654,0.02,0.014140027,1%
0458-HEUZG,Female,0,0,0,13,Two year,3,35.4,3827,460.2,0,0.2654,0.03,0.101819337,2%
7268-WNTCP,Male,0,1,1,62,Two year,0,20.45,541,1267.9,0,0.2654,0,0.002243668,1%
0824-VWDPO,Female,0,0,0,45,One year,0,96.75,3769,4353.75,0,0.2654,0.175,0.14420785,14%
8409-WQJUX,Female,0,0,0,25,One year,2,54.2,778,1355,0,0.2654,0.035,0.169746796,5%
2578-JQPHZ,Male,0,0,0,44,Two year,0,100.1,3715,4404.4,0,0.2654,0.06,0.082068987,4%
3278-FSIXX,Female,0,0,0,2,Month-to-month,3,45.25,5715,90.5,0,0.2654,0.205,0.507353501,53%
5813-UECBU,Male,1,0,0,33,Month-to-month,1,83.85,2356,2767.05,1,0.2654,0.325,0.433149094,47%
0328-GRPMV,Female,0,0,0,1,Month-to-month,2,70.1,5503,70.1,1,0.2654,0.89375,0.692147314,81%
9746-UGFAC,Female,0,0,0,22,One year,0,20.85,3828,458.7,0,0.2654,0.015,0.043716772,3%
2946-KIQSP,Female,0,0,0,35,Month-to-month,3,33.45,328,1170.75,0,0.2654,0.11,0.18521558,14%
0625-AFOHS,Female,0,1,1,29,Two year,3,20.2,4620,585.8,0,0.2654,0,0.015173596,0%
6726-WEXXK,Male,1,1,0,27,One year,2,85.9,1856,2319.3,0,0.2654,0.155,0.266270968,12%
4636-OLWOE,Male,0,0,1,54,One year,2,61,2855,3294,0,0.2654,0.075,0.025453777,10%
4342-HENTK,Female,1,0,0,2,Month-to-month,2,70.65,771,141.3,1,0.2654,0.85,0.672483765,71%
4685-ERGHK,Male,0,0,0,57,One year,2,86.9,4185,4953.3,0,0.2654,0.13,0.212530178,13%
0885-HMGPY,Male,0,0,0,62,Two year,0,69.4,3614,4302.8,0,0.2654,0,0.006485239,1%
5003-OKNNK,Female,0,1,1,15,One year,1,20.35,2909,305.25,0,0.2654,0.005,0.051266807,3%
4195-SMMNX,Male,0,0,0,2,Month-to-month,3,20.35,2861,40.7,1,0.2654,0.005,0.207843887,9%
7208-PSIHR,Female,0,1,0,70,Two year,0,104.3,5619,7301,0,0.2654,0.095,0.090334835,9%
4012-ZTHBR,Female,0,1,1,21,Month-to-month,2,44.95,6381,943.95,0,0.2654,0.14,0.286169948,18%
0489-WMEMG,Female,0,0,1,23,One year,2,49.45,227,1137.35,0,0.2654,0.105,0.07908105,19%
7435-ZNUYY,Male,0,0,0,6,One year,3,20.6,298,123.6,0,0.2654,0,0.081574708,2%
1354-YZFNB,Male,0,1,1,4,Two year,1,19.55,5382,78.2,0,0.2654,0,0.042250784,1%
6956-SMUCM,Female,0,0,0,3,Month-to-month,1,99,2477,297,1,0.2654,0.585,0.61671114,77%
2985-FMWYF,Female,0,0,0,23,Month-to-month,2,93.5,1976,2150.5,0,0.2654,0.45,0.662465511,62%
2812-ENYMO,Male,0,0,0,26,One year,1,54.55,657,1418.3,0,0.2654,0.01,0.105049459,3%
2717-HVIZY,Female,0,0,1,8,Month-to-month,3,20.05,1103,160.4,0,0.2654,0.01,0.136239887,8%
3223-WZWJM,Male,0,0,0,26,Month-to-month,2,83.95,1890,2182.7,1,0.2654,0.82,0.581050886,63%
3422-GALYP,Male,0,0,0,2,Month-to-month,2,79.45,834,158.9,0,0.2654,0.235,0.634790989,68%
9053-JZFKV,Male,0,0,0,67,Two year,1,116.2,5894,7785.4,1,0.2654,0.715,0.047623766,41%
2530-ENDWQ,Female,0,1,0,71,Two year,0,93.7,5254,6652.7,1,0.2654,0.68,0.104305841,45%
2890-WFBHU,Female,0,0,0,59,One year,1,79.85,4045,4711.15,0,0.2654,0.025,0.026682847,5%
0327-WFZSY,Male,0,1,1,39,One year,2,100,3282,3900,0,0.2654,0.08,0.277414455,22%
7977-HXJKU,Male,0,0,1,21,Two year,3,19.6,3393,411.6,0,0.2654,0.01,0.018865587,0%
6615-ZGEDR,Male,0,0,0,1,Month-to-month,3,19.7,1488,19.7,1,0.2654,0.807333333,0.202028809,38%
7033-CLAMM,Female,0,1,1,48,Two year,0,20.2,58,969.6,0,0.2654,0.03,0.004362212,3%
4023-RTIQM,Female,1,1,0,31,One year,1,50.4,1032,1562.4,0,0.2654,0.025,0.142341507,5%
0864-FVJNJ,Female,0,1,1,64,One year,2,113.35,5631,7254.4,0,0.2654,0.1,0.088814082,4%
7356-IWLFW,Male,0,1,1,46,Month-to-month,0,80,3233,3680,0,0.2654,0.265,0.274815846,24%
9541-PWTWO,Female,0,0,0,52,Two year,0,80.95,3611,4209.4,0,0.2654,0.02,0.046149613,1%
3967-VQOGC,Female,0,1,1,67,Two year,3,24.9,1174,1668.3,0,0.2654,0.005,0.004212605,0%
7872-RDDLZ,Female,1,0,0,67,Month-to-month,2,54.9,3208,3678.3,0,0.2654,0.11,0.0613269,8%
9250-WYPLL,Female,0,0,0,5,Month-to-month,2,75.55,3523,377.75,1,0.2654,0.875,0.628693554,61%
6308-CQRBU,Female,0,1,0,71,Two year,2,109.25,5872,7756.75,0,0.2654,0.06,0.065099704,9%
2754-XBHTB,Female,0,0,0,9,Month-to-month,0,77.65,5599,698.85,1,0.2654,0.885,0.637865851,69%
1597-LHYNC,Female,1,0,0,26,Month-to-month,2,95,2143,2470,1,0.2654,0.865,0.494893059,60%
0186-CAERR,Male,0,0,0,71,One year,0,116.3,6140,8257.3,0,0.2654,0.575,0.117192553,76%
3043-SUDUA,Female,0,0,0,32,Month-to-month,0,19.9,4921,636.8,0,0.2654,0.06,0.060034222,4%
5442-BHQNG,Female,0,0,0,2,Month-to-month,2,70.35,709,140.7,0,0.2654,0.71,0.554780996,55%
2169-RRLFW,Female,0,1,0,71,Two year,1,25.6,1463,1817.6,0,0.2654,0,0.002880889,0%
5872-OEQNH,Female,0,0,0,60,One year,2,44.45,2405,2667,0,0.2654,0.035,0.050748423,5%
3162-KKZXO,Female,1,0,0,55,One year,2,100.15,4497,5508.25,0,0.2654,0.745,0.34464566,55%
7055-VKGDA,Male,0,0,0,54,One year,1,105.4,4672,5691.6,1,0.2654,0.735,0.115245581,44%
0754-UKWQP,Male,0,0,0,2,Month-to-month,2,95.85,1573,191.7,1,0.2654,0.935,0.724590761,80%
8873-GLDMH,Female,0,0,0,6,Month-to-month,3,73.85,3423,443.1,0,0.2654,0.28,0.694349069,50%
5696-JVVQY,Female,0,1,1,48,Two year,1,70.1,2815,3364.8,0,0.2654,0.02,0.019645839,2%
8946-BFWSG,Male,0,1,1,63,Two year,3,25.25,1023,1590.75,0,0.2654,0,0.003515937,0%
7493-TPUWZ,Male,0,0,0,1,Month-to-month,2,79.15,5963,79.15,1,0.2654,0.89,0.696639435,90%
0547-HURJB,Male,0,0,1,12,Month-to-month,1,21.05,1992,252.6,0,0.2654,0.025,0.108562082,9%
8904-OPDCK,Male,1,1,0,54,Month-to-month,0,24.95,661,1347.3,0,0.2654,0.17,0.123242039,28%
8845-LWKGE,Female,0,1,1,30,One year,2,64.5,1592,1935,0,0.2654,0.03,0.083213602,6%
1577-HKTFG,Female,0,1,0,30,Month-to-month,0,19.65,5237,589.5,1,0.2654,0.64,0.067970696,23%
8752-STIVR,Female,0,0,0,4,Month-to-month,2,79,2634,316,1,0.2654,0.89,0.670375924,74%
0691-NIKRI,Female,0,0,0,40,One year,1,105.95,3687,4238,0,0.2654,0.135,0.314847216,37%
5022-JNQEQ,Female,0,1,1,9,Month-to-month,2,75.85,5195,682.65,0,0.2654,0.215,0.509062448,45%
4558-FANTW,Female,0,1,1,17,Month-to-month,2,91.85,1026,1561.45,1,0.2654,0.805,0.273820806,43%
3249-VHRIP,Female,0,0,0,62,Two year,1,43.6,2387,2703.2,0,0.2654,0.01,0.026655235,2%
3736-BLEPA,Male,0,0,0,28,One year,0,91.25,2132,2555,0,0.2654,0.06,0.192712598,4%
4701-LKOZD,Female,0,0,0,70,Two year,1,89.75,5133,6282.5,0,0.2654,0,0.012840628,1%
6603-QWSPR,Female,0,0,0,46,Two year,0,104.4,4155,4802.4,0,0.2654,0.085,0.096072563,9%
9921-QFQUL,Female,0,1,0,23,Month-to-month,3,90.15,1677,2073.45,0,0.2654,0.125,0.557703078,20%
1929-ZCBHE,Male,0,1,1,47,One year,2,40.3,1335,1894.1,0,0.2654,0,0.025542765,2%
4378-MYPGO,Male,0,1,1,68,Two year,0,105.25,5613,7157,0,0.2654,0.05,0.047182549,10%
8651-ENBZX,Female,1,0,0,60,One year,2,106,5181,6360,1,0.2654,0.85,0.268458455,57%
4129-LYCOI,Female,0,0,1,67,Two year,2,104,5538,6968,0,0.2654,0.025,0.074424815,5%
7798-JVXYM,Female,0,0,0,14,Month-to-month,2,69.65,6374,975.1,0,0.2654,0.11,0.419140407,21%
8647-SDTWQ,Male,0,1,1,57,Month-to-month,2,74.3,3437,4235.1,0,0.2654,0.095,0.246840651,27%
2696-ECXKC,Female,0,1,1,55,One year,3,100.9,4527,5549.5,0,0.2654,0.075,0.163496117,11%
2081-KJSQF,Male,0,0,0,1,Month-to-month,3,20.25,1611,20.25,0,0.2654,0.231738095,0.263016288,43%
7623-TRNQN,Male,0,0,1,1,Month-to-month,3,49.9,4147,49.9,1,0.2654,0.755,0.353852147,47%
3323-CPBWR,Male,0,0,0,23,Month-to-month,1,96.9,1713,2228.7,0,0.2654,0.335,0.495549841,32%
9330-IJWIO,Female,0,0,0,13,Month-to-month,2,100.35,649,1304.55,1,0.2654,0.755,0.620771828,81%
3384-CTMSF,Male,0,1,0,47,Month-to-month,2,104.1,4320,4892.7,0,0.2654,0.21,0.496626344,53%
0902-RFHOF,Male,0,0,0,38,One year,3,20.1,5670,763.8,0,0.2654,0,0.024932364,1%
9286-DOJGF,Female,1,1,0,38,Month-to-month,0,74.95,2476,2848.1,1,0.2654,0.425,0.446930589,55%
6048-QBXKL,Female,1,0,0,2,Month-to-month,1,56.55,334,113.1,0,0.2654,0.2,0.482581782,50%
9661-MHUMO,Male,1,1,1,1,Month-to-month,1,49.25,4138,49.25,1,0.2654,0.77,0.373488585,53%
7718-RXDGG,Male,0,1,0,15,Month-to-month,0,68.6,207,1029,0,0.2654,0.155,0.479291833,32%
1025-FALIX,Female,0,0,0,26,Month-to-month,1,69.05,1369,1795.3,0,0.2654,0.265,0.417262427,18%
3451-VAWLI,Female,0,1,1,35,Two year,1,19.7,5671,689.5,0,0.2654,0,0.010848956,1%
3407-QGWLG,Male,0,0,1,3,Month-to-month,3,20.05,5771,60.15,0,0.2654,0.105,0.249260425,13%
1842-EZJMK,Male,0,1,1,50,Month-to-month,2,103.7,4291,5185,1,0.2654,0.73,0.281640077,51%
2347-WKKAE,Male,0,1,0,42,Month-to-month,2,94.4,3430,3964.8,0,0.2654,0.28,0.389321447,29%
8735-DCXNF,Male,0,1,0,10,Month-to-month,1,54.95,4691,549.5,0,0.2654,0.135,0.219450784,12%
3214-IYUUQ,Female,0,1,0,61,One year,0,93.7,4817,5715.7,0,0.2654,0.055,0.053002039,7%
1936-UAFEH,Female,0,0,0,68,Two year,1,110.25,5653,7497,0,0.2654,0.05,0.044447021,10%
3587-PMCOY,Male,0,0,0,10,One year,2,98.9,125,989,0,0.2654,0.155,0.352656027,37%
8079-XRJRS,Male,0,1,0,65,One year,2,89.75,4761,5833.75,1,0.2654,0.695,0.063931447,21%
1027-LKKQQ,Female,0,1,1,72,Two year,0,80.45,4830,5792.4,0,0.2654,0.025,0.010986979,1%
7148-XZPHA,Male,0,1,1,55,Month-to-month,2,79.4,3615,4367,0,0.2654,0.165,0.10767329,16%
8073-IJDCM,Female,0,0,0,1,Month-to-month,3,20.3,1612,20.3,1,0.2654,0.746892857,0.272073785,39%
5309-TAIKL,Female,0,0,0,7,Month-to-month,0,62.8,3573,439.6,0,0.2654,0.07,0.290076542,14%
6856-RAURS,Female,0,0,0,2,Month-to-month,3,74.9,654,149.8,0,0.2654,0.205,0.698915094,28%
8778-LMWTJ,Female,0,0,0,9,Month-to-month,2,74.85,5556,673.65,0,0.2654,0.155,0.518823762,34%
9717-IOAAF,Male,0,0,1,27,Two year,1,25.85,5949,697.95,0,0.2654,0.04,0.027981467,2%
8884-ADFVN,Male,1,1,0,7,Month-to-month,2,101.95,5521,713.65,1,0.2654,0.97,0.819388836,90%
2845-KDHVX,Female,0,1,0,64,Two year,3,68.3,3716,4371.2,0,0.2654,0.035,0.016164991,1%
0848-SOMKO,Male,0,0,0,70,Two year,0,48.4,2983,3388,0,0.2654,0.015,0.007627297,1%
2720-WGKHP,Male,1,0,0,2,Month-to-month,2,94,1361,188,1,0.2654,0.99,0.798686957,94%
6734-FQAJX,Male,1,0,0,67,Two year,2,105.05,5612,7038.35,0,0.2654,0.02,0.051966371,3%
2869-ADAWR,Female,0,0,0,45,Month-to-month,1,89.3,3434,4018.5,1,0.2654,0.35,0.392014834,30%
1535-VTJOQ,Female,0,0,0,24,Two year,1,25.15,4591,603.6,0,0.2654,0.05,0.026625999,2%
6368-TZZDT,Male,0,1,1,4,Two year,1,19.5,6469,78,0,0.2654,0,0.044426039,1%
0943-ZQPXH,Male,0,1,1,44,Month-to-month,0,92.95,3517,4089.8,0,0.2654,0.045,0.387262283,13%
1293-BSEUN,Female,0,1,1,72,Two year,3,20.7,879,1490.4,0,0.2654,0,0.002411579,0%
9894-EZEWG,Female,0,0,0,1,Month-to-month,1,74.3,5717,74.3,1,0.2654,0.77,0.636117562,75%
1302-TPUBN,Male,0,0,0,66,Two year,0,19.35,442,1277.1,0,0.2654,0.01,0.002059625,0%
7851-FLGGQ,Male,0,0,0,1,Month-to-month,3,44.65,3745,44.65,1,0.2654,0.75,0.567619885,61%
0637-UBJRP,Male,0,1,1,13,Month-to-month,2,84.05,189,1092.65,1,0.2654,0.715,0.365780383,57%
0940-OUQEC,Male,0,0,0,10,Month-to-month,0,80.7,5951,807,1,0.2654,0.91,0.618569944,72%
2378-VTKDH,Male,1,1,0,65,Month-to-month,2,104.35,5248,6782.75,0,0.2654,0.11,0.43456937,35%
0927-CNGRH,Male,0,0,1,1,Month-to-month,3,19.55,1485,19.55,0,0.2654,0.2175,0.174147294,28%
8608-OZTLB,Male,0,1,1,38,One year,2,74.05,2431,2813.9,0,0.2654,0.055,0.026609155,12%
2335-GSODA,Male,0,0,1,23,Two year,3,40.1,6235,922.3,0,0.2654,0.015,0.040709449,2%
1952-DVVSW,Female,0,1,0,10,One year,3,20.1,1397,201,0,0.2654,0.005,0.07653802,3%
0702-PGIBZ,Male,0,0,1,4,Month-to-month,2,101.7,3143,406.8,1,0.2654,0.835,0.718129512,82%
6656-GULJQ,Male,0,1,1,72,Two year,1,83.55,4977,6015.6,0,0.2654,0,0.014523506,0%
9853-JFZDU,Female,0,1,0,35,Month-to-month,2,56.85,1431,1989.75,0,0.2654,0.055,0.091979294,12%
1963-VAUKV,Female,0,0,0,1,Month-to-month,3,20.4,1614,20.4,1,0.2654,0.11525,0.213060648,27%
3777-XROBG,Female,0,1,1,58,Two year,1,19.55,155,1133.9,0,0.2654,0.005,0.002815676,1%
6994-FGRHH,Male,0,1,1,70,One year,2,106.15,5760,7430.5,0,0.2654,0.045,0.115030933,23%
4000-VGMQP,Male,0,1,1,38,One year,1,78.95,2470,3000.1,0,0.2654,0.06,0.096915952,14%
3999-WRNGR,Female,0,1,1,60,Month-to-month,2,49.75,2665,2985,0,0.2654,0.125,0.149864918,29%
3466-RITXD,Male,0,0,0,26,Month-to-month,1,92.4,1985,2402.4,0,0.2654,0.545,0.382443413,43%
2680-XKKNJ,Female,0,0,0,8,One year,0,58.2,3969,465.6,0,0.2654,0.09,0.069642496,4%
3058-HJCUY,Male,0,1,1,41,One year,2,102.6,3596,4206.6,1,0.2654,0.745,0.256853813,43%
2974-GGUXS,Female,1,1,0,36,Month-to-month,1,91.95,2869,3310.2,0,0.2654,0.155,0.519811966,32%
7994-XIRTR,Male,1,0,0,54,One year,0,65.25,3058,3523.5,0,0.2654,0.02,0.039369418,7%
3259-FDWOY,Male,0,1,1,71,Two year,0,106,5881,7526,1,0.2654,0.665,0.090044783,36%
2101-RANCD,Female,0,0,0,55,Month-to-month,2,73.1,3539,4020.5,0,0.2654,0.13,0.290472499,44%
7921-BEPCI,Female,0,0,0,72,Two year,0,59.75,3636,4302,0,0.2654,0.01,0.006099884,1%
0807-ZABDG,Female,0,0,1,3,Month-to-month,3,55.1,974,165.3,1,0.2654,0.765,0.222558453,45%
8510-TMWYB,Female,0,1,1,54,Two year,0,59.8,2825,3229.2,0,0.2654,0.01,0.020618036,4%
3258-ZKPAI,Male,0,1,1,72,Two year,0,116.6,6153,8395.2,0,0.2654,0.005,0.049553906,2%
1428-IEDPR,Male,0,0,0,52,Two year,2,109.3,4734,5683.6,0,0.2654,0.28,0.093895248,28%
5298-GSTLM,Female,1,0,0,60,One year,0,101.4,5034,6084,0,0.2654,0.115,0.226467592,17%
4450-YOOHP,Female,0,0,0,39,Month-to-month,1,50.65,1504,1975.35,0,0.2654,0.13,0.337456513,23%
6728-CZFEI,Female,0,0,0,15,One year,3,56.15,6403,842.25,0,0.2654,0.09,0.206844115,12%
5748-RNCJT,Male,0,0,0,69,Two year,0,106.5,5693,7348.5,1,0.2654,0.725,0.09372424,72%
3653-NCRDJ,Male,0,1,1,43,One year,3,19.2,5896,825.6,0,0.2654,0.01,0.023140695,2%
6121-TNHBO,Female,1,0,0,63,One year,0,83,4394,5229,0,0.2654,0.1,0.026854704,1%
5119-NZPTV,Male,1,1,0,2,Month-to-month,2,70.1,749,140.2,0,0.2654,0.575,0.590654591,64%
6519-ZHPXP,Female,0,1,1,72,Two year,0,108.3,5858,7797.6,0,0.2654,0.015,0.032147699,1%
7739-LAXOG,Female,0,1,1,32,Month-to-month,0,91.05,2551,2913.6,1,0.2654,0.725,0.509661236,44%
3472-QPRCH,Male,0,1,1,40,Two year,1,25.25,14,1010,0,0.2654,0.01,0.008625114,1%
8224-UAXBZ,Female,0,1,0,58,One year,2,45.35,2194,2630.3,0,0.2654,0.03,0.044300118,5%
9610-WCESF,Male,0,0,0,67,Two year,2,43.9,2695,2941.3,0,0.2654,0,0.008075426,1%
9776-CLUJA,Female,1,1,0,51,Month-to-month,2,77.5,3263,3952.5,1,0.2654,0.755,0.268780147,42%
2486-WYVVE,Male,0,1,0,31,One year,3,79.3,2133,2458.3,0,0.2654,0.1,0.171001433,19%
3865-ZYKAD,Male,1,1,0,69,Month-to-month,1,84.9,4772,5858.1,0,0.2654,0.015,0.164508733,15%
1422-DGUBX,Male,0,1,0,32,One year,2,79.25,2265,2536,0,0.2654,0.045,0.221126305,11%
2999-AANRQ,Female,0,0,0,21,Two year,1,71.05,948,1492.05,0,0.2654,0.035,0.024969681,2%
8668-KNZTI,Male,0,0,0,52,One year,2,53.75,2419,2795,0,0.2654,0.075,0.022159404,4%
0480-KYJVA,Female,0,1,1,72,Two year,1,24.25,1318,1746,0,0.2654,0,0.002165631,0%
6034-ZRYCV,Female,0,1,0,72,Two year,2,54.2,3365,3902.4,1,0.2654,0.72,0.028775639,10%
9746-YKGXB,Male,0,1,1,52,One year,0,44.25,1913,2301,0,0.2654,0.035,0.037419166,6%
3926-YZVVX,Female,0,0,0,41,One year,0,50.05,1661,2052.05,0,0.2654,0.005,0.034955685,3%
6000-UKLWI,Male,0,0,0,41,Two year,3,20.15,6031,826.15,0,0.2654,0,0.010323372,0%
2079-FBMZK,Female,0,0,0,6,Month-to-month,3,69.25,3574,415.5,1,0.2654,0.735,0.638759485,25%
6332-FBZRI,Male,0,1,1,67,One year,1,69.35,3939,4646.45,0,0.2654,0.02,0.014899831,6%
2096-XOTMO,Female,0,1,1,16,Month-to-month,3,19.35,2390,309.6,0,0.2654,0.05,0.104730264,11%
3266-FTKHB,Male,0,0,0,17,Two year,3,19.15,2969,325.55,0,0.2654,0.015,0.026156847,0%
8221-EQDGL,Male,0,1,0,35,Month-to-month,3,61,1752,2135,0,0.2654,0.045,0.083497211,15%
2346-LOCWC,Female,0,1,1,58,Two year,1,20.5,357,1189,0,0.2654,0,0.002944323,1%
6608-QQLVK,Male,0,0,0,1,Month-to-month,2,50.5,4229,50.5,1,0.2654,0.975,0.468084624,85%
0298-XACET,Male,0,1,1,52,Two year,3,50.2,2212,2610.4,0,0.2654,0.005,0.01832311,1%
7560-QJAVJ,Female,0,0,0,70,Two year,0,79.6,4627,5572,0,0.2654,0.01,0.009414358,2%
2995-YWTCD,Female,0,1,1,19,Two year,0,24.9,3952,473.1,0,0.2654,0,0.036236827,2%
3551-HUAZH,Male,1,0,0,1,Month-to-month,2,74.4,5719,74.4,1,0.2654,0.965,0.766033041,90%
9137-UIYPG,Female,0,1,1,35,Month-to-month,2,106.9,3227,3741.5,0,0.2654,0.11,0.333038504,22%
2809-ZMYOQ,Female,0,0,0,32,Month-to-month,2,101.35,2893,3243.2,0,0.2654,0.195,0.633704134,56%
5084-OOVCJ,Female,0,1,1,17,Month-to-month,1,55.35,6372,940.95,0,0.2654,0.23,0.171199391,13%
0254-WWRKD,Female,0,1,1,67,One year,1,50.55,2972,3386.85,0,0.2654,0.04,0.014861759,2%
7727-SHVZV,Female,0,0,0,9,Month-to-month,0,19.5,903,175.5,0,0.2654,0.1,0.132279763,11%
6302-JGYRJ,Male,0,0,1,31,One year,3,79.45,2238,2462.95,1,0.2654,0.68,0.125882106,27%
5339-PXDVH,Male,0,0,0,4,Month-to-month,2,90.65,3165,362.6,0,0.2654,0.145,0.551880049,29%
2205-LPVGL,Male,1,1,1,58,One year,0,89.85,4316,5211.3,0,0.2654,0.02,0.068816183,2%
8782-NUUOL,Male,0,0,0,60,One year,3,79,4057,4740,0,0.2654,0.04,0.028991954,3%
3685-YLCMQ,Male,0,0,0,58,One year,2,104.65,5051,6069.7,1,0.2654,0.785,0.228488832,62%
7601-WFVZV,Male,0,0,0,1,Month-to-month,3,19.55,1485,19.55,0,0.2654,0.125,0.201458822,25%
4609-KNNWG,Female,0,1,1,27,Two year,3,19.9,4568,537.3,0,0.2654,0,0.016454229,0%
4868-AADLV,Male,1,1,1,66,One year,2,116.25,5943,7672.5,0,0.2654,0.425,0.141376332,54%
9529-OFXHY,Male,0,0,0,15,Month-to-month,0,87.75,443,1316.25,0,0.2654,0.22,0.47604349,29%
8634-MPHTR,Male,1,1,0,47,Month-to-month,2,100.05,4115,4702.35,1,0.2654,0.865,0.577616475,76%
2669-QVCRG,Female,0,0,0,41,Month-to-month,1,81.3,2776,3333.3,0,0.2654,0.125,0.306195293,24%
2478-EEWWM,Male,0,1,0,59,Month-to-month,2,44.3,2320,2613.7,0,0.2654,0.135,0.186839113,20%
9174-IHETN,Female,0,0,1,50,Two year,1,70.35,3063,3517.5,0,0.2654,0.06,0.043330569,3%
2233-TXSIU,Male,0,1,1,17,One year,1,44.45,5984,755.65,0,0.2654,0.02,0.156853701,4%
9644-UMGQA,Male,0,1,1,6,Month-to-month,2,49.15,2548,294.9,0,0.2654,0.11,0.265803443,32%
3256-EZDBI,Male,1,1,0,51,Month-to-month,1,29.45,844,1501.95,0,0.2654,0.265,0.127792079,37%
8761-NSOBC,Male,0,0,0,44,Month-to-month,2,100.55,3732,4424.2,1,0.2654,0.775,0.286773953,41%
0419-YAAPX,Male,0,1,0,49,Month-to-month,1,85.3,3652,4179.7,0,0.2654,0.345,0.299950004,37%
8413-VONUO,Male,0,0,0,2,Month-to-month,2,95.65,1154,191.3,1,0.2654,0.505,0.61262,48%
0872-CASZJ,Male,0,1,0,59,One year,3,69.1,3490,4076.9,0,0.2654,0.045,0.040890739,4%
4726-DLWQN,Male,1,0,0,50,Month-to-month,0,70.35,2989,3517.5,0,0.2654,0.06,0.118163229,11%
8164-OCKUJ,Female,0,1,1,59,Two year,3,20.6,520,1215.4,0,0.2654,0,0.00312722,0%
3094-JOJAI,Male,0,0,0,18,Month-to-month,3,74.15,698,1334.7,0,0.2654,0.08,0.48037554,15%
9494-MRNYX,Male,0,0,0,10,Month-to-month,2,75.05,5941,750.5,0,0.2654,0.155,0.604143582,44%
2599-CZABP,Male,0,1,0,14,One year,2,44.6,5164,624.4,0,0.2654,0.04,0.15916892,10%
7945-PRBVF,Male,0,0,0,35,Two year,0,21.45,5545,750.75,0,0.2654,0,0.012021767,1%
4544-RXFMG,Male,0,1,1,8,One year,3,43.45,2985,347.6,0,0.2654,0.06,0.203907665,8%
0859-YGKFW,Male,0,1,1,18,One year,0,20.05,2986,360.9,0,0.2654,0.04,0.040879933,5%
1150-FTQGN,Female,0,1,1,60,One year,0,94.15,4791,5649,0,0.2654,0.01,0.074955778,6%
9223-UCPVT,Female,0,0,0,1,Month-to-month,2,94.4,6420,94.4,1,0.2654,0.93,0.715478437,92%
7196-LIWRH,Female,0,0,0,6,Two year,3,19.55,439,117.3,0,0.2654,0.005,0.040319448,1%
5448-VWNAM,Female,0,0,1,19,Month-to-month,3,75.9,679,1442.1,0,0.2654,0.035,0.176835321,6%
1177-XZBJL,Male,0,1,1,53,One year,0,64.15,3026,3399.95,0,0.2654,0.02,0.015408168,4%
3518-FSTWG,Male,1,1,0,72,Two year,0,109.55,5985,7887.6,0,0.2654,0.035,0.081253619,1%
9330-VOFSZ,Female,0,1,0,60,Two year,1,110.8,5287,6648,0,0.2654,0.045,0.110509503,3%
4351-QLCSU,Female,0,0,0,1,Month-to-month,1,55,4558,55,1,0.2654,0.795,0.518714883,64%
0939-EREMR,Female,0,0,1,13,Month-to-month,3,53.45,5615,694.85,0,0.2654,0.155,0.207042786,18%
9389-ACWBI,Female,0,1,1,5,Month-to-month,1,69.95,2781,349.75,0,0.2654,0.19,0.503311081,55%
5419-JPRRN,Male,0,0,0,1,Month-to-month,2,101.45,21,101.45,1,0.2654,0.91,0.767425023,90%
3644-QXEHN,Male,0,1,1,13,Month-to-month,2,97,603,1261,0,0.2654,0.2,0.54140183,34%
2911-IJORQ,Male,0,0,0,37,One year,0,90.6,2914,3352.2,0,0.2654,0.035,0.080237705,4%
5921-NGYRH,Male,0,1,0,64,Month-to-month,3,73.55,4034,4707.2,0,0.2654,0.235,0.136053616,7%
2100-BDNSN,Female,0,1,0,5,Month-to-month,0,67.95,3038,339.75,1,0.2654,0.255,0.33918538,45%
5998-DZLYR,Female,0,1,0,61,Two year,0,94.35,4705,5755.35,0,0.2654,0.02,0.069893299,3%
0488-GSLFR,Female,0,0,0,1,Month-to-month,2,69.5,5446,69.5,1,0.2654,0.995,0.688646527,92%
9318-NKNFC,Male,0,0,0,1,Month-to-month,3,18.85,1343,18.85,1,0.2654,0.71,0.254410162,47%
3985-HOYPM,Male,0,0,0,26,One year,3,19.4,4397,504.4,0,0.2654,0,0.03964224,1%
9728-FTTVZ,Female,0,0,0,1,Month-to-month,2,69.2,5442,69.2,1,0.2654,0.995,0.687147963,92%
9548-LERKT,Male,0,1,0,24,Two year,3,19.75,4078,474,0,0.2654,0,0.020956771,0%
6576-FBXOJ,Male,0,1,0,17,One year,2,54.6,6407,928.2,0,0.2654,0.25,0.267761128,48%
4310-KEDTB,Female,0,0,1,26,Month-to-month,3,29.8,5942,774.8,0,0.2654,0.055,0.349477643,11%
7254-IQWOZ,Male,0,0,0,1,Month-to-month,2,69.65,5449,69.65,1,0.2654,0.996666667,0.679678556,90%
2474-BRUCM,Male,1,1,0,40,Month-to-month,2,101.85,3486,4074,1,0.2654,0.775,0.444487887,53%
4062-HBMOS,Male,0,0,0,52,Month-to-month,2,103.05,4473,5358.6,0,0.2654,0.69,0.449140334,68%
0742-NXBGR,Female,0,0,0,1,Month-to-month,2,82.3,6100,82.3,1,0.2654,0.92,0.658265316,87%
2676-ISHSF,Male,0,0,0,1,Month-to-month,3,20.3,1612,20.3,0,0.2654,0.062416667,0.205220853,25%
9236-NDUCW,Female,0,0,0,21,Two year,3,35.1,5869,737.1,0,0.2654,0,0.054325691,2%
4753-PADAS,Female,0,1,0,67,One year,0,105.7,5387,7081.9,0,0.2654,0.08,0.223280649,18%
6103-QCKFX,Female,0,1,1,44,Month-to-month,0,56.25,2062,2475,0,0.2654,0.025,0.040622636,12%
7781-EWARA,Male,0,1,1,70,One year,2,60.35,3533,4224.5,0,0.2654,0.02,0.031088552,9%
6110-OHIHY,Male,0,0,0,3,Month-to-month,2,79.25,2325,237.75,1,0.2654,0.87,0.589731427,61%
7018-FPXHH,Male,0,1,1,56,Two year,0,59.8,2990,3348.8,0,0.2654,0.05,0.009028036,2%
5889-LFOLL,Female,0,0,0,13,Month-to-month,2,84.6,223,1099.8,1,0.2654,0.835,0.670497823,85%
5708-EVONK,Female,0,1,1,58,Month-to-month,0,93.4,4516,5417.2,1,0.2654,0.645,0.217920079,19%
8708-XPXHZ,Female,0,1,1,42,Month-to-month,2,94.2,3576,3956.4,1,0.2654,0.4,0.520479483,39%
0616-ATFGB,Male,1,1,0,1,Month-to-month,2,25.05,2148,25.05,1,0.2654,0.925,0.575051162,81%
0572-ZJKLT,Female,0,1,1,46,Two year,3,99.65,3929,4583.9,0,0.2654,0.16,0.057288247,10%
5135-RDDQL,Female,0,1,1,63,Two year,0,50.65,2804,3190.95,0,0.2654,0.015,0.008092998,1%
1353-LJWEM,Male,0,0,0,11,Month-to-month,2,60.9,5427,669.9,0,0.2654,0.175,0.271667498,20%
1794-SWWKL,Male,0,1,1,15,Month-to-month,0,59.65,6259,894.75,0,0.2654,0.085,0.286795115,14%
6166-YIPFO,Male,0,1,0,72,Two year,2,64.7,4013,4658.4,0,0.2654,0.01,0.015297095,1%
7016-BPGEU,Female,0,0,0,29,Month-to-month,1,25.1,5588,727.9,1,0.2654,0.7,0.337046613,37%
6876-ADESB,Male,0,0,1,1,Month-to-month,2,48.95,4054,48.95,1,0.2654,0.88,0.337236005,70%
9332-GYWLO,Female,0,1,1,6,Month-to-month,2,54.85,3075,329.1,0,0.2654,0.265,0.350098477,24%
1963-SVUCV,Male,0,0,0,1,Month-to-month,2,45.3,3816,45.3,1,0.2654,0.955,0.391712249,65%
4184-VODJZ,Male,0,1,1,63,One year,2,91.35,4760,5755.05,0,0.2654,0.045,0.163270914,9%
0220-EBGCE,Male,0,0,0,2,Month-to-month,2,85.85,1154,171.7,1,0.2654,0.89,0.685929248,88%
1092-WPIVQ,Female,0,1,1,18,Two year,3,25.1,3641,451.8,0,0.2654,0.005,0.031469362,1%
7233-IOQNP,Female,0,1,0,43,Month-to-month,0,34,916,1462,0,0.2654,0.065,0.066139066,10%
2834-JKOOW,Female,0,0,0,15,One year,3,45.9,5469,688.5,0,0.2654,0.015,0.117044471,3%
2754-VDLTR,Male,0,0,1,10,Month-to-month,2,95.2,6397,952,1,0.2654,0.815,0.681103946,75%
2400-FEQME,Male,0,1,1,55,Two year,3,20.5,330,1127.5,0,0.2654,0,0.003555538,1%
3190-XFANI,Male,0,0,1,49,One year,0,100.6,4287,4929.4,1,0.2654,0.705,0.216755841,38%
7551-DACSP,Male,0,1,1,6,Month-to-month,3,55.3,2818,331.8,1,0.2654,0.405,0.334048569,17%
4957-SREEC,Male,0,1,1,70,Two year,1,20.35,843,1424.5,0,0.2654,0,0.001637994,0%
7235-NXZCP,Male,1,0,0,2,Month-to-month,3,74.85,1007,149.7,1,0.2654,0.52,0.726727216,55%
0230-UBYPQ,Male,1,1,0,63,One year,0,36.1,1939,2274.3,0,0.2654,0.06,0.017270663,1%
4923-ADWXJ,Female,0,0,0,25,Month-to-month,0,65.8,1167,1645,0,0.2654,0.015,0.195361186,7%
1763-KUAAW,Female,1,0,0,18,One year,0,20.35,3184,366.3,0,0.2654,0.09,0.058456517,4%
1104-TNLZA,Male,1,1,0,28,Month-to-month,2,105.8,2591,2962.4,0,0.2654,0.1,0.571134861,48%
5195-KPUNQ,Female,1,0,0,53,One year,3,96.75,4361,5127.75,0,0.2654,0.18,0.122807537,7%
0520-FDVVT,Male,0,0,0,35,One year,0,102.35,3134,3582.25,1,0.2654,0.66,0.296684608,21%
3439-GVUSX,Male,0,0,0,1,Month-to-month,3,24.4,2039,24.4,0,0.2654,0.12,0.533620819,40%
1444-VVSGW,Male,0,1,0,70,One year,1,115.65,6000,8095.5,1,0.2654,0.8,0.093196644,73%
5712-PTIWW,Male,0,0,0,2,Month-to-month,2,79.85,938,159.7,1,0.2654,0.895,0.5255158,79%
5949-HGVJL,Female,0,1,0,26,Month-to-month,2,73.05,1562,1899.3,0,0.2654,0.14,0.238697212,13%
5203-XEHAX,Female,0,0,0,34,One year,2,64.35,1682,2187.9,0,0.2654,0.045,0.054045711,11%
1635-HDGFT,Female,0,0,1,19,Two year,3,20.5,3401,389.5,0,0.2654,0.005,0.022146263,1%
3315-TOTBP,Male,0,0,0,15,Month-to-month,3,76,255,1140,1,0.2654,0.57,0.592206611,39%
8050-XGRVL,Female,0,1,1,62,One year,1,54.75,2968,3394.5,0,0.2654,0.025,0.01394187,2%
6661-HBGWL,Female,1,0,0,42,Month-to-month,0,104.75,3679,4399.5,1,0.2654,0.845,0.547414216,62%
1518-VOWAV,Female,0,0,0,9,Month-to-month,2,74.65,5533,671.85,1,0.2654,0.695,0.381297494,30%
9828-QHFBK,Male,0,0,0,24,Month-to-month,2,51.15,507,1227.6,0,0.2654,0.135,0.164454287,16%
3908-MKIMJ,Male,1,1,0,68,Two year,2,41.95,2562,2852.6,0,0.2654,0.065,0.012923807,1%
5012-YSPJJ,Male,0,1,1,31,Month-to-month,3,54.35,1123,1684.85,0,0.2654,0.05,0.095645184,4%
5909-ECHUI,Female,0,0,0,1,Month-to-month,2,56.25,4635,56.25,1,0.2654,0.83,0.567914865,58%
1309-BXVOQ,Male,0,1,0,21,Month-to-month,2,106.1,1883,2228.1,1,0.2654,0.875,0.606788073,74%
6728-VOIFY,Female,0,1,0,63,One year,2,96,4989,6048,0,0.2654,0.065,0.192547239,11%
9317-WZPGV,Female,1,0,0,2,Month-to-month,0,79.75,1045,159.5,1,0.2654,0.935,0.711184228,86%
4891-NLUBA,Female,0,1,1,61,Two year,0,61.45,3223,3748.45,0,0.2654,0,0.027051076,0%
2856-HYAPG,Female,0,0,0,1,Month-to-month,2,68.65,5380,68.65,1,0.2654,0.975,0.609810877,91%
8969-PRHFK,Male,0,0,0,18,One year,3,19.65,3500,353.7,0,0.2654,0,0.054733094,1%
0661-KQHNK,Female,0,1,1,6,One year,1,19,96,114,0,0.2654,0.02,0.064874431,7%
8709-KRDVL,Female,0,0,0,33,Month-to-month,2,100,2884,3300,0,0.2654,0.28,0.579515138,57%
4488-PSYCG,Male,0,0,0,16,Month-to-month,0,20.25,2845,324,1,0.2654,0.7,0.105341743,21%
1427-VERSM,Female,0,1,0,56,Month-to-month,2,98.7,4684,5527.2,0,0.2654,0.16,0.332867664,21%
9801-NOSHQ,Male,0,0,1,23,One year,3,19.8,3935,455.4,0,0.2654,0.01,0.037785292,1%
6339-YPSAH,Male,0,0,0,9,Month-to-month,2,73.8,5540,664.2,0,0.2654,0.57,0.606237777,59%
3621-CEOVK,Female,1,1,0,14,Month-to-month,2,100.2,663,1402.8,1,0.2654,0.89,0.716456142,83%
6906-ANDWJ,Male,0,1,1,15,Month-to-month,0,74.9,204,1123.5,1,0.2654,0.385,0.512541505,44%
2159-TURXX,Male,0,0,0,5,Month-to-month,1,20.05,6444,100.25,0,0.2654,0.06,0.19718931,6%
1548-FEHVL,Male,0,1,0,61,Month-to-month,2,106.2,5139,6478.2,0,0.2654,0.02,0.334525382,14%
3795-CAWEX,Male,0,1,1,70,Two year,1,116.55,6083,8158.5,0,0.2654,0.135,0.05388309,14%
6215-NQCPY,Male,0,0,0,15,Month-to-month,2,99.7,1015,1495.5,0,0.2654,0.265,0.59744937,76%
5647-URDKA,Male,0,1,1,8,Two year,3,19.7,548,157.6,0,0.2654,0.03,0.030820321,1%
2229-DPMBI,Female,0,1,1,8,Two year,3,19.5,1084,156,0,0.2654,0.025,0.032873982,1%
9626-WEQRM,Female,0,0,0,4,Month-to-month,3,29.15,197,116.6,0,0.2654,0.13,0.452379965,19%
2188-SXWVT,Female,0,0,0,34,One year,3,55,1459,1870,0,0.2654,0.005,0.04035712,3%
6258-PVZWJ,Male,0,1,0,68,Two year,1,90.8,5098,6174.4,0,0.2654,0,0.019207448,1%
1094-BKOSX,Female,0,1,1,45,One year,0,51,1902,2295,0,0.2654,0.04,0.052268335,11%
6969-MVBAI,Female,1,0,0,9,Month-to-month,2,90.1,6084,810.9,0,0.2654,0.285,0.760259232,57%
2978-XXSOG,Female,0,0,0,22,Month-to-month,3,59.05,462,1299.1,0,0.2654,0.05,0.173030877,11%
2342-CKIAO,Female,0,0,0,2,Month-to-month,3,20.3,3492,40.6,0,0.2654,0.02125,0.2204699,6%
6953-PBDIN,Male,0,1,0,70,Two year,0,72.95,4408,5106.5,0,0.2654,0,0.010119294,5%
3898-BSJYF,Female,0,0,1,10,One year,1,73.55,5468,735.5,0,0.2654,0.185,0.121252259,23%
3938-YFPXD,Male,0,0,0,72,Two year,1,84.3,4908,6069.6,0,0.2654,0,0.012531462,0%
7696-AMHOD,Female,0,1,1,49,One year,1,78,3274,3822,0,0.2654,0.045,0.063943439,7%
2453-SAFNS,Female,1,0,0,54,One year,3,72.1,3323,3893.4,0,0.2654,0.085,0.053242212,4%
9558-IHEZX,Female,0,0,0,71,Two year,1,106.75,5655,7579.25,0,0.2654,0.075,0.067150729,3%
9617-UDPEU,Female,0,0,0,22,One year,3,19.25,3514,423.5,0,0.2654,0,0.064325286,1%
6340-DACFT,Female,0,1,1,50,Two year,1,20.55,138,1027.5,0,0.2654,0,0.004234726,1%
4955-VCWBI,Female,0,1,1,43,One year,3,20,6088,860,0,0.2654,0,0.018223305,0%
6813-GZQCG,Female,0,1,1,45,Two year,1,24.65,320,1109.25,0,0.2654,0.015,0.009880026,1%
7426-GSWPO,Male,1,0,0,64,Month-to-month,0,103.5,5233,6624,0,0.2654,0.08,0.304835481,6%
3389-KTRXV,Female,0,1,1,23,Two year,3,23.85,5066,548.55,0,0.2654,0.005,0.026098257,2%
3118-UHVVQ,Female,0,1,0,68,Two year,1,25.8,1513,1754.4,0,0.2654,0,0.003334565,0%
1031-IIDEO,Female,0,0,0,1,Month-to-month,2,70.85,5518,70.85,1,0.2654,0.955,0.695905245,80%
5832-XKAES,Male,0,0,0,2,Month-to-month,1,69.8,620,139.6,1,0.2654,0.791,0.607088178,52%
3205-MXZRA,Male,0,0,0,26,One year,1,59.45,921,1545.7,0,0.2654,0.03,0.072229354,3%
4701-AHWMW,Male,0,1,0,55,Month-to-month,0,54.55,2572,3000.25,1,0.2654,0.64,0.161375701,34%
8317-BVKSO,Male,0,0,0,14,Month-to-month,2,20.05,2585,280.7,0,0.2654,0.02,0.162002343,11%
5702-KVQRD,Male,0,1,0,71,Two year,2,82.55,4808,5861.05,0,0.2654,0.01,0.015432987,1%
0083-PIVIK,Male,0,0,0,64,One year,2,81.25,4615,5200,0,0.2654,0.025,0.022062409,2%
9210-IAHGH,Female,0,0,0,7,Month-to-month,1,70.75,3829,495.25,1,0.2654,0.765,0.442526353,52%
6169-PGNCD,Female,0,0,0,57,Two year,1,74.3,3561,4235.1,0,0.2654,0.04,0.011247027,2%
0023-XUOPT,Female,0,1,0,13,Month-to-month,2,94.1,393,1223.3,1,0.2654,0.785,0.522259776,62%
4592-IWTJI,Female,0,1,1,3,Month-to-month,1,29.7,6347,89.1,1,0.2654,0.795,0.40153438,50%
4909-JOUPP,Male,1,1,0,72,Two year,1,109.7,5960,7898.4,0,0.2654,0.025,0.069460453,2%
4657-FWVFY,Female,0,1,1,40,Month-to-month,1,96.35,3353,3854,0,0.2654,0.23,0.409530883,23%
2257-BOVXD,Male,0,1,0,14,Month-to-month,1,66.6,6499,932.4,0,0.2654,0.165,0.408974486,19%
7729-JTEEC,Male,0,1,1,2,Month-to-month,2,44.5,6321,89,0,0.2654,0.18,0.450374792,40%
7632-MNYOY,Male,1,0,0,66,One year,1,110.9,5745,7319.4,1,0.2654,0.71,0.158949477,51%
6518-LGAOV,Female,0,1,0,38,Month-to-month,2,105,3445,3990,1,0.2654,0.4,0.521411153,55%
7242-QZLXF,Male,0,0,1,1,Month-to-month,2,25.3,2153,25.3,1,0.2654,0.815,0.564251488,70%
4576-CSAJH,Male,0,0,0,22,One year,1,55.15,360,1213.3,1,0.2654,0.06,0.077756661,6%
1000-AJSLD,Male,0,0,0,1,Month-to-month,3,20.1,1608,20.1,1,0.2654,0.82,0.262330801,61%
9696-RMYBA,Male,0,0,0,5,Month-to-month,3,80.1,3401,400.5,0,0.2654,0.205,0.677886099,46%
8690-UPCZI,Male,0,1,1,29,One year,0,69.05,1560,2002.45,0,0.2654,0.03,0.048536874,2%
1062-LHZOD,Male,0,1,1,1,Month-to-month,3,69.9,5454,69.9,1,0.2654,0.760380952,0.65866237,81%
9770-LXDBK,Female,0,0,0,3,Month-to-month,3,20.4,5090,61.2,0,0.2654,0.09,0.226438285,21%
4086-WITJG,Male,0,1,1,71,Two year,1,19.7,553,1398.7,0,0.2654,0,0.001501725,0%
8344-WFMFH,Male,0,0,1,9,Month-to-month,2,50.1,4085,450.9,0,0.2654,0.085,0.310529883,18%
9600-NAXZN,Male,0,0,0,43,Month-to-month,2,101.4,3855,4360.2,1,0.2654,0.935,0.524649574,81%
8822-KNBHV,Female,0,0,0,48,One year,1,83.45,3327,4005.6,0,0.2654,0.035,0.081756804,8%
8404-FYDIB,Male,0,0,0,26,Month-to-month,1,86.65,1839,2252.9,0,0.2654,0.42,0.356905967,36%
2791-SFVEW,Female,0,0,0,9,Month-to-month,0,20.15,2017,181.35,0,0.2654,0.115,0.140638693,15%
6457-USBER,Male,0,0,0,1,Month-to-month,2,80.8,6022,80.8,1,0.2654,0.935,0.748060469,89%
6762-NSODU,Female,0,1,1,46,Two year,1,19.4,6461,892.4,0,0.2654,0,0.006692446,0%
4662-EKDPQ,Male,0,0,0,2,Month-to-month,0,62.05,335,124.1,1,0.2654,0.72,0.459794695,44%
9248-OJYKK,Male,1,0,0,1,Month-to-month,2,76.45,5824,76.45,1,0.2654,1,0.775141606,93%
9888-ZCUMM,Male,0,1,1,64,Two year,0,60.05,3289,3843.2,0,0.2654,0.025,0.017013995,1%
3398-FSHON,Female,1,0,0,12,Month-to-month,2,91.3,188,1095.6,1,0.2654,0.83,0.656084796,89%
3319-DWOEP,Male,1,1,0,6,Month-to-month,2,95.75,4731,574.5,1,0.2654,0.655,0.769184422,69%
1074-WVEVG,Female,0,1,0,59,One year,3,20.35,488,1200.65,0,0.2654,0,0.007999213,1%
9979-RGMZT,Female,0,0,0,7,One year,3,94.05,5115,658.35,0,0.2654,0.125,0.529046515,34%
6437-UDQJM,Female,1,1,0,72,Two year,1,84.1,5002,6055.2,0,0.2654,0.025,0.025609865,1%
1226-IENZN,Male,1,0,0,16,Month-to-month,2,78.75,399,1260,0,0.2654,0.59,0.609168152,57%
2108-GLPQB,Male,0,1,0,25,Month-to-month,1,55.55,741,1388.75,0,0.2654,0.07,0.215317746,14%
9259-PACGQ,Female,0,1,0,34,Month-to-month,2,62.65,1911,2130.1,1,0.2654,0.65,0.077279903,25%
4415-IJZTP,Female,0,0,0,1,Month-to-month,2,74.5,5721,74.5,1,0.2654,0.955,0.744357078,90%
1465-VINDH,Female,0,1,1,10,Month-to-month,1,102.1,132,1021,1,0.2654,0.6,0.625735897,87%
5474-LAMUQ,Male,0,1,0,24,One year,3,20.1,4457,482.4,0,0.2654,0,0.045654738,1%
3468-DRVQJ,Female,0,1,1,10,One year,2,70.3,5351,703,0,0.2654,0.055,0.142988774,8%
1122-YJBCS,Male,0,1,0,69,One year,1,53.65,3262,3701.85,0,0.2654,0.02,0.013988322,2%
4990-ALDGW,Male,0,0,0,57,Two year,3,20.75,226,1182.75,0,0.2654,0.01,0.003771172,1%
4816-OKWNX,Male,0,1,1,50,One year,0,103.4,4389,5170,0,0.2654,0.255,0.143449233,34%
3315-IKYZQ,Male,0,1,1,28,One year,3,50.8,696,1422.4,0,0.2654,0.01,0.070040674,1%
2810-FTLEM,Female,0,0,0,16,Month-to-month,2,50.15,5836,802.4,1,0.2654,0.255,0.263004628,22%
4747-LCAQL,Male,0,0,0,25,Month-to-month,3,79,1503,1975,0,0.2654,0.03,0.172843605,8%
3411-WLRSQ,Female,1,1,0,3,Month-to-month,0,74.6,2025,223.8,0,0.2654,0.29,0.613986831,66%
0898-XCGTF,Male,0,1,0,61,One year,0,96.5,4687,5886.5,0,0.2654,0.12,0.258021917,13%
8006-PYCSW,Female,0,0,0,2,Month-to-month,3,20.1,3341,40.2,0,0.2654,0.00625,0.218410538,6%
8249-THVEC,Male,0,1,1,51,One year,3,19.4,6526,989.4,0,0.2654,0.015,0.012058528,1%
8722-PRFDV,Female,0,1,1,71,Two year,1,77.55,4617,5506.05,0,0.2654,0.02,0.012179745,1%
2164-SOQXL,Female,0,1,1,20,Month-to-month,3,20.05,3470,401,0,0.2654,0.02,0.094373218,3%
4020-KIUDI,Male,0,1,1,6,Month-to-month,1,19.85,687,119.1,0,0.2654,0.045,0.131444612,26%
5850-BDWCY,Female,0,0,0,6,Month-to-month,3,20.2,419,121.2,0,0.2654,0.035,0.167413554,8%
2038-YSEZE,Female,0,0,0,29,Month-to-month,3,67.45,1349,1956.05,0,0.2654,0.055,0.10272284,6%
0827-ITJPH,Male,0,0,0,36,Two year,1,18.55,5433,667.8,0,0.2654,0,0.015082273,0%
8799-OXZMD,Female,0,0,0,28,Month-to-month,3,29.75,5978,833,0,0.2654,0.05,0.370383269,16%
1925-TIBLE,Female,0,1,0,7,Month-to-month,2,86.5,4798,605.5,1,0.2654,0.905,0.746404566,81%
1705-GUHPV,Female,0,0,0,63,Two year,3,24.2,1083,1524.6,0,0.2654,0,0.004110274,0%
4779-ZGICK,Male,0,1,1,48,Two year,3,23.55,323,1130.4,0,0.2654,0.005,0.00632874,1%
0048-PIHNL,Female,0,1,0,49,One year,0,20.45,6329,1002.05,0,0.2654,0.01,0.01471291,5%
0818-OCPZO,Male,1,0,0,27,Month-to-month,2,81.45,1749,2199.15,1,0.2654,0.82,0.504037805,64%
3967-KXAPS,Male,0,1,0,72,Two year,1,92.3,5328,6645.6,0,0.2654,0,0.013335931,0%
1447-GIQMR,Male,0,1,0,1,Month-to-month,2,69.15,5441,69.15,1,0.2654,0.99,0.683809583,90%
3704-IEAXF,Female,0,1,1,72,Two year,1,53.65,3249,3862.8,0,0.2654,0.03,0.011846921,1%
6810-VCAEX,Female,0,0,0,47,One year,1,39.65,1339,1863.55,0,0.2654,0,0.024687617,2%
0674-EYYZV,Female,0,0,0,1,Month-to-month,2,54.65,4489,54.65,0,0.2654,0.32,0.52779527,65%
4480-MBMLB,Female,0,0,0,36,One year,0,104.8,3324,3772.8,0,0.2654,0.11,0.351972725,20%
1395-OFUWC,Male,0,1,1,43,Month-to-month,1,29.3,413,1259.9,0,0.2654,0.21,0.094531055,21%
0822-QGCXA,Female,1,1,0,27,Month-to-month,2,83.85,1948,2263.95,0,0.2654,0.08,0.264376325,23%
0872-NXJYS,Female,0,0,0,9,Month-to-month,2,79.55,5635,715.95,1,0.2654,0.8,0.69608191,59%
2832-KJCRD,Female,0,0,0,38,Month-to-month,2,103.65,3404,3938.7,0,0.2654,0.22,0.502522639,49%
3588-WSTTJ,Female,1,0,0,35,Month-to-month,2,99.05,3079,3466.75,0,0.2654,0.2,0.535578957,55%
4075-WKNIU,Female,0,1,1,0,Two year,3,73.35,0,0,0,0.2654,0.195,0.081828309,2%
5090-EMGTC,Female,0,1,0,59,Two year,3,100.05,4937,5902.95,0,0.2654,0.02,0.084893408,3%
2346-CZYIL,Male,0,0,0,27,Two year,1,20.35,4443,549.45,0,0.2654,0,0.016698473,0%
3798-EPWRR,Female,1,0,0,2,Month-to-month,2,43.95,6208,87.9,0,0.2654,0.18,0.454182997,54%
6258-NGCNG,Male,0,0,0,7,Month-to-month,3,23.5,1236,164.5,0,0.2654,0.095,0.193445486,10%
4186-ZBUEW,Female,0,0,0,36,One year,3,70.7,2173,2545.2,0,0.2654,0.315,0.11027118,23%
5274-XHAKY,Female,0,1,1,41,Month-to-month,0,94.3,3334,3866.3,0,0.2654,0.07,0.281508355,14%
1442-BQPVU,Female,0,0,0,13,Month-to-month,2,29.15,3091,378.95,0,0.2654,0.095,0.365120178,16%
3978-YNKDD,Male,0,0,1,19,Two year,1,20.85,3950,396.15,0,0.2654,0.02,0.020004056,1%
4940-KHCWD,Female,0,1,0,60,Two year,0,37.7,1927,2262,0,0.2654,0.005,0.006314929,1%
9412-ARGBX,Female,0,0,1,48,Two year,3,95.5,3926,4584,1,0.2654,0.67,0.062902426,47%
1389-CXMLU,Male,1,0,0,3,Month-to-month,2,91.05,2493,273.15,1,0.2654,0.86,0.691323858,65%
9589-ABEPT,Male,0,1,0,69,Two year,3,92.45,5191,6379.05,0,0.2654,0.01,0.052760216,2%
9388-ZEYVT,Male,0,0,0,43,One year,2,44.15,1533,1898.45,0,0.2654,0.02,0.07209546,3%
0305-SQECB,Female,0,0,1,11,One year,3,36.05,3440,396.55,0,0.2654,0.025,0.167894697,3%
7605-SNLQG,Female,0,1,0,45,Month-to-month,1,50.25,1857,2261.25,0,0.2654,0.13,0.123954319,18%
4670-TABXH,Male,0,1,0,72,Two year,1,109.75,5895,7902,0,0.2654,0.075,0.080460214,4%
5561-NWEVX,Female,1,1,0,2,Month-to-month,2,79.2,1227,158.4,1,0.2654,0.855,0.655012292,85%
0064-SUDOG,Female,0,1,1,12,Two year,0,20.3,1876,243.6,0,0.2654,0,0.025250045,1%
8561-NMTBD,Female,0,1,1,67,One year,1,112.35,5708,7527.45,0,0.2654,0.06,0.170886457,10%
5161-XEUVX,Male,0,1,0,37,Two year,3,94.3,2996,3489.1,0,0.2654,0.17,0.101883181,4%
8292-FRFZQ,Female,0,0,0,39,One year,0,41.15,1200,1604.85,0,0.2654,0.005,0.033992017,3%
8591-NXRCV,Female,0,0,0,41,Month-to-month,0,74.65,2687,3060.65,0,0.2654,0.055,0.130907842,12%
7895-VONWT,Female,0,0,0,25,Month-to-month,2,48.25,536,1206.25,0,0.2654,0.11,0.451865218,22%
4526-RMTLL,Male,0,1,1,8,Two year,1,76.15,5187,609.2,0,0.2654,0.045,0.076704695,2%
6253-GNHWH,Female,0,1,1,71,Two year,3,71.1,4378,5048.1,0,0.2654,0,0.005494153,1%
4566-NECEV,Male,0,0,0,5,Month-to-month,2,96.55,4237,482.75,0,0.2654,0.28,0.647497316,59%
8080-POTJR,Female,0,0,0,30,One year,1,79.3,2075,2379,0,0.2654,0.015,0.150197391,8%
6906-MPARY,Male,0,0,0,40,One year,1,89.6,3023,3584,0,0.2654,0.135,0.164301778,12%
3662-FXJFO,Female,0,0,0,54,Two year,3,20.5,74,1107,0,0.2654,0.015,0.006162023,2%
8107-RZLNV,Male,0,1,0,72,Two year,0,106.3,5809,7653.6,0,0.2654,0.05,0.104244858,10%
0516-OOHAR,Male,0,1,1,28,One year,0,100.35,2424,2809.8,0,0.2654,0.115,0.223678581,21%
2027-CWDNU,Male,0,1,1,18,Month-to-month,2,85.6,1062,1540.8,0,0.2654,0.115,0.451790236,29%
2737-WFVYW,Female,0,0,0,2,Month-to-month,2,45.25,6211,90.5,1,0.2654,0.9,0.74764201,81%
9912-OMZDS,Female,0,1,1,59,One year,2,106.15,5072,6262.85,0,0.2654,0.25,0.245307962,46%
3733-ZEECP,Male,0,1,1,22,Month-to-month,2,51.1,424,1124.2,0,0.2654,0.08,0.168198104,22%
7878-RTCZG,Female,0,0,0,1,Month-to-month,3,19.9,1492,19.9,0,0.2654,0.461404762,0.210170266,42%
2452-MRMZF,Female,1,1,0,72,Two year,1,25.7,1538,1850.4,0,0.2654,0,0.00451867,0%
2272-QAGFO,Female,1,0,0,14,Month-to-month,2,74.3,191,1040.2,1,0.2654,0.955,0.62740914,84%
7103-IPXPJ,Male,0,1,0,50,One year,2,99.4,4279,4970,0,0.2654,0.125,0.202137925,27%
4342-HFXWS,Female,0,1,1,48,One year,0,69.7,2627,3345.6,0,0.2654,0.1,0.021567383,7%
3545-CNWRG,Female,0,1,1,49,Month-to-month,2,98.35,4129,4819.15,0,0.2654,0.165,0.436098002,39%
1785-BPHTP,Male,0,1,1,28,Month-to-month,2,85.45,1928,2392.6,0,0.2654,0.15,0.358902991,43%
4989-LIXVT,Male,1,0,0,68,Month-to-month,2,95.9,5209,6521.2,0,0.2654,0.13,0.344865073,23%
7315-WYOAW,Male,0,0,0,13,Month-to-month,2,100.75,575,1309.75,0,0.2654,0.2,0.557810538,49%
1173-XZPYF,Female,0,0,0,11,Month-to-month,2,89.2,6513,981.2,0,0.2654,0.21,0.716848626,54%
9850-OWRHQ,Female,0,1,0,3,Month-to-month,1,74.1,1917,222.3,1,0.2654,0.95,0.687397281,79%
3768-NLUBH,Male,1,1,0,57,Month-to-month,2,100.6,4745,5734.2,1,0.2654,0.78,0.44233216,56%
8676-TRMJS,Male,0,0,0,3,Month-to-month,3,75,1718,225,1,0.2654,0.74,0.621001012,56%
2509-TFPJU,Male,0,1,0,72,Two year,1,25.75,1435,1854,0,0.2654,0.005,0.002644445,0%
9530-GRMJG,Male,0,1,1,70,Two year,2,84.1,4897,5887,0,0.2654,0,0.021445546,2%
6898-RBTLU,Female,0,1,1,49,Two year,0,79.3,3346,3885.7,0,0.2654,0.01,0.025694847,1%
5481-NTDOH,Female,1,1,0,67,One year,1,107.05,5600,7172.35,0,0.2654,0.085,0.224419936,16%
2068-WWXQZ,Male,0,0,0,46,Two year,0,20.05,6331,922.3,0,0.2654,0,0.007183538,1%
7359-SSBJK,Female,1,0,0,64,Two year,1,70.2,3801,4492.8,1,0.2654,0.64,0.010561612,13%
2061-VVFST,Female,0,1,0,37,Month-to-month,0,19.5,6041,721.5,0,0.2654,0.075,0.051569268,3%
0685-MLYYM,Female,1,0,0,2,Month-to-month,2,70.75,976,141.5,1,0.2654,0.87,0.600376774,67%
0749-IRGQE,Female,1,1,0,13,Month-to-month,2,45.3,4417,588.9,0,0.2654,0.2,0.604113982,40%
2380-DAMQP,Female,0,1,0,72,Two year,2,115.15,6159,8290.8,0,0.2654,0,0.046674197,1%
2256-YLYLP,Male,0,1,1,68,Two year,0,72.95,4196,4960.6,0,0.2654,0.03,0.01531028,11%
1272-ILHFG,Male,0,1,1,15,One year,3,19.65,2883,294.75,0,0.2654,0,0.052789177,2%
0164-XAIRP,Female,0,0,0,24,Two year,0,19.55,3982,469.2,0,0.2654,0,0.025122338,1%
5666-CYCYZ,Female,0,0,0,24,Month-to-month,2,89.55,1893,2149.2,0,0.2654,0.63,0.529274636,58%
4011-ARPHK,Male,0,0,0,27,Month-to-month,3,50.35,753,1359.45,0,0.2654,0.03,0.115974788,5%
8182-PNAGI,Male,0,0,0,12,Month-to-month,0,50.25,4865,603,1,0.2654,0.65,0.217429331,21%
6365-HITVU,Female,0,1,1,71,Two year,1,87.25,5112,6194.75,0,0.2654,0,0.008413331,0%
7558-IMLMT,Male,0,1,1,67,Two year,3,20.8,755,1393.6,0,0.2654,0.005,0.002903444,0%
9488-FYQAU,Female,0,1,0,63,Two year,0,109.25,5404,6882.75,0,0.2654,0.04,0.094525278,4%
3590-TCXTB,Male,0,0,0,1,Month-to-month,3,20.35,1613,20.35,0,0.2654,0.005,0.205413348,24%
6994-KERXL,Male,0,0,0,4,Month-to-month,2,55.9,2018,223.6,0,0.2654,0.285,0.494315911,37%
7957-RYHQD,Female,1,0,0,40,Month-to-month,1,79.2,2812,3168,1,0.2654,0.81,0.241369708,47%
2180-DXNEG,Female,0,0,0,12,Month-to-month,2,96,123,1152,1,0.2654,0.875,0.659991502,86%
1960-UOTYM,Male,0,1,1,52,Two year,2,79.2,3432,4118.4,0,0.2654,0.01,0.01658553,1%
2740-JFBOK,Male,0,0,0,10,Month-to-month,2,24,1896,240,0,0.2654,0.04,0.223799615,19%
6500-JVEGC,Male,0,0,0,68,One year,0,101.35,5580,6891.8,0,0.2654,0.085,0.078160069,9%
5515-AKOAJ,Female,0,0,0,54,Month-to-month,2,100.1,4523,5405.4,1,0.2654,0.675,0.418165746,61%
8976-OQHGT,Female,0,1,1,4,Month-to-month,3,56.5,1988,226,1,0.2654,0.725,0.22592553,40%
5245-VDBUR,Female,0,1,0,52,One year,3,35.45,1561,1843.4,0,0.2654,0.025,0.036876808,1%
6230-BSUXY,Female,1,0,0,1,Month-to-month,2,85,6206,85,1,0.2654,0.965,0.777579401,94%
8469-SNFFH,Male,0,1,0,70,One year,0,79.4,4590,5558,0,0.2654,0.005,0.015965091,4%
2144-ESWKO,Male,0,0,0,43,One year,1,35.2,859,1513.6,0,0.2654,0.005,0.059269715,2%
1241-FPMOF,Male,0,0,0,52,Two year,3,19.65,54,1021.8,0,0.2654,0.005,0.004539147,1%
9928-BZVLZ,Female,0,0,0,12,Two year,3,49.85,4583,598.2,0,0.2654,0.03,0.095041324,2%
4114-QMKVN,Female,0,1,1,56,One year,0,68.75,3270,3850,0,0.2654,0.04,0.029015175,5%
2775-SEFEE,Male,0,0,1,0,Two year,0,61.9,0,0,0,0.2654,0.18,0.05055866,3%
9003-CPATH,Male,0,0,0,42,Month-to-month,2,79.9,2878,3355.8,0,0.2654,0.345,0.31329369,31%
1754-GKYPY,Male,1,1,0,22,Month-to-month,0,89.75,1540,1974.5,0,0.2654,0.125,0.618675967,20%
5294-CDGWY,Male,0,1,1,51,One year,2,59.3,2612,3024.3,1,0.2654,0.665,0.051018681,33%
7956-XQWGU,Male,0,0,0,27,Month-to-month,1,19.4,3910,523.8,0,0.2654,0.01,0.095049698,4%
1591-MQJTP,Male,1,1,0,51,One year,0,93.65,4084,4776.15,0,0.2654,0.075,0.196726902,20%
5295-PCJOO,Male,0,0,1,4,Month-to-month,2,49.4,1397,197.6,1,0.2654,0.84,0.265337692,54%
2369-FEVNO,Male,0,0,0,1,Month-to-month,3,19.9,1492,19.9,0,0.2654,0.08625,0.260352822,51%
9863-JZAIC,Male,0,0,0,35,Month-to-month,3,55,1639,1925,1,0.2654,0.65,0.162073053,11%
7471-MQPOS,Male,1,1,1,71,One year,0,72.9,4323,5175.9,0,0.2654,0.125,0.031717803,5%
7660-HDPJV,Female,0,0,0,1,Month-to-month,2,69.2,5442,69.2,1,0.2654,0.995,0.687147963,92%
5115-SQAAU,Female,0,1,1,69,Two year,0,25.6,1160,1766.4,0,0.2654,0,0.003425712,0%
9845-QOMAD,Male,0,1,1,14,One year,3,19.75,2684,276.5,0,0.2654,0.005,0.054809703,2%
7672-VFMXZ,Male,0,1,0,57,Month-to-month,2,55.7,2756,3174.9,0,0.2654,0.085,0.031958995,12%
9739-JLPQJ,Female,0,1,1,72,Two year,1,117.5,6261,8460,0,0.2654,0.13,0.041309597,1%
9916-AYHTC,Male,0,0,0,48,Two year,1,19.85,6356,952.8,0,0.2654,0,0.006824996,1%
3855-ONCAR,Female,0,1,1,4,Month-to-month,3,78.9,2588,315.6,0,0.2654,0.165,0.646668225,52%
1488-SYSFC,Male,0,1,1,31,Month-to-month,2,20.65,5530,640.15,0,0.2654,0.035,0.081296184,7%
7931-PXHFC,Male,0,0,0,38,One year,3,62.3,1995,2367.4,1,0.2654,0.71,0.078244419,37%
3990-QYKBE,Male,1,1,0,37,Month-to-month,2,92.5,3007,3422.5,1,0.2654,0.47,0.608748231,41%
0970-QXPXW,Female,0,0,0,1,Month-to-month,3,19.65,1487,19.65,0,0.2654,0.0325,0.209192728,28%
3259-KNMRR,Male,1,0,0,57,Two year,0,79.75,3767,4545.75,0,0.2654,0.03,0.050312738,5%
6120-RJKLU,Female,1,1,0,62,Two year,1,79.95,4070,4956.9,0,0.2654,0.02,0.020934046,1%
9572-WUKSB,Male,0,1,0,3,Month-to-month,2,29.9,6367,89.7,0,0.2654,0.27,0.553805651,42%
5893-KCLGT,Female,0,0,1,72,Two year,3,19.75,1017,1422,0,0.2654,0.01,0.002266825,0%
0076-LVEPS,Male,0,0,1,29,Month-to-month,3,45,445,1305,0,0.2654,0.145,0.120721167,9%
3640-JQGJG,Male,0,1,1,13,Month-to-month,0,44.8,4628,582.4,0,0.2654,0.07,0.241560782,14%
4919-MOAVT,Male,0,0,1,3,Month-to-month,2,69.65,1822,208.95,1,0.2654,0.805,0.499994377,59%
1596-OQSPS,Female,0,0,0,11,Month-to-month,2,51.1,4441,562.1,0,0.2654,0.015,0.28205377,11%
9867-XOBQA,Female,0,0,1,21,Two year,3,53.15,342,1116.15,0,0.2654,0.005,0.034397681,1%
9546-KDTRB,Female,0,0,0,19,Month-to-month,0,24.7,3937,469.3,0,0.2654,0.13,0.12876008,9%
3090-HAWSU,Male,0,0,0,61,Two year,1,111.6,5424,6807.6,1,0.2654,0.11,0.081812202,6%
9820-RMCQV,Female,0,0,0,11,Month-to-month,1,48.55,4240,534.05,1,0.2654,0.66,0.21002681,17%
3174-RKMOW,Male,0,1,1,35,Month-to-month,2,109.95,3248,3848.25,0,0.2654,0.23,0.443558478,29%
1760-CAZHT,Male,0,0,1,25,Month-to-month,3,20.8,3909,520,0,0.2654,0,0.073899565,3%
7839-QRKXN,Female,0,0,0,1,Month-to-month,3,20.2,1610,20.2,1,0.2654,0.908392857,0.271606726,62%
8441-SHIPE,Female,0,0,0,67,Two year,0,25.6,1329,1715.2,0,0.2654,0,0.004385031,0%
5204-QZXPU,Male,0,0,0,19,Month-to-month,2,39.65,5683,753.35,1,0.2654,0.42,0.491713224,48%
4597-ELFTS,Male,0,0,0,56,One year,2,24.9,602,1394.4,1,0.2654,0.6,0.011150715,14%
1320-GVNHT,Male,0,1,1,72,Two year,1,108.4,5897,7804.8,0,0.2654,0.035,0.05884376,2%
1047-RNXZV,Male,0,0,0,43,Two year,3,19.55,6277,840.65,0,0.2654,0,0.009338437,0%
3541-ZNUHK,Female,0,1,1,55,Month-to-month,2,85.1,3912,4680.5,0,0.2654,0.22,0.185453616,27%
8450-JOVAH,Male,0,1,1,2,Month-to-month,3,56.7,251,113.4,1,0.2654,0.46,0.283543894,39%
8725-JEDFD,Male,0,0,0,27,Month-to-month,3,69.05,1333,1864.35,0,0.2654,0.1,0.420638734,16%
7562-UXTPG,Female,0,0,0,13,Month-to-month,3,70.15,6289,911.95,0,0.2654,0.195,0.618712067,37%
8071-SBTRN,Female,0,0,0,70,Two year,3,111.15,5887,7780.5,0,0.2654,0.14,0.089106578,4%
1113-IUJYX,Female,0,1,0,14,One year,3,105.95,636,1483.3,1,0.2654,0.78,0.206599989,57%
6668-CNMFP,Female,0,1,1,19,One year,0,89.35,1182,1697.65,0,0.2654,0.115,0.311221883,14%
5626-MGTUK,Female,0,0,0,20,Month-to-month,0,89.1,1452,1782,0,0.2654,0.22,0.471308817,27%
5681-LLOEI,Male,0,1,1,43,One year,1,91.25,3427,3923.75,0,0.2654,0.025,0.107503211,2%
8212-DJRCH,Male,0,1,1,5,Month-to-month,3,90.35,3690,451.75,0,0.2654,0.145,0.560086254,16%
4323-OHFOW,Female,1,1,0,70,One year,0,105.55,5620,7388.5,0,0.2654,0.055,0.185636377,8%
4933-BSAIP,Female,0,1,0,40,Two year,3,19.1,5915,764,0,0.2654,0,0.011207086,0%
2030-BTZRO,Male,0,1,1,6,Two year,1,20.4,136,122.4,0,0.2654,0.02,0.041938666,1%
1116-DXXDF,Male,0,0,0,39,Two year,2,100.45,3261,3917.55,0,0.2654,0.045,0.122087203,5%
9274-CNFMO,Male,1,1,0,4,Month-to-month,2,74.95,2674,299.8,1,0.2654,0.655,0.657969489,71%
7758-XKCBS,Male,0,0,0,15,Month-to-month,2,29.7,3720,445.5,1,0.2654,0.26,0.3814477,33%
8992-JQYUN,Male,0,1,0,1,Month-to-month,2,50.35,4227,50.35,1,0.2654,0.935,0.726972238,94%
6563-VNPMN,Female,1,0,0,45,Month-to-month,0,85.7,3243,3856.5,0,0.2654,0.22,0.169253653,10%
0617-AQNWT,Female,0,1,0,64,Two year,2,47.85,2737,3062.4,1,0.2654,0.02,0.011082901,1%
2267-WTPYD,Female,1,1,0,57,Month-to-month,1,94,4521,5358,0,0.2654,0.065,0.324709526,15%
0270-THENM,Male,0,1,1,72,Two year,0,69.85,4305,5029.2,0,0.2654,0,0.004173723,1%
2446-PLQVO,Male,0,0,0,1,Month-to-month,2,70.3,5507,70.3,1,0.2654,0.8475,0.683489074,78%
4707-MAXGU,Male,0,1,0,72,Two year,1,25.85,1446,1861.2,0,0.2654,0,0.002656487,0%
2710-WYVXG,Female,0,0,0,3,Two year,3,71.1,1751,213.3,0,0.2654,0.06,0.057686853,2%
3005-NFMTA,Male,1,0,0,55,Month-to-month,2,98.8,4651,5434,1,0.2654,0.405,0.40592086,38%
6300-BWMJX,Female,0,1,0,59,Month-to-month,2,93.35,4481,5507.65,0,0.2654,0.065,0.228431661,22%
8784-CGILN,Female,0,0,0,18,Month-to-month,0,99.85,1301,1797.3,1,0.2654,0.8,0.594778517,73%
5389-FFVKB,Male,1,1,0,32,Month-to-month,1,80.3,2130,2569.6,1,0.2654,0.78,0.510364014,42%
7009-LGECI,Female,0,0,0,4,Month-to-month,0,50.55,1991,202.2,0,0.2654,0.1,0.302942627,30%
8444-WRIDW,Female,1,0,0,66,Month-to-month,1,80.45,4376,5309.7,1,0.2654,0.715,0.243896498,30%
5022-KVDQT,Male,0,0,0,27,Month-to-month,2,81.3,1908,2195.1,0,0.2654,0.215,0.503472257,52%
7976-CICYS,Male,0,0,0,4,Month-to-month,1,20.7,6133,82.8,0,0.2654,0.025,0.26260328,9%
1036-GUDCL,Male,0,1,1,60,Month-to-month,1,79.05,3943,4743,0,0.2654,0.055,0.056377783,4%
2005-DWQZJ,Female,0,1,1,8,Two year,3,19.05,1637,152.4,0,0.2654,0.03,0.033397465,1%
8148-WOCMK,Male,0,1,1,8,Two year,1,19.6,454,156.8,0,0.2654,0,0.027901213,1%
7815-PDTHL,Male,0,0,0,35,Two year,3,20.2,5399,707,0,0.2654,0.005,0.01821859,1%
9451-LPGOO,Male,0,0,0,7,Month-to-month,2,86.8,5044,607.6,1,0.2654,0.93,0.758007368,82%
9173-IVZVP,Female,0,1,1,53,Two year,3,20.9,278,1107.7,0,0.2654,0,0.004128999,1%
9129-UXERG,Female,1,0,0,18,Month-to-month,1,103.6,1354,1864.8,0,0.2654,0.46,0.596255307,47%
3635-JBPSG,Female,0,0,0,15,Two year,3,38.8,4934,582,0,0.2654,0.05,0.194197616,5%
7964-ZRKKG,Male,0,1,0,67,One year,0,88.4,4779,5922.8,0,0.2654,0.04,0.13014593,12%
5868-YWPDW,Male,1,1,0,6,Month-to-month,2,84.2,4348,505.2,1,0.2654,0.84,0.692858864,73%
6229-LSCKB,Male,1,0,0,6,Month-to-month,2,79.7,4206,478.2,0,0.2654,0.215,0.702500022,62%
2025-JKFWI,Male,0,0,0,13,Month-to-month,3,99,554,1287,1,0.2654,0.905,0.636227127,78%
4078-SAYYN,Female,0,0,0,11,Month-to-month,2,100.75,247,1108.25,1,0.2654,0.99,0.724103944,95%
1724-IQWNM,Male,0,0,1,1,Month-to-month,3,19.3,1481,19.3,0,0.2654,0.225,0.224861505,42%
8217-QYOHV,Male,0,0,0,5,Month-to-month,3,55.75,2315,278.75,0,0.2654,0.11,0.247607457,12%
5546-QUERU,Male,0,0,0,13,One year,3,19.95,2225,259.35,0,0.2654,0,0.087482839,2%
9940-HPQPG,Female,0,1,0,9,Month-to-month,0,91.75,6255,825.75,1,0.2654,0.805,0.456160813,63%
6897-UUBNU,Male,0,0,0,29,Month-to-month,3,89.65,2270,2599.85,0,0.2654,0.13,0.287363536,15%
6127-IYJOZ,Male,1,0,0,1,Month-to-month,3,45.85,3825,45.85,0,0.2654,0.245,0.527470997,66%
6618-RYATB,Female,0,0,0,1,Month-to-month,3,79.55,5969,79.55,1,0.2654,0.945,0.748833825,91%
8930-XOTDP,Female,0,1,1,18,Month-to-month,3,55.95,165,1007.1,0,0.2654,0.295,0.241579555,15%
5916-QEWPT,Female,0,1,0,2,Month-to-month,1,69,868,138,0,0.2654,0.505,0.446616398,58%
5060-TQUQN,Male,0,1,1,30,Month-to-month,0,83.55,2229,2506.5,0,0.2654,0.31,0.293793993,31%
0531-XBKMM,Male,0,0,1,66,Two year,0,65.7,3717,4336.2,0,0.2654,0,0.004786708,1%
8465-SBRXP,Male,0,1,1,38,Two year,0,94.9,3125,3606.2,0,0.2654,0.06,0.101812154,5%
2408-PSJVE,Male,0,1,1,44,Month-to-month,3,61.9,2527,2723.6,0,0.2654,0.075,0.082413361,12%
9079-YEXQJ,Female,0,0,0,54,Month-to-month,2,111.1,4924,5999.4,1,0.2654,0.355,0.331213879,32%
9700-ZCLOT,Male,0,0,0,2,Month-to-month,3,20,2780,40,0,0.2654,0.01,0.205875606,9%
8738-JOKAR,Female,0,0,0,42,One year,3,67.7,2490,2843.4,0,0.2654,0.065,0.042976101,12%
4534-WGCIR,Female,0,1,1,58,Two year,1,25.15,923,1458.7,0,0.2654,0.005,0.00415966,1%
1930-WNXSB,Male,0,1,1,58,Month-to-month,2,92.85,4437,5385.3,0,0.2654,0.115,0.292234467,18%
2685-SREOM,Female,0,1,1,25,Month-to-month,2,89.1,2002,2227.5,1,0.2654,0.885,0.56380412,67%
3508-CFVZL,Female,0,0,0,71,Two year,3,111.3,6006,7902.3,0,0.2654,0.04,0.041587204,1%
0402-CQAJN,Female,0,0,0,37,Month-to-month,0,101.9,3072,3770.3,1,0.2654,0.79,0.508881106,50%
6692-UDPJC,Female,0,1,1,14,Month-to-month,2,91.65,552,1283.1,1,0.2654,0.58,0.533682843,48%
1273-MTETI,Female,1,0,0,4,Month-to-month,2,88.85,3204,355.4,1,0.2654,0.94,0.777168335,86%
0657-DOGUM,Female,0,1,0,48,One year,0,60.6,2581,2908.8,0,0.2654,0.01,0.036886146,11%
5480-HPRRX,Female,1,0,0,3,Month-to-month,2,25.3,5868,75.9,1,0.2654,0.845,0.602273593,79%
8792-AOROI,Female,0,1,0,8,Two year,3,65.5,4669,524,0,0.2654,0.045,0.068075347,1%
0295-PPHDO,Male,0,0,0,1,Month-to-month,2,95.45,6443,95.45,1,0.2654,0.98,0.821357916,95%
5146-YYFRZ,Male,0,0,0,67,Two year,0,19.95,572,1336.65,0,0.2654,0,0.002024452,0%
1195-OIYEJ,Male,0,0,0,13,Month-to-month,2,91.1,265,1184.3,1,0.2654,0.91,0.650741676,84%
5906-CVLHP,Female,0,1,1,45,One year,1,54.15,1953,2436.75,1,0.2654,0.59,0.031993735,16%
3452-SRFEG,Male,0,0,0,49,Month-to-month,0,74.6,3205,3655.4,0,0.2654,0.05,0.310907119,24%
4070-OKWVH,Female,0,1,0,52,Month-to-month,0,94.6,4255,4919.2,0,0.2654,0.1,0.286517533,18%
5297-MDOIR,Female,0,1,0,63,One year,1,81.15,4377,5112.45,0,0.2654,0,0.076825236,2%
6369-MCAKO,Female,0,1,1,68,Two year,0,89.05,5037,6055.4,0,0.2654,0,0.014971054,1%
4926-UMJZD,Female,0,1,0,31,Month-to-month,3,49.2,899,1525.2,0,0.2654,0.02,0.152833775,5%
6848-HJTXY,Female,0,1,0,64,Two year,1,19.45,381,1244.8,0,0.2654,0,0.002560871,0%
6341-AEVKX,Female,0,1,0,62,One year,2,104.3,5275,6466.6,0,0.2654,0.045,0.121991311,11%
4501-EQDRN,Female,0,0,0,1,Month-to-month,0,69.7,5450,69.7,1,0.2654,0.99,0.593456239,93%
2990-HWIML,Female,0,0,0,6,Month-to-month,2,89.5,4730,537,1,0.2654,0.825,0.741678985,63%
0682-USIXD,Female,0,1,0,21,Month-to-month,2,86.05,1373,1807.05,0,0.2654,0.14,0.462069633,30%
6976-BWGLQ,Female,0,1,1,72,Two year,0,25.2,1321,1814.4,0,0.2654,0,0.002145298,0%
7078-NVFAM,Female,0,1,1,32,Month-to-month,2,35.15,99,1124.8,0,0.2654,0.155,0.145709838,25%
8065-QBYTO,Female,1,0,0,71,One year,1,99.65,5617,7075.15,0,0.2654,0.085,0.086530873,1%
2133-TSRRM,Female,0,0,1,34,Month-to-month,0,105.35,3178,3581.9,0,0.2654,0.095,0.336447422,23%
7384-GHBPI,Male,0,1,0,3,Month-to-month,2,35.15,6511,105.45,1,0.2654,0.835,0.705922865,82%
7603-USHJS,Male,0,0,1,12,Month-to-month,1,73.75,6270,885,1,0.2654,0.825,0.607618966,60%
7234-FECYN,Female,1,0,0,8,Month-to-month,2,101.35,5919,810.8,1,0.2654,0.925,0.764968818,81%
2511-ALLCS,Female,0,1,1,35,Two year,0,24.3,6105,850.5,0,0.2654,0.005,0.014089002,1%
3191-CSNMG,Female,0,1,1,3,Month-to-month,2,80.7,2026,242.1,0,0.2654,0.16,0.646313567,64%
7952-OBOYL,Male,0,0,0,3,Month-to-month,3,89.85,2087,269.55,0,0.2654,0.25,0.584790943,39%
7470-DYNOE,Male,0,0,0,53,One year,2,61.1,2913,3238.3,0,0.2654,0.07,0.070304702,24%
7853-OETYL,Female,0,1,0,4,Month-to-month,2,29.05,529,116.2,0,0.2654,0.125,0.451653972,24%
1545-ACTAS,Female,0,1,1,48,One year,0,99.7,4210,4785.6,0,0.2654,0.125,0.165476386,18%
5876-HZVZM,Female,0,1,1,6,Month-to-month,1,55.9,3152,335.4,1,0.2654,0.72,0.188133547,14%
1400-MMYXY,Male,1,1,0,3,Month-to-month,2,105.9,2896,317.7,1,0.2654,0.96,0.780918759,91%
5126-RCXYW,Male,0,1,1,54,Two year,1,46,2071,2484,0,0.2654,0.005,0.020152503,2%
3085-QUOZK,Female,0,0,0,1,Month-to-month,3,43.95,3661,43.95,1,0.2654,0.69,0.404794222,36%
2363-BJLSL,Male,0,0,0,62,Month-to-month,0,80.4,4213,4984.8,0,0.2654,0.01,0.092008045,5%
1956-YIFGE,Male,0,1,1,22,One year,3,100.05,1720,2201.1,0,0.2654,0.13,0.341345251,27%
3926-CUQZX,Male,0,0,0,1,Month-to-month,0,45.1,3812,45.1,1,0.2654,0.865,0.446339656,63%
7921-LMDFQ,Male,1,0,0,51,One year,0,94,4158,4794,0,0.2654,0.065,0.258306133,13%
2925-MXLSX,Female,0,0,0,30,One year,1,68.95,1671,2068.5,0,0.2654,0.04,0.136133034,4%
5820-PTRYM,Female,1,1,0,56,One year,1,68.45,3428,3833.2,0,0.2654,0.01,0.029924998,4%
9609-BENEA,Male,0,1,0,35,One year,2,69,2094,2415,0,0.2654,0.045,0.091877542,9%
6211-WHMYA,Female,1,0,0,64,Month-to-month,2,43.85,2391,2806.4,0,0.2654,0.08,0.087046741,11%
4459-BBGHE,Male,0,0,1,30,Month-to-month,2,44.5,563,1335,0,0.2654,0.055,0.359691256,14%
9945-PSVIP,Female,0,1,1,25,Two year,3,18.7,3279,467.5,0,0.2654,0.015,0.022535411,1%
1041-RXHRA,Female,0,0,0,41,Month-to-month,0,70.25,2474,2880.25,1,0.2654,0.72,0.243372161,37%
1750-CSKKM,Male,0,0,1,9,Month-to-month,2,55.35,3806,498.15,1,0.2654,0.655,0.31847719,33%
9108-EJFJP,Female,0,1,0,1,Month-to-month,3,53.55,4433,53.55,0,0.2654,0.15,0.340162337,26%
0530-IJVDB,Male,0,0,1,70,Two year,2,114.6,5955,8022,0,0.2654,0.175,0.050586231,13%
0508-SQWPL,Female,0,1,1,57,Two year,0,20.1,171,1145.7,0,0.2654,0,0.003970589,2%
2215-ZAFGX,Male,0,0,0,9,Month-to-month,2,85.5,5981,769.5,0,0.2654,0.335,0.726444194,62%
8213-TAZPM,Female,0,1,1,69,One year,0,108.75,5766,7503.75,0,0.2654,0.025,0.140139607,12%
7142-HVGBG,Male,1,1,0,43,Month-to-month,2,103,3754,4429,1,0.2654,0.895,0.547710649,81%
1304-SEGFY,Female,0,1,0,72,Two year,2,97.85,5403,7045.2,0,0.2654,0.165,0.113035576,11%
7242-EDTYC,Male,0,0,1,44,Two year,0,19.55,6096,860.2,0,0.2654,0.01,0.006415521,0%
2904-GGUAZ,Female,0,1,0,72,Two year,0,84.05,4949,6051.6,0,0.2654,0.01,0.030427315,1%
8267-ZNYVZ,Female,0,1,0,33,One year,2,103.75,2917,3423.75,1,0.2654,0.835,0.205655774,44%
5136-GFPMB,Male,0,0,0,54,Month-to-month,1,89.4,4111,4827.6,0,0.2654,0.29,0.318238966,15%
2595-KIWPV,Male,0,0,1,27,Two year,1,19.7,4298,531.9,0,0.2654,0.01,0.013641106,0%
5243-SAOTC,Male,0,0,0,54,Month-to-month,0,79.85,3668,4311.9,0,0.2654,0.175,0.256924249,29%
9398-MMQTO,Male,0,0,0,3,Month-to-month,1,74.45,1842,223.35,0,0.2654,0.145,0.48351235,34%
7619-PLRLP,Female,0,1,0,53,One year,0,74.1,3280,3927.3,0,0.2654,0.02,0.039654127,11%
6457-GIRWB,Male,0,0,0,1,Month-to-month,2,69.35,5444,69.35,1,0.2654,1,0.67814623,90%
6508-NJYRO,Male,0,1,0,15,One year,3,18.8,2545,282,0,0.2654,0.01,0.06027128,2%
1450-SKCVI,Female,0,0,0,56,Month-to-month,2,73.85,3489,4135.6,1,0.2654,0.76,0.204252776,35%
4710-NKCAW,Male,0,1,1,5,Month-to-month,1,64.4,2742,322,0,0.2654,0.32,0.165735303,15%
5306-BVTKJ,Male,0,1,1,48,One year,1,55.8,2300,2678.4,0,0.2654,0.035,0.040258286,8%
0357-NVCRI,Female,0,0,1,25,Month-to-month,1,20.05,3989,501.25,0,0.2654,0,0.069388548,3%
5570-PTWEH,Female,0,1,0,3,Month-to-month,1,75.15,1776,225.45,1,0.2654,0.955,0.691102357,78%
2371-KFUOG,Male,0,0,0,58,One year,0,99.15,4724,5750.7,0,0.2654,0.13,0.094068208,21%
0463-ZSDNT,Male,0,0,0,10,Month-to-month,0,56.75,4259,567.5,0,0.2654,0.1,0.446595646,23%
6502-MJQAE,Male,0,0,0,1,Month-to-month,2,69.6,5448,69.6,1,0.2654,1,0.679421644,90%
6257-DTAYD,Male,0,1,0,71,Two year,1,104.15,5699,7394.65,0,0.2654,0.04,0.07628566,7%
4616-ULAOA,Female,0,1,1,65,Two year,1,110.8,5641,7202,0,0.2654,0.015,0.085517414,3%
7693-LCKZL,Male,0,1,1,5,Month-to-month,2,80.15,3295,400.75,1,0.2654,0.935,0.609609224,74%
7746-AWNQW,Female,0,0,0,28,Month-to-month,3,35.75,6470,1001,0,0.2654,0.08,0.308689472,13%
5996-EBTKM,Female,0,1,1,67,Two year,0,69.9,3918,4683.3,0,0.2654,0.015,0.017881542,4%
2758-RNWXS,Male,0,0,0,35,One year,2,89.2,2830,3122,0,0.2654,0.055,0.151709672,15%
2314-TNDJQ,Female,0,1,1,72,Two year,1,55.65,3320,4006.8,0,0.2654,0.01,0.006654691,0%
2405-LBMUW,Female,0,1,1,61,One year,0,50.7,2679,3092.7,0,0.2654,0.03,0.026575798,4%
3454-JFUBC,Male,1,0,0,68,Two year,1,20,721,1360,0,0.2654,0,0.003332333,0%
0032-PGELS,Female,0,1,1,1,Month-to-month,0,30.5,2593,30.5,1,0.2654,0.735,0.371670315,61%
9039-ZVJDC,Male,0,0,0,3,Month-to-month,3,19.1,4430,57.3,0,0.2654,0.095,0.266711204,8%
6797-LNAQX,Male,0,1,1,70,Two year,0,98.3,5416,6881,1,0.2654,0.66,0.057872633,25%
9013-AQORL,Female,0,0,1,48,Month-to-month,1,45.55,1738,2186.4,0,0.2654,0.11,0.125468162,25%
2898-MRKPI,Male,0,1,1,68,One year,1,101.05,5358,6871.4,0,0.2654,0.05,0.185133876,24%
2750-BJLSB,Female,0,0,0,47,One year,2,103.7,4000,4873.9,0,0.2654,0.125,0.154864597,15%
3648-GZPHF,Male,0,1,1,32,One year,3,36.25,287,1160,0,0.2654,0.015,0.096448261,5%
2075-RMJIK,Female,0,1,1,5,Month-to-month,3,49.4,1958,247,0,0.2654,0.165,0.287651762,16%
9588-YRFHY,Male,0,0,0,49,Two year,1,19.9,45,975.1,0,0.2654,0.01,0.006612737,1%
6394-MFYNG,Female,0,0,0,48,Month-to-month,0,107.4,4311,5155.2,1,0.2654,0.84,0.497923728,50%
1564-NTYXF,Female,1,0,0,13,Month-to-month,2,82,242,1066,1,0.2654,0.9,0.692025387,87%
9364-YKUVW,Male,0,0,0,15,Month-to-month,3,19.8,2685,297,0,0.2654,0.115,0.161907605,11%
5392-AKEMH,Female,0,0,0,12,Month-to-month,2,45.05,4381,540.6,0,0.2654,0.39,0.378621199,34%
2451-YMUXS,Male,1,0,0,67,Two year,0,64.55,3624,4324.85,0,0.2654,0.02,0.008550547,1%
3914-FDRHP,Male,0,0,0,9,Month-to-month,2,86.25,5870,776.25,0,0.2654,0.17,0.510224797,38%
3078-ZKNTS,Female,0,1,1,13,Two year,0,19.75,2111,256.75,0,0.2654,0.025,0.032996953,2%
1024-KPRBB,Female,0,0,0,38,One year,3,89.1,2899,3385.8,0,0.2654,0.095,0.325908855,21%
4690-PKDQG,Female,1,1,0,42,Month-to-month,2,95.55,3364,4013.1,0,0.2654,0.17,0.486046919,39%
8155-IBNHG,Female,0,1,0,24,Month-to-month,1,75.4,1268,1809.6,1,0.2654,0.78,0.522272949,43%
0886-QGENL,Female,1,1,0,27,Month-to-month,2,101.25,2394,2733.75,1,0.2654,0.795,0.530793918,62%
9547-ITEFG,Male,0,1,1,9,Month-to-month,1,102.6,6317,923.4,0,0.2654,0.22,0.692757616,47%
1264-FUHCX,Female,0,1,0,49,One year,1,56.3,2410,2758.7,0,0.2654,0.2,0.099073439,29%
7789-CRUVC,Female,1,1,0,61,Month-to-month,1,94.2,4837,5746.2,0,0.2654,0.035,0.166835321,4%
6598-KELSS,Male,0,0,1,50,One year,0,43.05,1838,2152.5,0,0.2654,0.02,0.039369533,4%
8739-WWKDU,Male,1,0,0,25,Month-to-month,2,89.5,1816,2237.5,1,0.2654,0.875,0.562043664,75%
8685-WHQPW,Female,1,0,0,22,Month-to-month,0,74.4,1192,1636.8,1,0.2654,0.78,0.552363997,50%
4745-LSPLO,Male,0,0,0,1,Month-to-month,3,20.5,1616,20.5,1,0.2654,0.685666667,0.205991638,34%
8083-YTZES,Male,0,0,0,4,Month-to-month,2,74.35,2295,297.4,1,0.2654,0.82,0.679375777,81%
7240-FQLHE,Female,1,1,0,18,Month-to-month,0,99.75,1389,1795.5,1,0.2654,0.435,0.56366722,50%
6664-FPDAC,Female,1,0,0,56,One year,2,111.95,5169,6269.2,1,0.2654,0.73,0.269987465,43%
9972-VAFJJ,Female,1,1,0,53,One year,2,94,4116,4982,0,0.2654,0.025,0.143875749,11%
0422-UXFAP,Female,0,1,0,51,One year,2,98.85,4192,5041.35,0,0.2654,0.095,0.325458009,20%
1904-WAJAA,Female,0,1,1,24,Two year,2,64.35,998,1544.4,0,0.2654,0.025,0.028776936,2%
5130-YPIRV,Female,0,1,0,62,Two year,1,72,3644,4464,0,0.2654,0.025,0.014488452,2%
2843-CQMEG,Male,0,0,0,24,Month-to-month,3,49.7,399,1192.8,0,0.2654,0.03,0.205023607,12%
6439-PKTRR,Female,0,1,1,70,Two year,2,80.7,4652,5649,0,0.2654,0.005,0.007531497,2%
5351-QESIO,Male,0,0,1,1,Month-to-month,3,24.2,2037,24.2,0,0.2654,0.065,0.487690649,38%
0786-VSSUD,Male,1,0,0,16,Month-to-month,3,39,5373,624,1,0.2654,0.75,0.528451951,53%
5568-DMXZS,Female,0,0,0,8,Month-to-month,2,65.45,4599,523.6,0,0.2654,0.06,0.33769976,12%
8468-FZTOE,Female,0,1,1,72,Two year,2,74.35,4390,5353.2,0,0.2654,0,0.007264883,1%
6633-SYEUS,Female,0,0,0,23,Month-to-month,0,83.2,1666,1913.6,0,0.2654,0.27,0.244825121,15%
6447-GORXK,Male,0,0,1,31,Month-to-month,1,25,5957,775,0,0.2654,0.185,0.213892332,11%
6967-PEJLL,Male,0,1,1,37,One year,2,40.2,949,1487.4,0,0.2654,0.01,0.051149292,3%
3976-BWUCK,Female,0,1,0,30,Month-to-month,1,94.1,2432,2823,1,0.2654,0.715,0.414844252,44%
5981-ZVXOT,Female,1,0,0,35,One year,2,108.35,3209,3792.25,0,0.2654,0.115,0.310400495,21%
1684-FLBGS,Female,0,1,1,23,Month-to-month,1,69.5,1132,1598.5,0,0.2654,0.07,0.211878382,11%
1389-WNUIB,Female,0,1,1,20,One year,0,76,1041,1520,0,0.2654,0.05,0.127573371,5%
0376-OIWME,Male,0,1,0,36,Month-to-month,2,93.6,2922,3369.6,0,0.2654,0.1,0.403680537,26%
3585-ISXZP,Female,0,0,0,8,Month-to-month,0,95.65,5901,765.2,1,0.2654,0.96,0.717245031,86%
0218-QNVAS,Male,0,1,1,71,One year,0,100.55,5583,7139.05,0,0.2654,0.1,0.125223228,9%
6583-QGCSI,Female,1,1,0,50,Month-to-month,2,88.05,3708,4402.5,1,0.2654,0.55,0.407502665,56%
0804-YGEQV,Female,0,1,1,43,One year,0,24.45,6518,1051.35,0,0.2654,0.015,0.029633969,5%
7164-BPTUT,Male,0,0,1,57,Two year,3,89.55,4245,5104.35,0,0.2654,0.005,0.015721317,0%
4174-LPGTI,Female,0,1,1,41,One year,0,66.5,2372,2726.5,1,0.2654,0.705,0.055918234,30%
2523-EWWZL,Female,0,1,0,27,Month-to-month,2,76.1,1722,2054.7,0,0.2654,0.125,0.406680726,36%
0928-XUTSN,Female,0,0,0,13,Month-to-month,2,80.5,27,1046.5,0,0.2654,0.195,0.61007005,29%
2108-XWMPY,Male,0,0,0,3,Month-to-month,3,35.45,118,106.35,1,0.2654,0.83,0.411131579,58%
0052-YNYOT,Female,0,0,0,67,One year,2,20.55,625,1376.85,0,0.2654,0.01,0.005176666,1%
6304-IJFSQ,Male,0,0,0,3,Month-to-month,3,49.9,546,149.7,1,0.2654,0.86,0.374411053,37%
9586-JGQKH,Female,0,1,0,64,Two year,0,105.4,5375,6745.6,0,0.2654,0.01,0.092602457,2%
4501-VCPFK,Male,0,0,0,26,Month-to-month,2,35.75,44,929.5,0,0.2654,0.04,0.189229734,9%
6075-SLNIL,Male,0,0,0,38,Month-to-month,1,95.1,3185,3613.8,0,0.2654,0.1,0.466143668,24%
9347-AERRL,Male,0,1,0,23,One year,1,19.3,4101,443.9,0,0.2654,0,0.041945641,1%
0093-XWZFY,Male,0,0,0,40,Month-to-month,1,104.5,3450,4180,1,0.2654,0.82,0.515175413,53%
2274-XUATA,Male,1,1,0,72,Two year,0,63.1,3964,4543.2,0,0.2654,0,0.015337124,1%
1980-KXVPM,Female,1,0,0,3,Month-to-month,1,75.05,2215,225.15,1,0.2654,0.97,0.722842023,80%
7703-ZEKEF,Male,0,0,0,23,Month-to-month,2,81,1520,1863,1,0.2654,0.76,0.528279415,56%
0723-DRCLG,Female,1,1,0,1,Month-to-month,2,74.45,5720,74.45,1,0.2654,0.855,0.779543459,90%
5482-NUPNA,Female,0,0,0,4,Month-to-month,3,60.4,2360,241.6,1,0.2654,0.73,0.226712148,20%
6691-CCIHA,Female,0,1,0,62,Two year,2,84.95,4330,5266.9,0,0.2654,0.01,0.022494688,1%
1685-BQULA,Female,0,0,0,40,Month-to-month,0,93.4,3226,3736,0,0.2654,0.18,0.409412365,21%
9053-EJUNL,Male,0,0,0,41,Month-to-month,2,89.2,3149,3657.2,0,0.2654,0.13,0.417152515,35%
0666-UXTJO,Male,1,1,0,34,Month-to-month,1,85.2,2481,2896.8,0,0.2654,0.1,0.469130874,38%
1471-GIQKQ,Female,0,0,0,1,Month-to-month,2,49.95,4148,49.95,0,0.2654,0.09,0.358246032,25%
4807-IZYOZ,Female,0,0,0,51,Two year,0,20.65,40,1053.15,0,0.2654,0.085,0.0044633,2%
1122-JWTJW,Male,0,1,1,1,Month-to-month,3,70.65,5514,70.65,1,0.2654,0.68,0.663126094,76%
9710-NJERN,Female,0,0,0,39,Two year,3,20.15,6116,785.85,0,0.2654,0,0.011889901,0%
9837-FWLCH,Male,0,1,1,12,Month-to-month,2,19.2,2024,230.4,0,0.2654,0.12,0.148360963,26%
1699-HPSBG,Male,0,0,0,12,One year,2,59.8,5651,717.6,1,0.2654,0.665,0.194900253,21%
7203-OYKCT,Male,0,0,0,72,One year,2,104.95,5796,7556.4,0,0.2654,0.045,0.203357547,13%
1035-IPQPU,Female,1,1,0,63,Month-to-month,2,103.5,5200,6520.5,0,0.2654,0.125,0.449994274,33%
7398-LXGYX,Male,0,1,0,44,Month-to-month,1,84.8,3135,3731.2,0,0.2654,0.05,0.280103644,20%
2823-LKABH,Female,0,0,0,18,Month-to-month,0,95.05,1166,1710.9,0,0.2654,0.3,0.540165979,24%
8775-CEBBJ,Female,0,0,0,9,Month-to-month,0,44.2,3448,397.8,1,0.2654,0.74,0.369171289,36%
0550-DCXLH,Male,0,0,0,13,Month-to-month,3,73.35,6401,953.55,0,0.2654,0.12,0.304212292,20%
9281-CEDRU,Female,0,1,0,68,Two year,0,64.1,3680,4358.8,0,0.2654,0.015,0.007762407,1%
2235-DWLJU,Female,1,0,0,6,Month-to-month,2,44.4,2278,266.4,0,0.2654,0.285,0.70556531,64%
0871-OPBXW,Female,0,0,0,2,Month-to-month,3,20.05,3338,40.1,0,0.2654,0.01625,0.278596033,9%
3605-JISKB,Male,1,1,0,55,One year,1,60,2880,3300,0,0.2654,0.045,0.028797658,11%
6894-LFHLY,Male,1,0,0,1,Month-to-month,2,75.75,5776,75.75,1,0.2654,0.99,0.771954426,91%
9767-FFLEM,Male,0,0,0,38,Month-to-month,1,69.5,2272,2641,0,0.2654,0.13,0.323614877,32%
0639-TSIQW,Female,0,0,0,67,Month-to-month,1,102.95,5431,6897.65,1,0.2654,0.185,0.23275912,17%
8456-QDAVC,Male,0,0,0,19,Month-to-month,0,78.7,892,1495.3,0,0.2654,0.1,0.497725911,36%
7750-EYXWZ,Female,0,0,0,12,One year,2,60.65,5741,727.8,0,0.2654,0.115,0.271064447,13%
2569-WGERO,Female,0,0,0,72,Two year,0,21.15,770,1522.8,0,0.2654,0,0.002455499,0%
6840-RESVB,Male,0,1,1,24,One year,3,84.8,1597,2035.2,0,0.2654,0.03,0.121156607,5%
2234-XADUH,Female,0,1,1,72,One year,1,103.2,5698,7430.4,0,0.2654,0.06,0.169138725,4%
4801-JZAZL,Female,0,1,1,11,Month-to-month,2,29.6,2994,325.6,0,0.2654,0.09,0.365822612,23%
8361-LTMKD,Male,1,1,0,4,Month-to-month,3,74.4,2660,297.6,1,0.2654,0.865,0.733656268,80%
3186-AJIEK,Male,0,0,0,66,Two year,0,105.65,5407,6972.9,0,0.2654,0.08,0.048983381,14%
